Email_Sent,Called,Name,Business_Type,Address,City,Country,Phone,Website,Email,Email_Status,Email_Source,Email_Confidence,Google_Rating,Review_Count,Source,Zone,Distance_To_Stadium,Email_Lucas,Email_Anthony,Email_Jacob,Email_Opened
FALSE,FALSE,Texas Live!,sports_bar,"1650 E Randol Mill Rd, Arlington, TX 76011, USA",Dallas-Arlington,USA,+1 817-852-6688,https://texas-live.com/,info@texas-live.com,accept_all,scraped_website,81,4.6,12301,seeded_real,texas_live_zone,0.6 miles,"Hi Texas Live! team,

There's a World Cup game 0.6 miles from Texas Live!, in less than 50 days, and 2× AT&T Stadium (160K) worth of fans coming to Dallas.

We're CrowdReady - a group of data scientists building actionable reports for Dallas businesses. We pulled the numbers for Texas Live! specifically:

- who's coming (countries, ages, spending profile)
- when they'll be near you, hour by hour, on game day
- a Facebook/Instagram ad you can launch before kickoff— copy, audience, budget
- a day-of plan: when to staff up, what to stock, what to price up
- the single move with the highest projected revenue for Texas Live!

Worth taking a look? I can send over a quick Texas Live! snapshot today with the key numbers and the clearest opportunity we see.

If it's useful, 15 minutes on Zoom and I'll show you how to deploy it.

Cheers,
Lucas","Hi Texas Live! team,

There's a World Cup game 0.6 miles from Texas Live!, in less than 50 days, and 2× AT&T Stadium (160K) worth of fans coming to Dallas.

We're CrowdReady - a group of data scientists building actionable reports for Dallas businesses. We pulled the numbers for Texas Live! specifically:

- who's coming (countries, ages, spending profile)
- when they'll be near you, hour by hour, on game day
- a Facebook/Instagram ad you can launch before kickoff— copy, audience, budget
- a day-of plan: when to staff up, what to stock, what to price up
- the single move with the highest projected revenue for Texas Live!

Worth taking a look? I can send over a quick Texas Live! snapshot today with the key numbers and the clearest opportunity we see.

If it's useful, 15 minutes on Zoom and I'll show you how to deploy it.

Cheers,
Anthony","Hi Texas Live! team,

There's a World Cup game 0.6 miles from Texas Live!, in less than 50 days, and 2× AT&T Stadium (160K) worth of fans coming to Dallas.

We're CrowdReady - a group of data scientists building actionable reports for Dallas businesses. We pulled the numbers for Texas Live! specifically:

- who's coming (countries, ages, spending profile)
- when they'll be near you, hour by hour, on game day
- a Facebook/Instagram ad you can launch before kickoff— copy, audience, budget
- a day-of plan: when to staff up, what to stock, what to price up
- the single move with the highest projected revenue for Texas Live!

Worth taking a look? I can send over a quick Texas Live! snapshot today with the key numbers and the clearest opportunity we see.

If it's useful, 15 minutes on Zoom and I'll show you how to deploy it.

Cheers,
Jacob",
FALSE,FALSE,The Tipsy Oak,sports_bar,"301 E Front St, Arlington, TX 76011, USA",Dallas-Arlington,USA,+1 817-962-0304,https://www.thetipsyoak.com/,info@thetipsyoak.com,accept_all,scraped_website,78,4.4,2640,seeded_real,texas_live_zone,0.5 miles,"Hi The Tipsy Oak team,

There's a World Cup game 0.5 miles from The Tipsy Oak, in less than 50 days, and 2× AT&T Stadium (160K) worth of fans coming to Dallas.

We're CrowdReady - a group of data scientists building actionable reports for Dallas businesses. We pulled the numbers for The Tipsy Oak specifically:

- who's coming (countries, ages, spending profile)
- when they'll be near you, hour by hour, on game day
- a Facebook/Instagram ad you can launch before kickoff— copy, audience, budget
- a day-of plan: when to staff up, what to stock, what to price up
- the single move with the highest projected revenue for The Tipsy Oak

Worth taking a look? I can send over a quick The Tipsy Oak snapshot today with the key numbers and the clearest opportunity we see.

If it's useful, 15 minutes on Zoom and I'll show you how to deploy it.

Cheers,
Lucas","Hi The Tipsy Oak team,

There's a World Cup game 0.5 miles from The Tipsy Oak, in less than 50 days, and 2× AT&T Stadium (160K) worth of fans coming to Dallas.

We're CrowdReady - a group of data scientists building actionable reports for Dallas businesses. We pulled the numbers for The Tipsy Oak specifically:

- who's coming (countries, ages, spending profile)
- when they'll be near you, hour by hour, on game day
- a Facebook/Instagram ad you can launch before kickoff— copy, audience, budget
- a day-of plan: when to staff up, what to stock, what to price up
- the single move with the highest projected revenue for The Tipsy Oak

Worth taking a look? I can send over a quick The Tipsy Oak snapshot today with the key numbers and the clearest opportunity we see.

If it's useful, 15 minutes on Zoom and I'll show you how to deploy it.

Cheers,
Anthony","Hi The Tipsy Oak team,

There's a World Cup game 0.5 miles from The Tipsy Oak, in less than 50 days, and 2× AT&T Stadium (160K) worth of fans coming to Dallas.

We're CrowdReady - a group of data scientists building actionable reports for Dallas businesses. We pulled the numbers for The Tipsy Oak specifically:

- who's coming (countries, ages, spending profile)
- when they'll be near you, hour by hour, on game day
- a Facebook/Instagram ad you can launch before kickoff— copy, audience, budget
- a day-of plan: when to staff up, what to stock, what to price up
- the single move with the highest projected revenue for The Tipsy Oak

Worth taking a look? I can send over a quick The Tipsy Oak snapshot today with the key numbers and the clearest opportunity we see.

If it's useful, 15 minutes on Zoom and I'll show you how to deploy it.

Cheers,
Jacob",
FALSE,FALSE,PBR Texas,sports_bar,"1650 E Randol Mill Rd #150, Arlington, TX 76011, USA",Dallas-Arlington,USA,+1 817-769-1749,http://texas-live.com/eat-and-drink/pbr-texas,events@texas-live.com,accept_all,hunter_search,79,4.3,372,seeded_real,texas_live_zone,0.6 miles,"Hi PBR Texas team,

There's a World Cup game 0.6 miles from PBR Texas, in less than 50 days, and 2× AT&T Stadium (160K) worth of fans coming to Dallas.

We're CrowdReady - a group of data scientists building actionable reports for Dallas businesses. We pulled the numbers for PBR Texas specifically:

- who's coming (countries, ages, spending profile)
- when they'll be near you, hour by hour, on game day
- a Facebook/Instagram ad you can launch before kickoff— copy, audience, budget
- a day-of plan: when to staff up, what to stock, what to price up
- the single move with the highest projected revenue for PBR Texas

Worth taking a look? I can send over a quick PBR Texas snapshot today with the key numbers and the clearest opportunity we see.

If it's useful, 15 minutes on Zoom and I'll show you how to deploy it.

Cheers,
Lucas","Hi PBR Texas team,

There's a World Cup game 0.6 miles from PBR Texas, in less than 50 days, and 2× AT&T Stadium (160K) worth of fans coming to Dallas.

We're CrowdReady - a group of data scientists building actionable reports for Dallas businesses. We pulled the numbers for PBR Texas specifically:

- who's coming (countries, ages, spending profile)
- when they'll be near you, hour by hour, on game day
- a Facebook/Instagram ad you can launch before kickoff— copy, audience, budget
- a day-of plan: when to staff up, what to stock, what to price up
- the single move with the highest projected revenue for PBR Texas

Worth taking a look? I can send over a quick PBR Texas snapshot today with the key numbers and the clearest opportunity we see.

If it's useful, 15 minutes on Zoom and I'll show you how to deploy it.

Cheers,
Anthony","Hi PBR Texas team,

There's a World Cup game 0.6 miles from PBR Texas, in less than 50 days, and 2× AT&T Stadium (160K) worth of fans coming to Dallas.

We're CrowdReady - a group of data scientists building actionable reports for Dallas businesses. We pulled the numbers for PBR Texas specifically:

- who's coming (countries, ages, spending profile)
- when they'll be near you, hour by hour, on game day
- a Facebook/Instagram ad you can launch before kickoff— copy, audience, budget
- a day-of plan: when to staff up, what to stock, what to price up
- the single move with the highest projected revenue for PBR Texas

Worth taking a look? I can send over a quick PBR Texas snapshot today with the key numbers and the clearest opportunity we see.

If it's useful, 15 minutes on Zoom and I'll show you how to deploy it.

Cheers,
Jacob",
FALSE,FALSE,Troy's,sports_bar,"1650 E Randol Mill Rd #100, Arlington, TX 76011, USA",Dallas-Arlington,USA,+1 817-769-1551,https://texas-live.com/eat-and-drink/troys,events@texas-live.com,accept_all,hunter_search,79,4.2,491,seeded_real,texas_live_zone,0.7 miles,"Hi Troy's team,

There's a World Cup game 0.7 miles from Troy's, in less than 50 days, and 2× AT&T Stadium (160K) worth of fans coming to Dallas.

We're CrowdReady - a group of data scientists building actionable reports for Dallas businesses. We pulled the numbers for Troy's specifically:

- who's coming (countries, ages, spending profile)
- when they'll be near you, hour by hour, on game day
- a Facebook/Instagram ad you can launch before kickoff— copy, audience, budget
- a day-of plan: when to staff up, what to stock, what to price up
- the single move with the highest projected revenue for Troy's

Worth taking a look? I can send over a quick Troy's snapshot today with the key numbers and the clearest opportunity we see.

If it's useful, 15 minutes on Zoom and I'll show you how to deploy it.

Cheers,
Lucas","Hi Troy's team,

There's a World Cup game 0.7 miles from Troy's, in less than 50 days, and 2× AT&T Stadium (160K) worth of fans coming to Dallas.

We're CrowdReady - a group of data scientists building actionable reports for Dallas businesses. We pulled the numbers for Troy's specifically:

- who's coming (countries, ages, spending profile)
- when they'll be near you, hour by hour, on game day
- a Facebook/Instagram ad you can launch before kickoff— copy, audience, budget
- a day-of plan: when to staff up, what to stock, what to price up
- the single move with the highest projected revenue for Troy's

Worth taking a look? I can send over a quick Troy's snapshot today with the key numbers and the clearest opportunity we see.

If it's useful, 15 minutes on Zoom and I'll show you how to deploy it.

Cheers,
Anthony","Hi Troy's team,

There's a World Cup game 0.7 miles from Troy's, in less than 50 days, and 2× AT&T Stadium (160K) worth of fans coming to Dallas.

We're CrowdReady - a group of data scientists building actionable reports for Dallas businesses. We pulled the numbers for Troy's specifically:

- who's coming (countries, ages, spending profile)
- when they'll be near you, hour by hour, on game day
- a Facebook/Instagram ad you can launch before kickoff— copy, audience, budget
- a day-of plan: when to staff up, what to stock, what to price up
- the single move with the highest projected revenue for Troy's

Worth taking a look? I can send over a quick Troy's snapshot today with the key numbers and the clearest opportunity we see.

If it's useful, 15 minutes on Zoom and I'll show you how to deploy it.

Cheers,
Jacob",
FALSE,FALSE,Miller Tavern & Beer Garden,sports_bar,"1650 E Randol Mill Rd #110, Arlington, TX 76011, USA",Dallas-Arlington,USA,+1 817-769-1552,https://texas-live.com/eat-and-drink/miller-tavern-and-beer-garden,events@texas-live.com,accept_all,hunter_search,79,4.2,159,seeded_real,texas_live_zone,0.7 miles,"Hi Miller Tavern & Beer Garden team,

There's a World Cup game 0.7 miles from Miller Tavern & Beer Garden, in less than 50 days, and 2× AT&T Stadium (160K) worth of fans coming to Dallas.

We're CrowdReady - a group of data scientists building actionable reports for Dallas businesses. We pulled the numbers for Miller Tavern & Beer Garden specifically:

- who's coming (countries, ages, spending profile)
- when they'll be near you, hour by hour, on game day
- a Facebook/Instagram ad you can launch before kickoff— copy, audience, budget
- a day-of plan: when to staff up, what to stock, what to price up
- the single move with the highest projected revenue for Miller Tavern & Beer Garden

Worth taking a look? I can send over a quick Miller Tavern & Beer Garden snapshot today with the key numbers and the clearest opportunity we see.

If it's useful, 15 minutes on Zoom and I'll show you how to deploy it.

Cheers,
Lucas","Hi Miller Tavern & Beer Garden team,

There's a World Cup game 0.7 miles from Miller Tavern & Beer Garden, in less than 50 days, and 2× AT&T Stadium (160K) worth of fans coming to Dallas.

We're CrowdReady - a group of data scientists building actionable reports for Dallas businesses. We pulled the numbers for Miller Tavern & Beer Garden specifically:

- who's coming (countries, ages, spending profile)
- when they'll be near you, hour by hour, on game day
- a Facebook/Instagram ad you can launch before kickoff— copy, audience, budget
- a day-of plan: when to staff up, what to stock, what to price up
- the single move with the highest projected revenue for Miller Tavern & Beer Garden

Worth taking a look? I can send over a quick Miller Tavern & Beer Garden snapshot today with the key numbers and the clearest opportunity we see.

If it's useful, 15 minutes on Zoom and I'll show you how to deploy it.

Cheers,
Anthony","Hi Miller Tavern & Beer Garden team,

There's a World Cup game 0.7 miles from Miller Tavern & Beer Garden, in less than 50 days, and 2× AT&T Stadium (160K) worth of fans coming to Dallas.

We're CrowdReady - a group of data scientists building actionable reports for Dallas businesses. We pulled the numbers for Miller Tavern & Beer Garden specifically:

- who's coming (countries, ages, spending profile)
- when they'll be near you, hour by hour, on game day
- a Facebook/Instagram ad you can launch before kickoff— copy, audience, budget
- a day-of plan: when to staff up, what to stock, what to price up
- the single move with the highest projected revenue for Miller Tavern & Beer Garden

Worth taking a look? I can send over a quick Miller Tavern & Beer Garden snapshot today with the key numbers and the clearest opportunity we see.

If it's useful, 15 minutes on Zoom and I'll show you how to deploy it.

Cheers,
Jacob",
FALSE,FALSE,Happiest Hour,sports_bar,"2616 Olive St, Dallas, TX 75201, USA",Dallas-Arlington,USA,+1 972-528-0067,https://www.happiesthourdallas.com/,hello@happiesthourdallas.com,valid,hunter_search,99,4.5,5103,seeded_real,downtown_zone,16 miles,"Hi Happiest Hour team,

There's a World Cup game 16 miles from Happiest Hour, in less than 50 days, and 2× AT&T Stadium (160K) worth of fans coming to Dallas.

We're CrowdReady - a group of data scientists building actionable reports for Dallas businesses. We pulled the numbers for Happiest Hour specifically:

- who's coming (countries, ages, spending profile)
- when they'll be near you, hour by hour, on game day
- a Facebook/Instagram ad you can launch before kickoff— copy, audience, budget
- a day-of plan: when to staff up, what to stock, what to price up
- the single move with the highest projected revenue for Happiest Hour

Worth taking a look? I can send over a quick Happiest Hour snapshot today with the key numbers and the clearest opportunity we see.

If it's useful, 15 minutes on Zoom and I'll show you how to deploy it.

Cheers,
Lucas","Hi Happiest Hour team,

There's a World Cup game 16 miles from Happiest Hour, in less than 50 days, and 2× AT&T Stadium (160K) worth of fans coming to Dallas.

We're CrowdReady - a group of data scientists building actionable reports for Dallas businesses. We pulled the numbers for Happiest Hour specifically:

- who's coming (countries, ages, spending profile)
- when they'll be near you, hour by hour, on game day
- a Facebook/Instagram ad you can launch before kickoff— copy, audience, budget
- a day-of plan: when to staff up, what to stock, what to price up
- the single move with the highest projected revenue for Happiest Hour

Worth taking a look? I can send over a quick Happiest Hour snapshot today with the key numbers and the clearest opportunity we see.

If it's useful, 15 minutes on Zoom and I'll show you how to deploy it.

Cheers,
Anthony","Hi Happiest Hour team,

There's a World Cup game 16 miles from Happiest Hour, in less than 50 days, and 2× AT&T Stadium (160K) worth of fans coming to Dallas.

We're CrowdReady - a group of data scientists building actionable reports for Dallas businesses. We pulled the numbers for Happiest Hour specifically:

- who's coming (countries, ages, spending profile)
- when they'll be near you, hour by hour, on game day
- a Facebook/Instagram ad you can launch before kickoff— copy, audience, budget
- a day-of plan: when to staff up, what to stock, what to price up
- the single move with the highest projected revenue for Happiest Hour

Worth taking a look? I can send over a quick Happiest Hour snapshot today with the key numbers and the clearest opportunity we see.

If it's useful, 15 minutes on Zoom and I'll show you how to deploy it.

Cheers,
Jacob",
FALSE,FALSE,The Statler Dallas,hotel,"1914 Commerce St, Dallas, TX 75201, USA",Dallas-Arlington,USA,+1 214-459-3930,https://www.hilton.com/en/hotels/dfwstqq-the-statler-dallas/?SEO_id=GMB-AMER-QQ-DFWSTQQ&y_source=1_ODMxODAxNi03MTUtbG9jYXRpb24ud2Vic2l0ZQ%3D%3D,williams.sharona@hilton.com,valid,hunter_search,99,4.4,3013,seeded_real,downtown_zone,18 miles,"Hi The Statler Dallas team,

There's a World Cup game 18 miles from The Statler Dallas, in less than 50 days, and 2× AT&T Stadium (160K) worth of fans coming to Dallas.

We're CrowdReady - a group of data scientists building actionable reports for Dallas businesses. We pulled the numbers for The Statler Dallas specifically:

- who's coming (countries, ages, spending profile)
- when they'll be near you, hour by hour, on game day
- a Facebook/Instagram ad you can launch before kickoff— copy, audience, budget
- a day-of plan: when to staff up, what to stock, what to price up
- the single move with the highest projected revenue for The Statler Dallas

Worth taking a look? I can send over a quick The Statler Dallas snapshot today with the key numbers and the clearest opportunity we see.

If it's useful, 15 minutes on Zoom and I'll show you how to deploy it.

Cheers,
Lucas","Hi The Statler Dallas team,

There's a World Cup game 18 miles from The Statler Dallas, in less than 50 days, and 2× AT&T Stadium (160K) worth of fans coming to Dallas.

We're CrowdReady - a group of data scientists building actionable reports for Dallas businesses. We pulled the numbers for The Statler Dallas specifically:

- who's coming (countries, ages, spending profile)
- when they'll be near you, hour by hour, on game day
- a Facebook/Instagram ad you can launch before kickoff— copy, audience, budget
- a day-of plan: when to staff up, what to stock, what to price up
- the single move with the highest projected revenue for The Statler Dallas

Worth taking a look? I can send over a quick The Statler Dallas snapshot today with the key numbers and the clearest opportunity we see.

If it's useful, 15 minutes on Zoom and I'll show you how to deploy it.

Cheers,
Anthony","Hi The Statler Dallas team,

There's a World Cup game 18 miles from The Statler Dallas, in less than 50 days, and 2× AT&T Stadium (160K) worth of fans coming to Dallas.

We're CrowdReady - a group of data scientists building actionable reports for Dallas businesses. We pulled the numbers for The Statler Dallas specifically:

- who's coming (countries, ages, spending profile)
- when they'll be near you, hour by hour, on game day
- a Facebook/Instagram ad you can launch before kickoff— copy, audience, budget
- a day-of plan: when to staff up, what to stock, what to price up
- the single move with the highest projected revenue for The Statler Dallas

Worth taking a look? I can send over a quick The Statler Dallas snapshot today with the key numbers and the clearest opportunity we see.

If it's useful, 15 minutes on Zoom and I'll show you how to deploy it.

Cheers,
Jacob",
FALSE,FALSE,The Joule,hotel_bar,"1530 Main St STE 100, Dallas, TX 75201, USA",Dallas-Arlington,USA,+1 214-748-1300,https://www.thejouledallas.com/,info@thejouledallas.com,valid,scraped_website,100,4.5,1802,seeded_real,downtown_zone,17 miles,"Hi The Joule team,

There's a World Cup game 17 miles from The Joule, in less than 50 days, and 2× AT&T Stadium (160K) worth of fans coming to Dallas.

We're CrowdReady - a group of data scientists building actionable reports for Dallas businesses. We pulled the numbers for The Joule specifically:

- who's coming (countries, ages, spending profile)
- when they'll be near you, hour by hour, on game day
- a Facebook/Instagram ad you can launch before kickoff— copy, audience, budget
- a day-of plan: when to staff up, what to stock, what to price up
- the single move with the highest projected revenue for The Joule

Worth taking a look? I can send over a quick The Joule snapshot today with the key numbers and the clearest opportunity we see.

If it's useful, 15 minutes on Zoom and I'll show you how to deploy it.

Cheers,
Lucas","Hi The Joule team,

There's a World Cup game 17 miles from The Joule, in less than 50 days, and 2× AT&T Stadium (160K) worth of fans coming to Dallas.

We're CrowdReady - a group of data scientists building actionable reports for Dallas businesses. We pulled the numbers for The Joule specifically:

- who's coming (countries, ages, spending profile)
- when they'll be near you, hour by hour, on game day
- a Facebook/Instagram ad you can launch before kickoff— copy, audience, budget
- a day-of plan: when to staff up, what to stock, what to price up
- the single move with the highest projected revenue for The Joule

Worth taking a look? I can send over a quick The Joule snapshot today with the key numbers and the clearest opportunity we see.

If it's useful, 15 minutes on Zoom and I'll show you how to deploy it.

Cheers,
Anthony","Hi The Joule team,

There's a World Cup game 17 miles from The Joule, in less than 50 days, and 2× AT&T Stadium (160K) worth of fans coming to Dallas.

We're CrowdReady - a group of data scientists building actionable reports for Dallas businesses. We pulled the numbers for The Joule specifically:

- who's coming (countries, ages, spending profile)
- when they'll be near you, hour by hour, on game day
- a Facebook/Instagram ad you can launch before kickoff— copy, audience, budget
- a day-of plan: when to staff up, what to stock, what to price up
- the single move with the highest projected revenue for The Joule

Worth taking a look? I can send over a quick The Joule snapshot today with the key numbers and the clearest opportunity we see.

If it's useful, 15 minutes on Zoom and I'll show you how to deploy it.

Cheers,
Jacob",
FALSE,FALSE,The Rustic,sports_bar,"3656 Howell St, Dallas, TX 75204, USA",Dallas-Arlington,USA,+1 214-730-0596,https://therustic.com/,events@therustic.com,valid,hunter_search,95,4.5,6132,seeded_real,uptown_zone,17 miles,"Hi The Rustic team,

There's a World Cup game 17 miles from The Rustic, in less than 50 days, and 2× AT&T Stadium (160K) worth of fans coming to Dallas.

We're CrowdReady - a group of data scientists building actionable reports for Dallas businesses. We pulled the numbers for The Rustic specifically:

- who's coming (countries, ages, spending profile)
- when they'll be near you, hour by hour, on game day
- a Facebook/Instagram ad you can launch before kickoff— copy, audience, budget
- a day-of plan: when to staff up, what to stock, what to price up
- the single move with the highest projected revenue for The Rustic

Worth taking a look? I can send over a quick The Rustic snapshot today with the key numbers and the clearest opportunity we see.

If it's useful, 15 minutes on Zoom and I'll show you how to deploy it.

Cheers,
Lucas","Hi The Rustic team,

There's a World Cup game 17 miles from The Rustic, in less than 50 days, and 2× AT&T Stadium (160K) worth of fans coming to Dallas.

We're CrowdReady - a group of data scientists building actionable reports for Dallas businesses. We pulled the numbers for The Rustic specifically:

- who's coming (countries, ages, spending profile)
- when they'll be near you, hour by hour, on game day
- a Facebook/Instagram ad you can launch before kickoff— copy, audience, budget
- a day-of plan: when to staff up, what to stock, what to price up
- the single move with the highest projected revenue for The Rustic

Worth taking a look? I can send over a quick The Rustic snapshot today with the key numbers and the clearest opportunity we see.

If it's useful, 15 minutes on Zoom and I'll show you how to deploy it.

Cheers,
Anthony","Hi The Rustic team,

There's a World Cup game 17 miles from The Rustic, in less than 50 days, and 2× AT&T Stadium (160K) worth of fans coming to Dallas.

We're CrowdReady - a group of data scientists building actionable reports for Dallas businesses. We pulled the numbers for The Rustic specifically:

- who's coming (countries, ages, spending profile)
- when they'll be near you, hour by hour, on game day
- a Facebook/Instagram ad you can launch before kickoff— copy, audience, budget
- a day-of plan: when to staff up, what to stock, what to price up
- the single move with the highest projected revenue for The Rustic

Worth taking a look? I can send over a quick The Rustic snapshot today with the key numbers and the clearest opportunity we see.

If it's useful, 15 minutes on Zoom and I'll show you how to deploy it.

Cheers,
Jacob",
FALSE,FALSE,Katy Trail Ice House,sports_bar,"3127 Routh St, Dallas, TX 75201, USA",Dallas-Arlington,USA,+1 214-468-0600,http://katyicehouse.com/,r.menke@katyicehouse.com,valid,hunter_search,98,4.6,3796,seeded_real,uptown_zone,18 miles,"Hi Katy Trail Ice House team,

There's a World Cup game 18 miles from Katy Trail Ice House, in less than 50 days, and 2× AT&T Stadium (160K) worth of fans coming to Dallas.

We're CrowdReady - a group of data scientists building actionable reports for Dallas businesses. We pulled the numbers for Katy Trail Ice House specifically:

- who's coming (countries, ages, spending profile)
- when they'll be near you, hour by hour, on game day
- a Facebook/Instagram ad you can launch before kickoff— copy, audience, budget
- a day-of plan: when to staff up, what to stock, what to price up
- the single move with the highest projected revenue for Katy Trail Ice House

Worth taking a look? I can send over a quick Katy Trail Ice House snapshot today with the key numbers and the clearest opportunity we see.

If it's useful, 15 minutes on Zoom and I'll show you how to deploy it.

Cheers,
Lucas","Hi Katy Trail Ice House team,

There's a World Cup game 18 miles from Katy Trail Ice House, in less than 50 days, and 2× AT&T Stadium (160K) worth of fans coming to Dallas.

We're CrowdReady - a group of data scientists building actionable reports for Dallas businesses. We pulled the numbers for Katy Trail Ice House specifically:

- who's coming (countries, ages, spending profile)
- when they'll be near you, hour by hour, on game day
- a Facebook/Instagram ad you can launch before kickoff— copy, audience, budget
- a day-of plan: when to staff up, what to stock, what to price up
- the single move with the highest projected revenue for Katy Trail Ice House

Worth taking a look? I can send over a quick Katy Trail Ice House snapshot today with the key numbers and the clearest opportunity we see.

If it's useful, 15 minutes on Zoom and I'll show you how to deploy it.

Cheers,
Anthony","Hi Katy Trail Ice House team,

There's a World Cup game 18 miles from Katy Trail Ice House, in less than 50 days, and 2× AT&T Stadium (160K) worth of fans coming to Dallas.

We're CrowdReady - a group of data scientists building actionable reports for Dallas businesses. We pulled the numbers for Katy Trail Ice House specifically:

- who's coming (countries, ages, spending profile)
- when they'll be near you, hour by hour, on game day
- a Facebook/Instagram ad you can launch before kickoff— copy, audience, budget
- a day-of plan: when to staff up, what to stock, what to price up
- the single move with the highest projected revenue for Katy Trail Ice House

Worth taking a look? I can send over a quick Katy Trail Ice House snapshot today with the key numbers and the clearest opportunity we see.

If it's useful, 15 minutes on Zoom and I'll show you how to deploy it.

Cheers,
Jacob",
FALSE,FALSE,STIRR Dallas,cocktail_bar,"2803 Main St #110, Dallas, TX 75226, USA",Dallas-Arlington,USA,+1 214-983-1222,https://www.stirrrestaurants.com/,infostirraddison@stirrrestaurants.com,valid,hunter_search,75,4.4,3565,seeded_real,deep_ellum_zone,19 miles,"Hi STIRR Dallas team,

There's a World Cup game 19 miles from STIRR Dallas, in less than 50 days, and 2× AT&T Stadium (160K) worth of fans coming to Dallas.

We're CrowdReady - a group of data scientists building actionable reports for Dallas businesses. We pulled the numbers for STIRR Dallas specifically:

- who's coming (countries, ages, spending profile)
- when they'll be near you, hour by hour, on game day
- a Facebook/Instagram ad you can launch before kickoff— copy, audience, budget
- a day-of plan: when to staff up, what to stock, what to price up
- the single move with the highest projected revenue for STIRR Dallas

Worth taking a look? I can send over a quick STIRR Dallas snapshot today with the key numbers and the clearest opportunity we see.

If it's useful, 15 minutes on Zoom and I'll show you how to deploy it.

Cheers,
Lucas","Hi STIRR Dallas team,

There's a World Cup game 19 miles from STIRR Dallas, in less than 50 days, and 2× AT&T Stadium (160K) worth of fans coming to Dallas.

We're CrowdReady - a group of data scientists building actionable reports for Dallas businesses. We pulled the numbers for STIRR Dallas specifically:

- who's coming (countries, ages, spending profile)
- when they'll be near you, hour by hour, on game day
- a Facebook/Instagram ad you can launch before kickoff— copy, audience, budget
- a day-of plan: when to staff up, what to stock, what to price up
- the single move with the highest projected revenue for STIRR Dallas

Worth taking a look? I can send over a quick STIRR Dallas snapshot today with the key numbers and the clearest opportunity we see.

If it's useful, 15 minutes on Zoom and I'll show you how to deploy it.

Cheers,
Anthony","Hi STIRR Dallas team,

There's a World Cup game 19 miles from STIRR Dallas, in less than 50 days, and 2× AT&T Stadium (160K) worth of fans coming to Dallas.

We're CrowdReady - a group of data scientists building actionable reports for Dallas businesses. We pulled the numbers for STIRR Dallas specifically:

- who's coming (countries, ages, spending profile)
- when they'll be near you, hour by hour, on game day
- a Facebook/Instagram ad you can launch before kickoff— copy, audience, budget
- a day-of plan: when to staff up, what to stock, what to price up
- the single move with the highest projected revenue for STIRR Dallas

Worth taking a look? I can send over a quick STIRR Dallas snapshot today with the key numbers and the clearest opportunity we see.

If it's useful, 15 minutes on Zoom and I'll show you how to deploy it.

Cheers,
Jacob",
FALSE,FALSE,Lazy Dog Restaurant & Bar,sports_bar,"241 E Interstate 20, Arlington, TX 76018, USA",Dallas-Arlington,USA,+1 682-276-7300,https://lazydogrestaurants.com/pages/arlington-tx,sswiger@lazydogrestaurants.com,valid,hunter_search,99,4.5,3982,seeded_real,local_zone,5.0 miles,"Hi Lazy Dog Restaurant & Bar team,

There's a World Cup game 5.0 miles from Lazy Dog Restaurant & Bar, in less than 50 days, and 2× AT&T Stadium (160K) worth of fans coming to Dallas.

We're CrowdReady - a group of data scientists building actionable reports for Dallas businesses. We pulled the numbers for Lazy Dog Restaurant & Bar specifically:

- who's coming (countries, ages, spending profile)
- when they'll be near you, hour by hour, on game day
- a Facebook/Instagram ad you can launch before kickoff— copy, audience, budget
- a day-of plan: when to staff up, what to stock, what to price up
- the single move with the highest projected revenue for Lazy Dog Restaurant & Bar

Worth taking a look? I can send over a quick Lazy Dog Restaurant & Bar snapshot today with the key numbers and the clearest opportunity we see.

If it's useful, 15 minutes on Zoom and I'll show you how to deploy it.

Cheers,
Lucas","Hi Lazy Dog Restaurant & Bar team,

There's a World Cup game 5.0 miles from Lazy Dog Restaurant & Bar, in less than 50 days, and 2× AT&T Stadium (160K) worth of fans coming to Dallas.

We're CrowdReady - a group of data scientists building actionable reports for Dallas businesses. We pulled the numbers for Lazy Dog Restaurant & Bar specifically:

- who's coming (countries, ages, spending profile)
- when they'll be near you, hour by hour, on game day
- a Facebook/Instagram ad you can launch before kickoff— copy, audience, budget
- a day-of plan: when to staff up, what to stock, what to price up
- the single move with the highest projected revenue for Lazy Dog Restaurant & Bar

Worth taking a look? I can send over a quick Lazy Dog Restaurant & Bar snapshot today with the key numbers and the clearest opportunity we see.

If it's useful, 15 minutes on Zoom and I'll show you how to deploy it.

Cheers,
Anthony","Hi Lazy Dog Restaurant & Bar team,

There's a World Cup game 5.0 miles from Lazy Dog Restaurant & Bar, in less than 50 days, and 2× AT&T Stadium (160K) worth of fans coming to Dallas.

We're CrowdReady - a group of data scientists building actionable reports for Dallas businesses. We pulled the numbers for Lazy Dog Restaurant & Bar specifically:

- who's coming (countries, ages, spending profile)
- when they'll be near you, hour by hour, on game day
- a Facebook/Instagram ad you can launch before kickoff— copy, audience, budget
- a day-of plan: when to staff up, what to stock, what to price up
- the single move with the highest projected revenue for Lazy Dog Restaurant & Bar

Worth taking a look? I can send over a quick Lazy Dog Restaurant & Bar snapshot today with the key numbers and the clearest opportunity we see.

If it's useful, 15 minutes on Zoom and I'll show you how to deploy it.

Cheers,
Jacob",
FALSE,FALSE,BoomerJack's Grill & Bar,sports_bar,"522 Lincoln Square, Arlington, TX 76011, USA",Dallas-Arlington,USA,+1 817-275-5400,https://boomerjacks.com/locations/north-arlington/,info@boomerjacks.com,accept_all,hunter_search,77,4.3,4299,seeded_real,local_zone,3.2 miles,"Hi BoomerJack's Grill & Bar team,

There's a World Cup game 3.2 miles from BoomerJack's Grill & Bar, in less than 50 days, and 2× AT&T Stadium (160K) worth of fans coming to Dallas.

We're CrowdReady - a group of data scientists building actionable reports for Dallas businesses. We pulled the numbers for BoomerJack's Grill & Bar specifically:

- who's coming (countries, ages, spending profile)
- when they'll be near you, hour by hour, on game day
- a Facebook/Instagram ad you can launch before kickoff— copy, audience, budget
- a day-of plan: when to staff up, what to stock, what to price up
- the single move with the highest projected revenue for BoomerJack's Grill & Bar

Worth taking a look? I can send over a quick BoomerJack's Grill & Bar snapshot today with the key numbers and the clearest opportunity we see.

If it's useful, 15 minutes on Zoom and I'll show you how to deploy it.

Cheers,
Lucas","Hi BoomerJack's Grill & Bar team,

There's a World Cup game 3.2 miles from BoomerJack's Grill & Bar, in less than 50 days, and 2× AT&T Stadium (160K) worth of fans coming to Dallas.

We're CrowdReady - a group of data scientists building actionable reports for Dallas businesses. We pulled the numbers for BoomerJack's Grill & Bar specifically:

- who's coming (countries, ages, spending profile)
- when they'll be near you, hour by hour, on game day
- a Facebook/Instagram ad you can launch before kickoff— copy, audience, budget
- a day-of plan: when to staff up, what to stock, what to price up
- the single move with the highest projected revenue for BoomerJack's Grill & Bar

Worth taking a look? I can send over a quick BoomerJack's Grill & Bar snapshot today with the key numbers and the clearest opportunity we see.

If it's useful, 15 minutes on Zoom and I'll show you how to deploy it.

Cheers,
Anthony","Hi BoomerJack's Grill & Bar team,

There's a World Cup game 3.2 miles from BoomerJack's Grill & Bar, in less than 50 days, and 2× AT&T Stadium (160K) worth of fans coming to Dallas.

We're CrowdReady - a group of data scientists building actionable reports for Dallas businesses. We pulled the numbers for BoomerJack's Grill & Bar specifically:

- who's coming (countries, ages, spending profile)
- when they'll be near you, hour by hour, on game day
- a Facebook/Instagram ad you can launch before kickoff— copy, audience, budget
- a day-of plan: when to staff up, what to stock, what to price up
- the single move with the highest projected revenue for BoomerJack's Grill & Bar

Worth taking a look? I can send over a quick BoomerJack's Grill & Bar snapshot today with the key numbers and the clearest opportunity we see.

If it's useful, 15 minutes on Zoom and I'll show you how to deploy it.

Cheers,
Jacob",
FALSE,FALSE,The Las Colinas Resort,hotel,"4150 N MacArthur Blvd, Irving, TX 75038, USA",Dallas-Arlington,USA,+1 972-717-0700,https://www.ritzcarlton.com/en/hotels/dalil-the-ritz-carlton-dallas-las-colinas/overview/?cid=NAT_google_hotel_url,manuel.terra@ritzcarlton.com,valid,hunter_search,98,4.6,2718,seeded_real,las_colinas_zone,13 miles,"Hi The Las Colinas Resort team,

There's a World Cup game 13 miles from The Las Colinas Resort, in less than 50 days, and 2× AT&T Stadium (160K) worth of fans coming to Dallas.

We're CrowdReady - a group of data scientists building actionable reports for Dallas businesses. We pulled the numbers for The Las Colinas Resort specifically:

- who's coming (countries, ages, spending profile)
- when they'll be near you, hour by hour, on game day
- a Facebook/Instagram ad you can launch before kickoff— copy, audience, budget
- a day-of plan: when to staff up, what to stock, what to price up
- the single move with the highest projected revenue for The Las Colinas Resort

Worth taking a look? I can send over a quick The Las Colinas Resort snapshot today with the key numbers and the clearest opportunity we see.

If it's useful, 15 minutes on Zoom and I'll show you how to deploy it.

Cheers,
Lucas","Hi The Las Colinas Resort team,

There's a World Cup game 13 miles from The Las Colinas Resort, in less than 50 days, and 2× AT&T Stadium (160K) worth of fans coming to Dallas.

We're CrowdReady - a group of data scientists building actionable reports for Dallas businesses. We pulled the numbers for The Las Colinas Resort specifically:

- who's coming (countries, ages, spending profile)
- when they'll be near you, hour by hour, on game day
- a Facebook/Instagram ad you can launch before kickoff— copy, audience, budget
- a day-of plan: when to staff up, what to stock, what to price up
- the single move with the highest projected revenue for The Las Colinas Resort

Worth taking a look? I can send over a quick The Las Colinas Resort snapshot today with the key numbers and the clearest opportunity we see.

If it's useful, 15 minutes on Zoom and I'll show you how to deploy it.

Cheers,
Anthony","Hi The Las Colinas Resort team,

There's a World Cup game 13 miles from The Las Colinas Resort, in less than 50 days, and 2× AT&T Stadium (160K) worth of fans coming to Dallas.

We're CrowdReady - a group of data scientists building actionable reports for Dallas businesses. We pulled the numbers for The Las Colinas Resort specifically:

- who's coming (countries, ages, spending profile)
- when they'll be near you, hour by hour, on game day
- a Facebook/Instagram ad you can launch before kickoff— copy, audience, budget
- a day-of plan: when to staff up, what to stock, what to price up
- the single move with the highest projected revenue for The Las Colinas Resort

Worth taking a look? I can send over a quick The Las Colinas Resort snapshot today with the key numbers and the clearest opportunity we see.

If it's useful, 15 minutes on Zoom and I'll show you how to deploy it.

Cheers,
Jacob",
FALSE,FALSE,Sports & Social Arlington,sports_bar,"1650 E Randol Mill Rd Ste 120, Arlington, TX 76011, USA",Dallas-Arlington,USA,+1 817-769-1746,https://texas-live.com/eat-and-drink/sports-and-social-arlington,events@texas-live.com,accept_all,hunter_search,79,4.6,796,google_places_enriched,texas_live_zone,0.6 miles,"Hi Sports & Social Arlington team,

There's a World Cup game 0.6 miles from Sports & Social Arlington, in less than 50 days, and 2× AT&T Stadium (160K) worth of fans coming to Dallas.

We're CrowdReady - a group of data scientists building actionable reports for Dallas businesses. We pulled the numbers for Sports & Social Arlington specifically:

- who's coming (countries, ages, spending profile)
- when they'll be near you, hour by hour, on game day
- a Facebook/Instagram ad you can launch before kickoff— copy, audience, budget
- a day-of plan: when to staff up, what to stock, what to price up
- the single move with the highest projected revenue for Sports & Social Arlington

Worth taking a look? I can send over a quick Sports & Social Arlington snapshot today with the key numbers and the clearest opportunity we see.

If it's useful, 15 minutes on Zoom and I'll show you how to deploy it.

Cheers,
Lucas","Hi Sports & Social Arlington team,

There's a World Cup game 0.6 miles from Sports & Social Arlington, in less than 50 days, and 2× AT&T Stadium (160K) worth of fans coming to Dallas.

We're CrowdReady - a group of data scientists building actionable reports for Dallas businesses. We pulled the numbers for Sports & Social Arlington specifically:

- who's coming (countries, ages, spending profile)
- when they'll be near you, hour by hour, on game day
- a Facebook/Instagram ad you can launch before kickoff— copy, audience, budget
- a day-of plan: when to staff up, what to stock, what to price up
- the single move with the highest projected revenue for Sports & Social Arlington

Worth taking a look? I can send over a quick Sports & Social Arlington snapshot today with the key numbers and the clearest opportunity we see.

If it's useful, 15 minutes on Zoom and I'll show you how to deploy it.

Cheers,
Anthony","Hi Sports & Social Arlington team,

There's a World Cup game 0.6 miles from Sports & Social Arlington, in less than 50 days, and 2× AT&T Stadium (160K) worth of fans coming to Dallas.

We're CrowdReady - a group of data scientists building actionable reports for Dallas businesses. We pulled the numbers for Sports & Social Arlington specifically:

- who's coming (countries, ages, spending profile)
- when they'll be near you, hour by hour, on game day
- a Facebook/Instagram ad you can launch before kickoff— copy, audience, budget
- a day-of plan: when to staff up, what to stock, what to price up
- the single move with the highest projected revenue for Sports & Social Arlington

Worth taking a look? I can send over a quick Sports & Social Arlington snapshot today with the key numbers and the clearest opportunity we see.

If it's useful, 15 minutes on Zoom and I'll show you how to deploy it.

Cheers,
Jacob",
FALSE,FALSE,BoomerJack's Grill,sports_bar,"522 Lincoln Square, Arlington, TX 76011, USA",Dallas-Arlington,USA,+1 817-275-5400,https://boomerjacks.com/locations/north-arlington/,info@boomerjacks.com,accept_all,hunter_search,77,4.4,4299,google_places_enriched,texas_live_zone,0.7 miles,"Hi BoomerJack's Grill team,

There's a World Cup game 0.7 miles from BoomerJack's Grill, in less than 50 days, and 2× AT&T Stadium (160K) worth of fans coming to Dallas.

We're CrowdReady - a group of data scientists building actionable reports for Dallas businesses. We pulled the numbers for BoomerJack's Grill specifically:

- who's coming (countries, ages, spending profile)
- when they'll be near you, hour by hour, on game day
- a Facebook/Instagram ad you can launch before kickoff— copy, audience, budget
- a day-of plan: when to staff up, what to stock, what to price up
- the single move with the highest projected revenue for BoomerJack's Grill

Worth taking a look? I can send over a quick BoomerJack's Grill snapshot today with the key numbers and the clearest opportunity we see.

If it's useful, 15 minutes on Zoom and I'll show you how to deploy it.

Cheers,
Lucas","Hi BoomerJack's Grill team,

There's a World Cup game 0.7 miles from BoomerJack's Grill, in less than 50 days, and 2× AT&T Stadium (160K) worth of fans coming to Dallas.

We're CrowdReady - a group of data scientists building actionable reports for Dallas businesses. We pulled the numbers for BoomerJack's Grill specifically:

- who's coming (countries, ages, spending profile)
- when they'll be near you, hour by hour, on game day
- a Facebook/Instagram ad you can launch before kickoff— copy, audience, budget
- a day-of plan: when to staff up, what to stock, what to price up
- the single move with the highest projected revenue for BoomerJack's Grill

Worth taking a look? I can send over a quick BoomerJack's Grill snapshot today with the key numbers and the clearest opportunity we see.

If it's useful, 15 minutes on Zoom and I'll show you how to deploy it.

Cheers,
Anthony","Hi BoomerJack's Grill team,

There's a World Cup game 0.7 miles from BoomerJack's Grill, in less than 50 days, and 2× AT&T Stadium (160K) worth of fans coming to Dallas.

We're CrowdReady - a group of data scientists building actionable reports for Dallas businesses. We pulled the numbers for BoomerJack's Grill specifically:

- who's coming (countries, ages, spending profile)
- when they'll be near you, hour by hour, on game day
- a Facebook/Instagram ad you can launch before kickoff— copy, audience, budget
- a day-of plan: when to staff up, what to stock, what to price up
- the single move with the highest projected revenue for BoomerJack's Grill

Worth taking a look? I can send over a quick BoomerJack's Grill snapshot today with the key numbers and the clearest opportunity we see.

If it's useful, 15 minutes on Zoom and I'll show you how to deploy it.

Cheers,
Jacob",
FALSE,FALSE,Live! Arena,sports_bar,"1650 E Randol Mill Rd STE 160, Arlington, TX 76011, USA",Dallas-Arlington,USA,+1 817-769-1550,https://texas-live.com/eat-and-drink/live-arena,events@texas-live.com,accept_all,hunter_search,79,4.3,148,google_places_enriched,texas_live_zone,0.6 miles,"Hi Live! Arena team,

There's a World Cup game 0.6 miles from Live! Arena, in less than 50 days, and 2× AT&T Stadium (160K) worth of fans coming to Dallas.

We're CrowdReady - a group of data scientists building actionable reports for Dallas businesses. We pulled the numbers for Live! Arena specifically:

- who's coming (countries, ages, spending profile)
- when they'll be near you, hour by hour, on game day
- a Facebook/Instagram ad you can launch before kickoff— copy, audience, budget
- a day-of plan: when to staff up, what to stock, what to price up
- the single move with the highest projected revenue for Live! Arena

Worth taking a look? I can send over a quick Live! Arena snapshot today with the key numbers and the clearest opportunity we see.

If it's useful, 15 minutes on Zoom and I'll show you how to deploy it.

Cheers,
Lucas","Hi Live! Arena team,

There's a World Cup game 0.6 miles from Live! Arena, in less than 50 days, and 2× AT&T Stadium (160K) worth of fans coming to Dallas.

We're CrowdReady - a group of data scientists building actionable reports for Dallas businesses. We pulled the numbers for Live! Arena specifically:

- who's coming (countries, ages, spending profile)
- when they'll be near you, hour by hour, on game day
- a Facebook/Instagram ad you can launch before kickoff— copy, audience, budget
- a day-of plan: when to staff up, what to stock, what to price up
- the single move with the highest projected revenue for Live! Arena

Worth taking a look? I can send over a quick Live! Arena snapshot today with the key numbers and the clearest opportunity we see.

If it's useful, 15 minutes on Zoom and I'll show you how to deploy it.

Cheers,
Anthony","Hi Live! Arena team,

There's a World Cup game 0.6 miles from Live! Arena, in less than 50 days, and 2× AT&T Stadium (160K) worth of fans coming to Dallas.

We're CrowdReady - a group of data scientists building actionable reports for Dallas businesses. We pulled the numbers for Live! Arena specifically:

- who's coming (countries, ages, spending profile)
- when they'll be near you, hour by hour, on game day
- a Facebook/Instagram ad you can launch before kickoff— copy, audience, budget
- a day-of plan: when to staff up, what to stock, what to price up
- the single move with the highest projected revenue for Live! Arena

Worth taking a look? I can send over a quick Live! Arena snapshot today with the key numbers and the clearest opportunity we see.

If it's useful, 15 minutes on Zoom and I'll show you how to deploy it.

Cheers,
Jacob",
FALSE,FALSE,BFF ASIAN GRILL & SPORTS BAR,sports_bar,"2150 E Lamar Blvd Suite 100, Arlington, TX 76006, USA",Dallas-Arlington,USA,+1 817-385-0760,https://bffasiangrill.com/,info@bffasiangrill.com,valid,hunter_search,53,4.4,2359,google_places_enriched,texas_live_zone,1.5 miles,"Hi BFF ASIAN GRILL & SPORTS BAR team,

There's a World Cup game 1.5 miles from BFF ASIAN GRILL & SPORTS BAR, in less than 50 days, and 2× AT&T Stadium (160K) worth of fans coming to Dallas.

We're CrowdReady - a group of data scientists building actionable reports for Dallas businesses. We pulled the numbers for BFF ASIAN GRILL & SPORTS BAR specifically:

- who's coming (countries, ages, spending profile)
- when they'll be near you, hour by hour, on game day
- a Facebook/Instagram ad you can launch before kickoff— copy, audience, budget
- a day-of plan: when to staff up, what to stock, what to price up
- the single move with the highest projected revenue for BFF ASIAN GRILL & SPORTS BAR

Worth taking a look? I can send over a quick BFF ASIAN GRILL & SPORTS BAR snapshot today with the key numbers and the clearest opportunity we see.

If it's useful, 15 minutes on Zoom and I'll show you how to deploy it.

Cheers,
Lucas","Hi BFF ASIAN GRILL & SPORTS BAR team,

There's a World Cup game 1.5 miles from BFF ASIAN GRILL & SPORTS BAR, in less than 50 days, and 2× AT&T Stadium (160K) worth of fans coming to Dallas.

We're CrowdReady - a group of data scientists building actionable reports for Dallas businesses. We pulled the numbers for BFF ASIAN GRILL & SPORTS BAR specifically:

- who's coming (countries, ages, spending profile)
- when they'll be near you, hour by hour, on game day
- a Facebook/Instagram ad you can launch before kickoff— copy, audience, budget
- a day-of plan: when to staff up, what to stock, what to price up
- the single move with the highest projected revenue for BFF ASIAN GRILL & SPORTS BAR

Worth taking a look? I can send over a quick BFF ASIAN GRILL & SPORTS BAR snapshot today with the key numbers and the clearest opportunity we see.

If it's useful, 15 minutes on Zoom and I'll show you how to deploy it.

Cheers,
Anthony","Hi BFF ASIAN GRILL & SPORTS BAR team,

There's a World Cup game 1.5 miles from BFF ASIAN GRILL & SPORTS BAR, in less than 50 days, and 2× AT&T Stadium (160K) worth of fans coming to Dallas.

We're CrowdReady - a group of data scientists building actionable reports for Dallas businesses. We pulled the numbers for BFF ASIAN GRILL & SPORTS BAR specifically:

- who's coming (countries, ages, spending profile)
- when they'll be near you, hour by hour, on game day
- a Facebook/Instagram ad you can launch before kickoff— copy, audience, budget
- a day-of plan: when to staff up, what to stock, what to price up
- the single move with the highest projected revenue for BFF ASIAN GRILL & SPORTS BAR

Worth taking a look? I can send over a quick BFF ASIAN GRILL & SPORTS BAR snapshot today with the key numbers and the clearest opportunity we see.

If it's useful, 15 minutes on Zoom and I'll show you how to deploy it.

Cheers,
Jacob",
FALSE,FALSE,The Chuggin' Monk,sports_bar,"2301 N Collins St Ste. 170, Arlington, TX 76011, USA",Dallas-Arlington,USA,+1 817-274-2000,https://www.dallasobserver.com/location/the-chuggin-monk-7656883,amber.friend@dallasobserver.com,valid,hunter_search,99,4.3,578,google_places_enriched,texas_live_zone,1.8 miles,"Hi The Chuggin' Monk team,

There's a World Cup game 1.8 miles from The Chuggin' Monk, in less than 50 days, and 2× AT&T Stadium (160K) worth of fans coming to Dallas.

We're CrowdReady - a group of data scientists building actionable reports for Dallas businesses. We pulled the numbers for The Chuggin' Monk specifically:

- who's coming (countries, ages, spending profile)
- when they'll be near you, hour by hour, on game day
- a Facebook/Instagram ad you can launch before kickoff— copy, audience, budget
- a day-of plan: when to staff up, what to stock, what to price up
- the single move with the highest projected revenue for The Chuggin' Monk

Worth taking a look? I can send over a quick The Chuggin' Monk snapshot today with the key numbers and the clearest opportunity we see.

If it's useful, 15 minutes on Zoom and I'll show you how to deploy it.

Cheers,
Lucas","Hi The Chuggin' Monk team,

There's a World Cup game 1.8 miles from The Chuggin' Monk, in less than 50 days, and 2× AT&T Stadium (160K) worth of fans coming to Dallas.

We're CrowdReady - a group of data scientists building actionable reports for Dallas businesses. We pulled the numbers for The Chuggin' Monk specifically:

- who's coming (countries, ages, spending profile)
- when they'll be near you, hour by hour, on game day
- a Facebook/Instagram ad you can launch before kickoff— copy, audience, budget
- a day-of plan: when to staff up, what to stock, what to price up
- the single move with the highest projected revenue for The Chuggin' Monk

Worth taking a look? I can send over a quick The Chuggin' Monk snapshot today with the key numbers and the clearest opportunity we see.

If it's useful, 15 minutes on Zoom and I'll show you how to deploy it.

Cheers,
Anthony","Hi The Chuggin' Monk team,

There's a World Cup game 1.8 miles from The Chuggin' Monk, in less than 50 days, and 2× AT&T Stadium (160K) worth of fans coming to Dallas.

We're CrowdReady - a group of data scientists building actionable reports for Dallas businesses. We pulled the numbers for The Chuggin' Monk specifically:

- who's coming (countries, ages, spending profile)
- when they'll be near you, hour by hour, on game day
- a Facebook/Instagram ad you can launch before kickoff— copy, audience, budget
- a day-of plan: when to staff up, what to stock, what to price up
- the single move with the highest projected revenue for The Chuggin' Monk

Worth taking a look? I can send over a quick The Chuggin' Monk snapshot today with the key numbers and the clearest opportunity we see.

If it's useful, 15 minutes on Zoom and I'll show you how to deploy it.

Cheers,
Jacob",
FALSE,FALSE,Boston's Pizza Restaurant & Sports Bar,sports_bar,"2501 E Lamar Blvd, Arlington, TX 76006, USA",Dallas-Arlington,USA,+1 817-633-7773,http://www.bostons.com/,contact@bostons.com,accept_all,scraped_website,78,4.1,1950,google_places_enriched,texas_live_zone,2.0 miles,"Hi Boston's Pizza Restaurant & Sports Bar team,

There's a World Cup game 2.0 miles from Boston's Pizza Restaurant & Sports Bar, in less than 50 days, and 2× AT&T Stadium (160K) worth of fans coming to Dallas.

We're CrowdReady - a group of data scientists building actionable reports for Dallas businesses. We pulled the numbers for Boston's Pizza Restaurant & Sports Bar specifically:

- who's coming (countries, ages, spending profile)
- when they'll be near you, hour by hour, on game day
- a Facebook/Instagram ad you can launch before kickoff— copy, audience, budget
- a day-of plan: when to staff up, what to stock, what to price up
- the single move with the highest projected revenue for Boston's Pizza Restaurant & Sports Bar

Worth taking a look? I can send over a quick Boston's Pizza Restaurant & Sports Bar snapshot today with the key numbers and the clearest opportunity we see.

If it's useful, 15 minutes on Zoom and I'll show you how to deploy it.

Cheers,
Lucas","Hi Boston's Pizza Restaurant & Sports Bar team,

There's a World Cup game 2.0 miles from Boston's Pizza Restaurant & Sports Bar, in less than 50 days, and 2× AT&T Stadium (160K) worth of fans coming to Dallas.

We're CrowdReady - a group of data scientists building actionable reports for Dallas businesses. We pulled the numbers for Boston's Pizza Restaurant & Sports Bar specifically:

- who's coming (countries, ages, spending profile)
- when they'll be near you, hour by hour, on game day
- a Facebook/Instagram ad you can launch before kickoff— copy, audience, budget
- a day-of plan: when to staff up, what to stock, what to price up
- the single move with the highest projected revenue for Boston's Pizza Restaurant & Sports Bar

Worth taking a look? I can send over a quick Boston's Pizza Restaurant & Sports Bar snapshot today with the key numbers and the clearest opportunity we see.

If it's useful, 15 minutes on Zoom and I'll show you how to deploy it.

Cheers,
Anthony","Hi Boston's Pizza Restaurant & Sports Bar team,

There's a World Cup game 2.0 miles from Boston's Pizza Restaurant & Sports Bar, in less than 50 days, and 2× AT&T Stadium (160K) worth of fans coming to Dallas.

We're CrowdReady - a group of data scientists building actionable reports for Dallas businesses. We pulled the numbers for Boston's Pizza Restaurant & Sports Bar specifically:

- who's coming (countries, ages, spending profile)
- when they'll be near you, hour by hour, on game day
- a Facebook/Instagram ad you can launch before kickoff— copy, audience, budget
- a day-of plan: when to staff up, what to stock, what to price up
- the single move with the highest projected revenue for Boston's Pizza Restaurant & Sports Bar

Worth taking a look? I can send over a quick Boston's Pizza Restaurant & Sports Bar snapshot today with the key numbers and the clearest opportunity we see.

If it's useful, 15 minutes on Zoom and I'll show you how to deploy it.

Cheers,
Jacob",
FALSE,FALSE,"CLICKS Billiards - Billiards, Games, Sports, Bar & Grill",sports_bar,"700 N Watson Rd, Arlington, TX 76011, USA",Dallas-Arlington,USA,+1 817-640-7675,https://www.clicks.com/,jim@clicks.com,valid,hunter_search,60,4.1,765,google_places_enriched,texas_live_zone,1.9 miles,"Hi CLICKS Billiards - Billiards, Games, Sports, Bar & Grill team,

There's a World Cup game 1.9 miles from CLICKS Billiards - Billiards, Games, Sports, Bar & Grill, in less than 50 days, and 2× AT&T Stadium (160K) worth of fans coming to Dallas.

We're CrowdReady - a group of data scientists building actionable reports for Dallas businesses. We pulled the numbers for CLICKS Billiards - Billiards, Games, Sports, Bar & Grill specifically:

- who's coming (countries, ages, spending profile)
- when they'll be near you, hour by hour, on game day
- a Facebook/Instagram ad you can launch before kickoff— copy, audience, budget
- a day-of plan: when to staff up, what to stock, what to price up
- the single move with the highest projected revenue for CLICKS Billiards - Billiards, Games, Sports, Bar & Grill

Worth taking a look? I can send over a quick CLICKS Billiards - Billiards, Games, Sports, Bar & Grill snapshot today with the key numbers and the clearest opportunity we see.

If it's useful, 15 minutes on Zoom and I'll show you how to deploy it.

Cheers,
Lucas","Hi CLICKS Billiards - Billiards, Games, Sports, Bar & Grill team,

There's a World Cup game 1.9 miles from CLICKS Billiards - Billiards, Games, Sports, Bar & Grill, in less than 50 days, and 2× AT&T Stadium (160K) worth of fans coming to Dallas.

We're CrowdReady - a group of data scientists building actionable reports for Dallas businesses. We pulled the numbers for CLICKS Billiards - Billiards, Games, Sports, Bar & Grill specifically:

- who's coming (countries, ages, spending profile)
- when they'll be near you, hour by hour, on game day
- a Facebook/Instagram ad you can launch before kickoff— copy, audience, budget
- a day-of plan: when to staff up, what to stock, what to price up
- the single move with the highest projected revenue for CLICKS Billiards - Billiards, Games, Sports, Bar & Grill

Worth taking a look? I can send over a quick CLICKS Billiards - Billiards, Games, Sports, Bar & Grill snapshot today with the key numbers and the clearest opportunity we see.

If it's useful, 15 minutes on Zoom and I'll show you how to deploy it.

Cheers,
Anthony","Hi CLICKS Billiards - Billiards, Games, Sports, Bar & Grill team,

There's a World Cup game 1.9 miles from CLICKS Billiards - Billiards, Games, Sports, Bar & Grill, in less than 50 days, and 2× AT&T Stadium (160K) worth of fans coming to Dallas.

We're CrowdReady - a group of data scientists building actionable reports for Dallas businesses. We pulled the numbers for CLICKS Billiards - Billiards, Games, Sports, Bar & Grill specifically:

- who's coming (countries, ages, spending profile)
- when they'll be near you, hour by hour, on game day
- a Facebook/Instagram ad you can launch before kickoff— copy, audience, budget
- a day-of plan: when to staff up, what to stock, what to price up
- the single move with the highest projected revenue for CLICKS Billiards - Billiards, Games, Sports, Bar & Grill

Worth taking a look? I can send over a quick CLICKS Billiards - Billiards, Games, Sports, Bar & Grill snapshot today with the key numbers and the clearest opportunity we see.

If it's useful, 15 minutes on Zoom and I'll show you how to deploy it.

Cheers,
Jacob",
FALSE,FALSE,Cooper's Bar & Grill,sports_bar,"3610 S Cooper St #120, Arlington, TX 76015, USA",Dallas-Arlington,USA,+1 469-661-1811,https://www.coopersarlington.com/,info@coopersarlington.com,accept_all,scraped_website,78,4.5,283,google_places_enriched,texas_live_zone,4.7 miles,"Hi Cooper's Bar & Grill team,

There's a World Cup game 4.7 miles from Cooper's Bar & Grill, in less than 50 days, and 2× AT&T Stadium (160K) worth of fans coming to Dallas.

We're CrowdReady - a group of data scientists building actionable reports for Dallas businesses. We pulled the numbers for Cooper's Bar & Grill specifically:

- who's coming (countries, ages, spending profile)
- when they'll be near you, hour by hour, on game day
- a Facebook/Instagram ad you can launch before kickoff— copy, audience, budget
- a day-of plan: when to staff up, what to stock, what to price up
- the single move with the highest projected revenue for Cooper's Bar & Grill

Worth taking a look? I can send over a quick Cooper's Bar & Grill snapshot today with the key numbers and the clearest opportunity we see.

If it's useful, 15 minutes on Zoom and I'll show you how to deploy it.

Cheers,
Lucas","Hi Cooper's Bar & Grill team,

There's a World Cup game 4.7 miles from Cooper's Bar & Grill, in less than 50 days, and 2× AT&T Stadium (160K) worth of fans coming to Dallas.

We're CrowdReady - a group of data scientists building actionable reports for Dallas businesses. We pulled the numbers for Cooper's Bar & Grill specifically:

- who's coming (countries, ages, spending profile)
- when they'll be near you, hour by hour, on game day
- a Facebook/Instagram ad you can launch before kickoff— copy, audience, budget
- a day-of plan: when to staff up, what to stock, what to price up
- the single move with the highest projected revenue for Cooper's Bar & Grill

Worth taking a look? I can send over a quick Cooper's Bar & Grill snapshot today with the key numbers and the clearest opportunity we see.

If it's useful, 15 minutes on Zoom and I'll show you how to deploy it.

Cheers,
Anthony","Hi Cooper's Bar & Grill team,

There's a World Cup game 4.7 miles from Cooper's Bar & Grill, in less than 50 days, and 2× AT&T Stadium (160K) worth of fans coming to Dallas.

We're CrowdReady - a group of data scientists building actionable reports for Dallas businesses. We pulled the numbers for Cooper's Bar & Grill specifically:

- who's coming (countries, ages, spending profile)
- when they'll be near you, hour by hour, on game day
- a Facebook/Instagram ad you can launch before kickoff— copy, audience, budget
- a day-of plan: when to staff up, what to stock, what to price up
- the single move with the highest projected revenue for Cooper's Bar & Grill

Worth taking a look? I can send over a quick Cooper's Bar & Grill snapshot today with the key numbers and the clearest opportunity we see.

If it's useful, 15 minutes on Zoom and I'll show you how to deploy it.

Cheers,
Jacob",
FALSE,FALSE,Rodeo Goat - Arlington,sports_bar,"333 E Division St, Arlington, TX 76011, USA",Dallas-Arlington,USA,+1 817-898-4628,https://www.rodeogoat.com/arlington/,info@rodeogoat.com,valid,hunter_search,99,4.5,542,google_places_enriched,texas_live_zone,0.8 miles,"Hi Rodeo Goat - Arlington team,

There's a World Cup game 0.8 miles from Rodeo Goat - Arlington, in less than 50 days, and 2× AT&T Stadium (160K) worth of fans coming to Dallas.

We're CrowdReady - a group of data scientists building actionable reports for Dallas businesses. We pulled the numbers for Rodeo Goat - Arlington specifically:

- who's coming (countries, ages, spending profile)
- when they'll be near you, hour by hour, on game day
- a Facebook/Instagram ad you can launch before kickoff— copy, audience, budget
- a day-of plan: when to staff up, what to stock, what to price up
- the single move with the highest projected revenue for Rodeo Goat - Arlington

Worth taking a look? I can send over a quick Rodeo Goat - Arlington snapshot today with the key numbers and the clearest opportunity we see.

If it's useful, 15 minutes on Zoom and I'll show you how to deploy it.

Cheers,
Lucas","Hi Rodeo Goat - Arlington team,

There's a World Cup game 0.8 miles from Rodeo Goat - Arlington, in less than 50 days, and 2× AT&T Stadium (160K) worth of fans coming to Dallas.

We're CrowdReady - a group of data scientists building actionable reports for Dallas businesses. We pulled the numbers for Rodeo Goat - Arlington specifically:

- who's coming (countries, ages, spending profile)
- when they'll be near you, hour by hour, on game day
- a Facebook/Instagram ad you can launch before kickoff— copy, audience, budget
- a day-of plan: when to staff up, what to stock, what to price up
- the single move with the highest projected revenue for Rodeo Goat - Arlington

Worth taking a look? I can send over a quick Rodeo Goat - Arlington snapshot today with the key numbers and the clearest opportunity we see.

If it's useful, 15 minutes on Zoom and I'll show you how to deploy it.

Cheers,
Anthony","Hi Rodeo Goat - Arlington team,

There's a World Cup game 0.8 miles from Rodeo Goat - Arlington, in less than 50 days, and 2× AT&T Stadium (160K) worth of fans coming to Dallas.

We're CrowdReady - a group of data scientists building actionable reports for Dallas businesses. We pulled the numbers for Rodeo Goat - Arlington specifically:

- who's coming (countries, ages, spending profile)
- when they'll be near you, hour by hour, on game day
- a Facebook/Instagram ad you can launch before kickoff— copy, audience, budget
- a day-of plan: when to staff up, what to stock, what to price up
- the single move with the highest projected revenue for Rodeo Goat - Arlington

Worth taking a look? I can send over a quick Rodeo Goat - Arlington snapshot today with the key numbers and the clearest opportunity we see.

If it's useful, 15 minutes on Zoom and I'll show you how to deploy it.

Cheers,
Jacob",
FALSE,FALSE,The Standard Pour,sports_bar,"2900 McKinney Ave, Dallas, TX 75204, USA",Dallas-Arlington,USA,+1 214-935-1370,https://www.tspdallas.com/,info@tspdallas.com,valid,scraped_website,100,4.5,1392,google_places_enriched,uptown_zone,17 miles,"Hi The Standard Pour team,

There's a World Cup game 17 miles from The Standard Pour, in less than 50 days, and 2× AT&T Stadium (160K) worth of fans coming to Dallas.

We're CrowdReady - a group of data scientists building actionable reports for Dallas businesses. We pulled the numbers for The Standard Pour specifically:

- who's coming (countries, ages, spending profile)
- when they'll be near you, hour by hour, on game day
- a Facebook/Instagram ad you can launch before kickoff— copy, audience, budget
- a day-of plan: when to staff up, what to stock, what to price up
- the single move with the highest projected revenue for The Standard Pour

Worth taking a look? I can send over a quick The Standard Pour snapshot today with the key numbers and the clearest opportunity we see.

If it's useful, 15 minutes on Zoom and I'll show you how to deploy it.

Cheers,
Lucas","Hi The Standard Pour team,

There's a World Cup game 17 miles from The Standard Pour, in less than 50 days, and 2× AT&T Stadium (160K) worth of fans coming to Dallas.

We're CrowdReady - a group of data scientists building actionable reports for Dallas businesses. We pulled the numbers for The Standard Pour specifically:

- who's coming (countries, ages, spending profile)
- when they'll be near you, hour by hour, on game day
- a Facebook/Instagram ad you can launch before kickoff— copy, audience, budget
- a day-of plan: when to staff up, what to stock, what to price up
- the single move with the highest projected revenue for The Standard Pour

Worth taking a look? I can send over a quick The Standard Pour snapshot today with the key numbers and the clearest opportunity we see.

If it's useful, 15 minutes on Zoom and I'll show you how to deploy it.

Cheers,
Anthony","Hi The Standard Pour team,

There's a World Cup game 17 miles from The Standard Pour, in less than 50 days, and 2× AT&T Stadium (160K) worth of fans coming to Dallas.

We're CrowdReady - a group of data scientists building actionable reports for Dallas businesses. We pulled the numbers for The Standard Pour specifically:

- who's coming (countries, ages, spending profile)
- when they'll be near you, hour by hour, on game day
- a Facebook/Instagram ad you can launch before kickoff— copy, audience, budget
- a day-of plan: when to staff up, what to stock, what to price up
- the single move with the highest projected revenue for The Standard Pour

Worth taking a look? I can send over a quick The Standard Pour snapshot today with the key numbers and the clearest opportunity we see.

If it's useful, 15 minutes on Zoom and I'll show you how to deploy it.

Cheers,
Jacob",
FALSE,FALSE,Bar Colette,cocktail_bar,"3699 McKinney Ave #306, Dallas, TX 75204, USA",Dallas-Arlington,USA,+1 214-377-4809,https://www.barcolette.com/,info@barcolette.com,accept_all,scraped_website,80,4.3,169,google_places_enriched,uptown_zone,18 miles,"Hi Bar Colette team,

There's a World Cup game 18 miles from Bar Colette, in less than 50 days, and 2× AT&T Stadium (160K) worth of fans coming to Dallas.

We're CrowdReady - a group of data scientists building actionable reports for Dallas businesses. We pulled the numbers for Bar Colette specifically:

- who's coming (countries, ages, spending profile)
- when they'll be near you, hour by hour, on game day
- a Facebook/Instagram ad you can launch before kickoff— copy, audience, budget
- a day-of plan: when to staff up, what to stock, what to price up
- the single move with the highest projected revenue for Bar Colette

Worth taking a look? I can send over a quick Bar Colette snapshot today with the key numbers and the clearest opportunity we see.

If it's useful, 15 minutes on Zoom and I'll show you how to deploy it.

Cheers,
Lucas","Hi Bar Colette team,

There's a World Cup game 18 miles from Bar Colette, in less than 50 days, and 2× AT&T Stadium (160K) worth of fans coming to Dallas.

We're CrowdReady - a group of data scientists building actionable reports for Dallas businesses. We pulled the numbers for Bar Colette specifically:

- who's coming (countries, ages, spending profile)
- when they'll be near you, hour by hour, on game day
- a Facebook/Instagram ad you can launch before kickoff— copy, audience, budget
- a day-of plan: when to staff up, what to stock, what to price up
- the single move with the highest projected revenue for Bar Colette

Worth taking a look? I can send over a quick Bar Colette snapshot today with the key numbers and the clearest opportunity we see.

If it's useful, 15 minutes on Zoom and I'll show you how to deploy it.

Cheers,
Anthony","Hi Bar Colette team,

There's a World Cup game 18 miles from Bar Colette, in less than 50 days, and 2× AT&T Stadium (160K) worth of fans coming to Dallas.

We're CrowdReady - a group of data scientists building actionable reports for Dallas businesses. We pulled the numbers for Bar Colette specifically:

- who's coming (countries, ages, spending profile)
- when they'll be near you, hour by hour, on game day
- a Facebook/Instagram ad you can launch before kickoff— copy, audience, budget
- a day-of plan: when to staff up, what to stock, what to price up
- the single move with the highest projected revenue for Bar Colette

Worth taking a look? I can send over a quick Bar Colette snapshot today with the key numbers and the clearest opportunity we see.

If it's useful, 15 minutes on Zoom and I'll show you how to deploy it.

Cheers,
Jacob",
FALSE,FALSE,Beau Nash,sports_bar,"400 Crescent Ct, Dallas, TX 75201, USA",Dallas-Arlington,USA,+1 214-871-3200,https://www.crescentcourt.com/dining/beau-nash/,amy.fisher@crescentcourt.com,valid,hunter_search,99,4.4,23,google_places_enriched,uptown_zone,17 miles,"Hi Beau Nash team,

There's a World Cup game 17 miles from Beau Nash, in less than 50 days, and 2× AT&T Stadium (160K) worth of fans coming to Dallas.

We're CrowdReady - a group of data scientists building actionable reports for Dallas businesses. We pulled the numbers for Beau Nash specifically:

- who's coming (countries, ages, spending profile)
- when they'll be near you, hour by hour, on game day
- a Facebook/Instagram ad you can launch before kickoff— copy, audience, budget
- a day-of plan: when to staff up, what to stock, what to price up
- the single move with the highest projected revenue for Beau Nash

Worth taking a look? I can send over a quick Beau Nash snapshot today with the key numbers and the clearest opportunity we see.

If it's useful, 15 minutes on Zoom and I'll show you how to deploy it.

Cheers,
Lucas","Hi Beau Nash team,

There's a World Cup game 17 miles from Beau Nash, in less than 50 days, and 2× AT&T Stadium (160K) worth of fans coming to Dallas.

We're CrowdReady - a group of data scientists building actionable reports for Dallas businesses. We pulled the numbers for Beau Nash specifically:

- who's coming (countries, ages, spending profile)
- when they'll be near you, hour by hour, on game day
- a Facebook/Instagram ad you can launch before kickoff— copy, audience, budget
- a day-of plan: when to staff up, what to stock, what to price up
- the single move with the highest projected revenue for Beau Nash

Worth taking a look? I can send over a quick Beau Nash snapshot today with the key numbers and the clearest opportunity we see.

If it's useful, 15 minutes on Zoom and I'll show you how to deploy it.

Cheers,
Anthony","Hi Beau Nash team,

There's a World Cup game 17 miles from Beau Nash, in less than 50 days, and 2× AT&T Stadium (160K) worth of fans coming to Dallas.

We're CrowdReady - a group of data scientists building actionable reports for Dallas businesses. We pulled the numbers for Beau Nash specifically:

- who's coming (countries, ages, spending profile)
- when they'll be near you, hour by hour, on game day
- a Facebook/Instagram ad you can launch before kickoff— copy, audience, budget
- a day-of plan: when to staff up, what to stock, what to price up
- the single move with the highest projected revenue for Beau Nash

Worth taking a look? I can send over a quick Beau Nash snapshot today with the key numbers and the clearest opportunity we see.

If it's useful, 15 minutes on Zoom and I'll show you how to deploy it.

Cheers,
Jacob",
FALSE,FALSE,The Mansion Bar,cocktail_bar,"2821 Turtle Creek Blvd, Dallas, TX 75219, USA",Dallas-Arlington,USA,+1 214-443-4747,https://www.rosewoodhotels.com/en/mansion-on-turtle-creek-dallas/dining/mansion-bar,mansion.restaurant@rosewoodhotels.com,valid,scraped_website,100,4.1,59,google_places_enriched,uptown_zone,17 miles,"Hi The Mansion Bar team,

There's a World Cup game 17 miles from The Mansion Bar, in less than 50 days, and 2× AT&T Stadium (160K) worth of fans coming to Dallas.

We're CrowdReady - a group of data scientists building actionable reports for Dallas businesses. We pulled the numbers for The Mansion Bar specifically:

- who's coming (countries, ages, spending profile)
- when they'll be near you, hour by hour, on game day
- a Facebook/Instagram ad you can launch before kickoff— copy, audience, budget
- a day-of plan: when to staff up, what to stock, what to price up
- the single move with the highest projected revenue for The Mansion Bar

Worth taking a look? I can send over a quick The Mansion Bar snapshot today with the key numbers and the clearest opportunity we see.

If it's useful, 15 minutes on Zoom and I'll show you how to deploy it.

Cheers,
Lucas","Hi The Mansion Bar team,

There's a World Cup game 17 miles from The Mansion Bar, in less than 50 days, and 2× AT&T Stadium (160K) worth of fans coming to Dallas.

We're CrowdReady - a group of data scientists building actionable reports for Dallas businesses. We pulled the numbers for The Mansion Bar specifically:

- who's coming (countries, ages, spending profile)
- when they'll be near you, hour by hour, on game day
- a Facebook/Instagram ad you can launch before kickoff— copy, audience, budget
- a day-of plan: when to staff up, what to stock, what to price up
- the single move with the highest projected revenue for The Mansion Bar

Worth taking a look? I can send over a quick The Mansion Bar snapshot today with the key numbers and the clearest opportunity we see.

If it's useful, 15 minutes on Zoom and I'll show you how to deploy it.

Cheers,
Anthony","Hi The Mansion Bar team,

There's a World Cup game 17 miles from The Mansion Bar, in less than 50 days, and 2× AT&T Stadium (160K) worth of fans coming to Dallas.

We're CrowdReady - a group of data scientists building actionable reports for Dallas businesses. We pulled the numbers for The Mansion Bar specifically:

- who's coming (countries, ages, spending profile)
- when they'll be near you, hour by hour, on game day
- a Facebook/Instagram ad you can launch before kickoff— copy, audience, budget
- a day-of plan: when to staff up, what to stock, what to price up
- the single move with the highest projected revenue for The Mansion Bar

Worth taking a look? I can send over a quick The Mansion Bar snapshot today with the key numbers and the clearest opportunity we see.

If it's useful, 15 minutes on Zoom and I'll show you how to deploy it.

Cheers,
Jacob",
FALSE,FALSE,Babou's,cocktail_bar,"2598 N Harwood St, Dallas, TX 75201, USA",Dallas-Arlington,USA,+1 469-753-3509,https://babousdallas.com/,vipreservations@babousdallas.com,accept_all,hunter_search,60,3.8,136,google_places_enriched,uptown_zone,17 miles,"Hi Babou's team,

There's a World Cup game 17 miles from Babou's, in less than 50 days, and 2× AT&T Stadium (160K) worth of fans coming to Dallas.

We're CrowdReady - a group of data scientists building actionable reports for Dallas businesses. We pulled the numbers for Babou's specifically:

- who's coming (countries, ages, spending profile)
- when they'll be near you, hour by hour, on game day
- a Facebook/Instagram ad you can launch before kickoff— copy, audience, budget
- a day-of plan: when to staff up, what to stock, what to price up
- the single move with the highest projected revenue for Babou's

Worth taking a look? I can send over a quick Babou's snapshot today with the key numbers and the clearest opportunity we see.

If it's useful, 15 minutes on Zoom and I'll show you how to deploy it.

Cheers,
Lucas","Hi Babou's team,

There's a World Cup game 17 miles from Babou's, in less than 50 days, and 2× AT&T Stadium (160K) worth of fans coming to Dallas.

We're CrowdReady - a group of data scientists building actionable reports for Dallas businesses. We pulled the numbers for Babou's specifically:

- who's coming (countries, ages, spending profile)
- when they'll be near you, hour by hour, on game day
- a Facebook/Instagram ad you can launch before kickoff— copy, audience, budget
- a day-of plan: when to staff up, what to stock, what to price up
- the single move with the highest projected revenue for Babou's

Worth taking a look? I can send over a quick Babou's snapshot today with the key numbers and the clearest opportunity we see.

If it's useful, 15 minutes on Zoom and I'll show you how to deploy it.

Cheers,
Anthony","Hi Babou's team,

There's a World Cup game 17 miles from Babou's, in less than 50 days, and 2× AT&T Stadium (160K) worth of fans coming to Dallas.

We're CrowdReady - a group of data scientists building actionable reports for Dallas businesses. We pulled the numbers for Babou's specifically:

- who's coming (countries, ages, spending profile)
- when they'll be near you, hour by hour, on game day
- a Facebook/Instagram ad you can launch before kickoff— copy, audience, budget
- a day-of plan: when to staff up, what to stock, what to price up
- the single move with the highest projected revenue for Babou's

Worth taking a look? I can send over a quick Babou's snapshot today with the key numbers and the clearest opportunity we see.

If it's useful, 15 minutes on Zoom and I'll show you how to deploy it.

Cheers,
Jacob",
FALSE,FALSE,Apothecary,sports_bar,"1922 Greenville Ave, Dallas, TX 75206, USA",Dallas-Arlington,USA,+1 972-850-9192,https://www.apothecary.bar/,info@apothecary.bar,valid,scraped_website,100,4.4,364,google_places_enriched,uptown_zone,19 miles,"Hi Apothecary team,

There's a World Cup game 19 miles from Apothecary, in less than 50 days, and 2× AT&T Stadium (160K) worth of fans coming to Dallas.

We're CrowdReady - a group of data scientists building actionable reports for Dallas businesses. We pulled the numbers for Apothecary specifically:

- who's coming (countries, ages, spending profile)
- when they'll be near you, hour by hour, on game day
- a Facebook/Instagram ad you can launch before kickoff— copy, audience, budget
- a day-of plan: when to staff up, what to stock, what to price up
- the single move with the highest projected revenue for Apothecary

Worth taking a look? I can send over a quick Apothecary snapshot today with the key numbers and the clearest opportunity we see.

If it's useful, 15 minutes on Zoom and I'll show you how to deploy it.

Cheers,
Lucas","Hi Apothecary team,

There's a World Cup game 19 miles from Apothecary, in less than 50 days, and 2× AT&T Stadium (160K) worth of fans coming to Dallas.

We're CrowdReady - a group of data scientists building actionable reports for Dallas businesses. We pulled the numbers for Apothecary specifically:

- who's coming (countries, ages, spending profile)
- when they'll be near you, hour by hour, on game day
- a Facebook/Instagram ad you can launch before kickoff— copy, audience, budget
- a day-of plan: when to staff up, what to stock, what to price up
- the single move with the highest projected revenue for Apothecary

Worth taking a look? I can send over a quick Apothecary snapshot today with the key numbers and the clearest opportunity we see.

If it's useful, 15 minutes on Zoom and I'll show you how to deploy it.

Cheers,
Anthony","Hi Apothecary team,

There's a World Cup game 19 miles from Apothecary, in less than 50 days, and 2× AT&T Stadium (160K) worth of fans coming to Dallas.

We're CrowdReady - a group of data scientists building actionable reports for Dallas businesses. We pulled the numbers for Apothecary specifically:

- who's coming (countries, ages, spending profile)
- when they'll be near you, hour by hour, on game day
- a Facebook/Instagram ad you can launch before kickoff— copy, audience, budget
- a day-of plan: when to staff up, what to stock, what to price up
- the single move with the highest projected revenue for Apothecary

Worth taking a look? I can send over a quick Apothecary snapshot today with the key numbers and the clearest opportunity we see.

If it's useful, 15 minutes on Zoom and I'll show you how to deploy it.

Cheers,
Jacob",
FALSE,FALSE,Atlas Bishop Arts,sports_bar,"408 N Bishop Ave #101, Dallas, TX 75208, USA",Dallas-Arlington,USA,+1 972-970-9663,https://atlascocktailbar.com/bishop-arts,b.williams@atlascocktailbar.com,valid,scraped_website,100,4.6,453,google_places_enriched,uptown_zone,15 miles,"Hi Atlas Bishop Arts team,

There's a World Cup game 15 miles from Atlas Bishop Arts, in less than 50 days, and 2× AT&T Stadium (160K) worth of fans coming to Dallas.

We're CrowdReady - a group of data scientists building actionable reports for Dallas businesses. We pulled the numbers for Atlas Bishop Arts specifically:

- who's coming (countries, ages, spending profile)
- when they'll be near you, hour by hour, on game day
- a Facebook/Instagram ad you can launch before kickoff— copy, audience, budget
- a day-of plan: when to staff up, what to stock, what to price up
- the single move with the highest projected revenue for Atlas Bishop Arts

Worth taking a look? I can send over a quick Atlas Bishop Arts snapshot today with the key numbers and the clearest opportunity we see.

If it's useful, 15 minutes on Zoom and I'll show you how to deploy it.

Cheers,
Lucas","Hi Atlas Bishop Arts team,

There's a World Cup game 15 miles from Atlas Bishop Arts, in less than 50 days, and 2× AT&T Stadium (160K) worth of fans coming to Dallas.

We're CrowdReady - a group of data scientists building actionable reports for Dallas businesses. We pulled the numbers for Atlas Bishop Arts specifically:

- who's coming (countries, ages, spending profile)
- when they'll be near you, hour by hour, on game day
- a Facebook/Instagram ad you can launch before kickoff— copy, audience, budget
- a day-of plan: when to staff up, what to stock, what to price up
- the single move with the highest projected revenue for Atlas Bishop Arts

Worth taking a look? I can send over a quick Atlas Bishop Arts snapshot today with the key numbers and the clearest opportunity we see.

If it's useful, 15 minutes on Zoom and I'll show you how to deploy it.

Cheers,
Anthony","Hi Atlas Bishop Arts team,

There's a World Cup game 15 miles from Atlas Bishop Arts, in less than 50 days, and 2× AT&T Stadium (160K) worth of fans coming to Dallas.

We're CrowdReady - a group of data scientists building actionable reports for Dallas businesses. We pulled the numbers for Atlas Bishop Arts specifically:

- who's coming (countries, ages, spending profile)
- when they'll be near you, hour by hour, on game day
- a Facebook/Instagram ad you can launch before kickoff— copy, audience, budget
- a day-of plan: when to staff up, what to stock, what to price up
- the single move with the highest projected revenue for Atlas Bishop Arts

Worth taking a look? I can send over a quick Atlas Bishop Arts snapshot today with the key numbers and the clearest opportunity we see.

If it's useful, 15 minutes on Zoom and I'll show you how to deploy it.

Cheers,
Jacob",
FALSE,FALSE,Harwood Arms,cocktail_bar,"2823 McKinnon St, Dallas, TX 75201, USA",Dallas-Arlington,USA,+1 214-273-5151,https://harwoodarmsdallas.com/,hello@harwoodarmsdallas.com,accept_all,hunter_search,60,4.4,647,google_places_enriched,uptown_zone,17 miles,"Hi Harwood Arms team,

There's a World Cup game 17 miles from Harwood Arms, in less than 50 days, and 2× AT&T Stadium (160K) worth of fans coming to Dallas.

We're CrowdReady - a group of data scientists building actionable reports for Dallas businesses. We pulled the numbers for Harwood Arms specifically:

- who's coming (countries, ages, spending profile)
- when they'll be near you, hour by hour, on game day
- a Facebook/Instagram ad you can launch before kickoff— copy, audience, budget
- a day-of plan: when to staff up, what to stock, what to price up
- the single move with the highest projected revenue for Harwood Arms

Worth taking a look? I can send over a quick Harwood Arms snapshot today with the key numbers and the clearest opportunity we see.

If it's useful, 15 minutes on Zoom and I'll show you how to deploy it.

Cheers,
Lucas","Hi Harwood Arms team,

There's a World Cup game 17 miles from Harwood Arms, in less than 50 days, and 2× AT&T Stadium (160K) worth of fans coming to Dallas.

We're CrowdReady - a group of data scientists building actionable reports for Dallas businesses. We pulled the numbers for Harwood Arms specifically:

- who's coming (countries, ages, spending profile)
- when they'll be near you, hour by hour, on game day
- a Facebook/Instagram ad you can launch before kickoff— copy, audience, budget
- a day-of plan: when to staff up, what to stock, what to price up
- the single move with the highest projected revenue for Harwood Arms

Worth taking a look? I can send over a quick Harwood Arms snapshot today with the key numbers and the clearest opportunity we see.

If it's useful, 15 minutes on Zoom and I'll show you how to deploy it.

Cheers,
Anthony","Hi Harwood Arms team,

There's a World Cup game 17 miles from Harwood Arms, in less than 50 days, and 2× AT&T Stadium (160K) worth of fans coming to Dallas.

We're CrowdReady - a group of data scientists building actionable reports for Dallas businesses. We pulled the numbers for Harwood Arms specifically:

- who's coming (countries, ages, spending profile)
- when they'll be near you, hour by hour, on game day
- a Facebook/Instagram ad you can launch before kickoff— copy, audience, budget
- a day-of plan: when to staff up, what to stock, what to price up
- the single move with the highest projected revenue for Harwood Arms

Worth taking a look? I can send over a quick Harwood Arms snapshot today with the key numbers and the clearest opportunity we see.

If it's useful, 15 minutes on Zoom and I'll show you how to deploy it.

Cheers,
Jacob",
FALSE,FALSE,Moxies,sports_bar,"100 Crescent Ct, Dallas, TX 75201, USA",Dallas-Arlington,USA,+1 469-936-4329,https://moxies.com/restaurants/dallas-crescent-court?utm_source=GMB&utm_medium=google-location-listing&utm_campaign=organic,info@moxies.com,valid,hunter_search,95,4.4,3014,google_places_enriched,uptown_zone,17 miles,"Hi Moxies team,

There's a World Cup game 17 miles from Moxies, in less than 50 days, and 2× AT&T Stadium (160K) worth of fans coming to Dallas.

We're CrowdReady - a group of data scientists building actionable reports for Dallas businesses. We pulled the numbers for Moxies specifically:

- who's coming (countries, ages, spending profile)
- when they'll be near you, hour by hour, on game day
- a Facebook/Instagram ad you can launch before kickoff— copy, audience, budget
- a day-of plan: when to staff up, what to stock, what to price up
- the single move with the highest projected revenue for Moxies

Worth taking a look? I can send over a quick Moxies snapshot today with the key numbers and the clearest opportunity we see.

If it's useful, 15 minutes on Zoom and I'll show you how to deploy it.

Cheers,
Lucas","Hi Moxies team,

There's a World Cup game 17 miles from Moxies, in less than 50 days, and 2× AT&T Stadium (160K) worth of fans coming to Dallas.

We're CrowdReady - a group of data scientists building actionable reports for Dallas businesses. We pulled the numbers for Moxies specifically:

- who's coming (countries, ages, spending profile)
- when they'll be near you, hour by hour, on game day
- a Facebook/Instagram ad you can launch before kickoff— copy, audience, budget
- a day-of plan: when to staff up, what to stock, what to price up
- the single move with the highest projected revenue for Moxies

Worth taking a look? I can send over a quick Moxies snapshot today with the key numbers and the clearest opportunity we see.

If it's useful, 15 minutes on Zoom and I'll show you how to deploy it.

Cheers,
Anthony","Hi Moxies team,

There's a World Cup game 17 miles from Moxies, in less than 50 days, and 2× AT&T Stadium (160K) worth of fans coming to Dallas.

We're CrowdReady - a group of data scientists building actionable reports for Dallas businesses. We pulled the numbers for Moxies specifically:

- who's coming (countries, ages, spending profile)
- when they'll be near you, hour by hour, on game day
- a Facebook/Instagram ad you can launch before kickoff— copy, audience, budget
- a day-of plan: when to staff up, what to stock, what to price up
- the single move with the highest projected revenue for Moxies

Worth taking a look? I can send over a quick Moxies snapshot today with the key numbers and the clearest opportunity we see.

If it's useful, 15 minutes on Zoom and I'll show you how to deploy it.

Cheers,
Jacob",
FALSE,FALSE,Local Tap & Table,sports_bar,"3333 Harry Hines Blvd Suite 100, Dallas, TX 75201, USA",Dallas-Arlington,USA,+1 469-283-2000,https://www.localtapandtable.com/,contact@localtapandtable.com,valid,scraped_website,100,4.4,3852,google_places_enriched,uptown_zone,17 miles,"Hi Local Tap & Table team,

There's a World Cup game 17 miles from Local Tap & Table, in less than 50 days, and 2× AT&T Stadium (160K) worth of fans coming to Dallas.

We're CrowdReady - a group of data scientists building actionable reports for Dallas businesses. We pulled the numbers for Local Tap & Table specifically:

- who's coming (countries, ages, spending profile)
- when they'll be near you, hour by hour, on game day
- a Facebook/Instagram ad you can launch before kickoff— copy, audience, budget
- a day-of plan: when to staff up, what to stock, what to price up
- the single move with the highest projected revenue for Local Tap & Table

Worth taking a look? I can send over a quick Local Tap & Table snapshot today with the key numbers and the clearest opportunity we see.

If it's useful, 15 minutes on Zoom and I'll show you how to deploy it.

Cheers,
Lucas","Hi Local Tap & Table team,

There's a World Cup game 17 miles from Local Tap & Table, in less than 50 days, and 2× AT&T Stadium (160K) worth of fans coming to Dallas.

We're CrowdReady - a group of data scientists building actionable reports for Dallas businesses. We pulled the numbers for Local Tap & Table specifically:

- who's coming (countries, ages, spending profile)
- when they'll be near you, hour by hour, on game day
- a Facebook/Instagram ad you can launch before kickoff— copy, audience, budget
- a day-of plan: when to staff up, what to stock, what to price up
- the single move with the highest projected revenue for Local Tap & Table

Worth taking a look? I can send over a quick Local Tap & Table snapshot today with the key numbers and the clearest opportunity we see.

If it's useful, 15 minutes on Zoom and I'll show you how to deploy it.

Cheers,
Anthony","Hi Local Tap & Table team,

There's a World Cup game 17 miles from Local Tap & Table, in less than 50 days, and 2× AT&T Stadium (160K) worth of fans coming to Dallas.

We're CrowdReady - a group of data scientists building actionable reports for Dallas businesses. We pulled the numbers for Local Tap & Table specifically:

- who's coming (countries, ages, spending profile)
- when they'll be near you, hour by hour, on game day
- a Facebook/Instagram ad you can launch before kickoff— copy, audience, budget
- a day-of plan: when to staff up, what to stock, what to price up
- the single move with the highest projected revenue for Local Tap & Table

Worth taking a look? I can send over a quick Local Tap & Table snapshot today with the key numbers and the clearest opportunity we see.

If it's useful, 15 minutes on Zoom and I'll show you how to deploy it.

Cheers,
Jacob",
FALSE,FALSE,Rodeo Bar,sports_bar,"1321 Commerce St, Dallas, TX 75202, USA",Dallas-Arlington,USA,+1 214-651-3559,https://www.adolphus.com/restaurants-bars/rodeo-bar?utm_source=google-gbp&utm_medium=organic&utm_campaign=gbp,sfitz@adolphus.com,valid,hunter_search,99,4.7,1343,google_places_enriched,uptown_zone,17 miles,"Hi Rodeo Bar team,

There's a World Cup game 17 miles from Rodeo Bar, in less than 50 days, and 2× AT&T Stadium (160K) worth of fans coming to Dallas.

We're CrowdReady - a group of data scientists building actionable reports for Dallas businesses. We pulled the numbers for Rodeo Bar specifically:

- who's coming (countries, ages, spending profile)
- when they'll be near you, hour by hour, on game day
- a Facebook/Instagram ad you can launch before kickoff— copy, audience, budget
- a day-of plan: when to staff up, what to stock, what to price up
- the single move with the highest projected revenue for Rodeo Bar

Worth taking a look? I can send over a quick Rodeo Bar snapshot today with the key numbers and the clearest opportunity we see.

If it's useful, 15 minutes on Zoom and I'll show you how to deploy it.

Cheers,
Lucas","Hi Rodeo Bar team,

There's a World Cup game 17 miles from Rodeo Bar, in less than 50 days, and 2× AT&T Stadium (160K) worth of fans coming to Dallas.

We're CrowdReady - a group of data scientists building actionable reports for Dallas businesses. We pulled the numbers for Rodeo Bar specifically:

- who's coming (countries, ages, spending profile)
- when they'll be near you, hour by hour, on game day
- a Facebook/Instagram ad you can launch before kickoff— copy, audience, budget
- a day-of plan: when to staff up, what to stock, what to price up
- the single move with the highest projected revenue for Rodeo Bar

Worth taking a look? I can send over a quick Rodeo Bar snapshot today with the key numbers and the clearest opportunity we see.

If it's useful, 15 minutes on Zoom and I'll show you how to deploy it.

Cheers,
Anthony","Hi Rodeo Bar team,

There's a World Cup game 17 miles from Rodeo Bar, in less than 50 days, and 2× AT&T Stadium (160K) worth of fans coming to Dallas.

We're CrowdReady - a group of data scientists building actionable reports for Dallas businesses. We pulled the numbers for Rodeo Bar specifically:

- who's coming (countries, ages, spending profile)
- when they'll be near you, hour by hour, on game day
- a Facebook/Instagram ad you can launch before kickoff— copy, audience, budget
- a day-of plan: when to staff up, what to stock, what to price up
- the single move with the highest projected revenue for Rodeo Bar

Worth taking a look? I can send over a quick Rodeo Bar snapshot today with the key numbers and the clearest opportunity we see.

If it's useful, 15 minutes on Zoom and I'll show you how to deploy it.

Cheers,
Jacob",
FALSE,FALSE,Alexandre's,sports_bar,"4026 Cedar Springs Rd, Dallas, TX 75219, USA",Dallas-Arlington,USA,+1 214-559-0720,http://www.alexandres.com/,lee@alexandres.com,valid,scraped_website,100,4.5,553,google_places_enriched,uptown_zone,17 miles,"Hi Alexandre's team,

There's a World Cup game 17 miles from Alexandre's, in less than 50 days, and 2× AT&T Stadium (160K) worth of fans coming to Dallas.

We're CrowdReady - a group of data scientists building actionable reports for Dallas businesses. We pulled the numbers for Alexandre's specifically:

- who's coming (countries, ages, spending profile)
- when they'll be near you, hour by hour, on game day
- a Facebook/Instagram ad you can launch before kickoff— copy, audience, budget
- a day-of plan: when to staff up, what to stock, what to price up
- the single move with the highest projected revenue for Alexandre's

Worth taking a look? I can send over a quick Alexandre's snapshot today with the key numbers and the clearest opportunity we see.

If it's useful, 15 minutes on Zoom and I'll show you how to deploy it.

Cheers,
Lucas","Hi Alexandre's team,

There's a World Cup game 17 miles from Alexandre's, in less than 50 days, and 2× AT&T Stadium (160K) worth of fans coming to Dallas.

We're CrowdReady - a group of data scientists building actionable reports for Dallas businesses. We pulled the numbers for Alexandre's specifically:

- who's coming (countries, ages, spending profile)
- when they'll be near you, hour by hour, on game day
- a Facebook/Instagram ad you can launch before kickoff— copy, audience, budget
- a day-of plan: when to staff up, what to stock, what to price up
- the single move with the highest projected revenue for Alexandre's

Worth taking a look? I can send over a quick Alexandre's snapshot today with the key numbers and the clearest opportunity we see.

If it's useful, 15 minutes on Zoom and I'll show you how to deploy it.

Cheers,
Anthony","Hi Alexandre's team,

There's a World Cup game 17 miles from Alexandre's, in less than 50 days, and 2× AT&T Stadium (160K) worth of fans coming to Dallas.

We're CrowdReady - a group of data scientists building actionable reports for Dallas businesses. We pulled the numbers for Alexandre's specifically:

- who's coming (countries, ages, spending profile)
- when they'll be near you, hour by hour, on game day
- a Facebook/Instagram ad you can launch before kickoff— copy, audience, budget
- a day-of plan: when to staff up, what to stock, what to price up
- the single move with the highest projected revenue for Alexandre's

Worth taking a look? I can send over a quick Alexandre's snapshot today with the key numbers and the clearest opportunity we see.

If it's useful, 15 minutes on Zoom and I'll show you how to deploy it.

Cheers,
Jacob",
FALSE,FALSE,Rebel & Rose Neighborhood Bar,cocktail_bar,"2916 McKinney Ave, Dallas, TX 75204, USA",Dallas-Arlington,USA,+1 214-647-1047,http://www.rebelandrosebar.com/,info@rebelandrosebar.com,valid,scraped_website,100,4.4,63,google_places_enriched,uptown_zone,17 miles,"Hi Rebel & Rose Neighborhood Bar team,

There's a World Cup game 17 miles from Rebel & Rose Neighborhood Bar, in less than 50 days, and 2× AT&T Stadium (160K) worth of fans coming to Dallas.

We're CrowdReady - a group of data scientists building actionable reports for Dallas businesses. We pulled the numbers for Rebel & Rose Neighborhood Bar specifically:

- who's coming (countries, ages, spending profile)
- when they'll be near you, hour by hour, on game day
- a Facebook/Instagram ad you can launch before kickoff— copy, audience, budget
- a day-of plan: when to staff up, what to stock, what to price up
- the single move with the highest projected revenue for Rebel & Rose Neighborhood Bar

Worth taking a look? I can send over a quick Rebel & Rose Neighborhood Bar snapshot today with the key numbers and the clearest opportunity we see.

If it's useful, 15 minutes on Zoom and I'll show you how to deploy it.

Cheers,
Lucas","Hi Rebel & Rose Neighborhood Bar team,

There's a World Cup game 17 miles from Rebel & Rose Neighborhood Bar, in less than 50 days, and 2× AT&T Stadium (160K) worth of fans coming to Dallas.

We're CrowdReady - a group of data scientists building actionable reports for Dallas businesses. We pulled the numbers for Rebel & Rose Neighborhood Bar specifically:

- who's coming (countries, ages, spending profile)
- when they'll be near you, hour by hour, on game day
- a Facebook/Instagram ad you can launch before kickoff— copy, audience, budget
- a day-of plan: when to staff up, what to stock, what to price up
- the single move with the highest projected revenue for Rebel & Rose Neighborhood Bar

Worth taking a look? I can send over a quick Rebel & Rose Neighborhood Bar snapshot today with the key numbers and the clearest opportunity we see.

If it's useful, 15 minutes on Zoom and I'll show you how to deploy it.

Cheers,
Anthony","Hi Rebel & Rose Neighborhood Bar team,

There's a World Cup game 17 miles from Rebel & Rose Neighborhood Bar, in less than 50 days, and 2× AT&T Stadium (160K) worth of fans coming to Dallas.

We're CrowdReady - a group of data scientists building actionable reports for Dallas businesses. We pulled the numbers for Rebel & Rose Neighborhood Bar specifically:

- who's coming (countries, ages, spending profile)
- when they'll be near you, hour by hour, on game day
- a Facebook/Instagram ad you can launch before kickoff— copy, audience, budget
- a day-of plan: when to staff up, what to stock, what to price up
- the single move with the highest projected revenue for Rebel & Rose Neighborhood Bar

Worth taking a look? I can send over a quick Rebel & Rose Neighborhood Bar snapshot today with the key numbers and the clearest opportunity we see.

If it's useful, 15 minutes on Zoom and I'll show you how to deploy it.

Cheers,
Jacob",
FALSE,FALSE,Lucky Dog Saloon,sports_bar,"2701 Cedar Springs Rd, Dallas, TX 75201, USA",Dallas-Arlington,USA,+1 214-985-8811,https://www.luckydogsaloon.dog/,info@luckydogsaloon.dog,valid,scraped_website,92,4.1,121,google_places_enriched,uptown_zone,17 miles,"Hi Lucky Dog Saloon team,

There's a World Cup game 17 miles from Lucky Dog Saloon, in less than 50 days, and 2× AT&T Stadium (160K) worth of fans coming to Dallas.

We're CrowdReady - a group of data scientists building actionable reports for Dallas businesses. We pulled the numbers for Lucky Dog Saloon specifically:

- who's coming (countries, ages, spending profile)
- when they'll be near you, hour by hour, on game day
- a Facebook/Instagram ad you can launch before kickoff— copy, audience, budget
- a day-of plan: when to staff up, what to stock, what to price up
- the single move with the highest projected revenue for Lucky Dog Saloon

Worth taking a look? I can send over a quick Lucky Dog Saloon snapshot today with the key numbers and the clearest opportunity we see.

If it's useful, 15 minutes on Zoom and I'll show you how to deploy it.

Cheers,
Lucas","Hi Lucky Dog Saloon team,

There's a World Cup game 17 miles from Lucky Dog Saloon, in less than 50 days, and 2× AT&T Stadium (160K) worth of fans coming to Dallas.

We're CrowdReady - a group of data scientists building actionable reports for Dallas businesses. We pulled the numbers for Lucky Dog Saloon specifically:

- who's coming (countries, ages, spending profile)
- when they'll be near you, hour by hour, on game day
- a Facebook/Instagram ad you can launch before kickoff— copy, audience, budget
- a day-of plan: when to staff up, what to stock, what to price up
- the single move with the highest projected revenue for Lucky Dog Saloon

Worth taking a look? I can send over a quick Lucky Dog Saloon snapshot today with the key numbers and the clearest opportunity we see.

If it's useful, 15 minutes on Zoom and I'll show you how to deploy it.

Cheers,
Anthony","Hi Lucky Dog Saloon team,

There's a World Cup game 17 miles from Lucky Dog Saloon, in less than 50 days, and 2× AT&T Stadium (160K) worth of fans coming to Dallas.

We're CrowdReady - a group of data scientists building actionable reports for Dallas businesses. We pulled the numbers for Lucky Dog Saloon specifically:

- who's coming (countries, ages, spending profile)
- when they'll be near you, hour by hour, on game day
- a Facebook/Instagram ad you can launch before kickoff— copy, audience, budget
- a day-of plan: when to staff up, what to stock, what to price up
- the single move with the highest projected revenue for Lucky Dog Saloon

Worth taking a look? I can send over a quick Lucky Dog Saloon snapshot today with the key numbers and the clearest opportunity we see.

If it's useful, 15 minutes on Zoom and I'll show you how to deploy it.

Cheers,
Jacob",
FALSE,FALSE,Adair's Saloon,sports_bar,"2624 Commerce St, Dallas, TX 75226, USA",Dallas-Arlington,USA,+1 214-939-9900,http://www.adairssaloon.com/,info@adairssaloon.com,valid,scraped_website,100,4.6,829,google_places_enriched,deep_ellum_zone,18 miles,"Hi Adair's Saloon team,

There's a World Cup game 18 miles from Adair's Saloon, in less than 50 days, and 2× AT&T Stadium (160K) worth of fans coming to Dallas.

We're CrowdReady - a group of data scientists building actionable reports for Dallas businesses. We pulled the numbers for Adair's Saloon specifically:

- who's coming (countries, ages, spending profile)
- when they'll be near you, hour by hour, on game day
- a Facebook/Instagram ad you can launch before kickoff— copy, audience, budget
- a day-of plan: when to staff up, what to stock, what to price up
- the single move with the highest projected revenue for Adair's Saloon

Worth taking a look? I can send over a quick Adair's Saloon snapshot today with the key numbers and the clearest opportunity we see.

If it's useful, 15 minutes on Zoom and I'll show you how to deploy it.

Cheers,
Lucas","Hi Adair's Saloon team,

There's a World Cup game 18 miles from Adair's Saloon, in less than 50 days, and 2× AT&T Stadium (160K) worth of fans coming to Dallas.

We're CrowdReady - a group of data scientists building actionable reports for Dallas businesses. We pulled the numbers for Adair's Saloon specifically:

- who's coming (countries, ages, spending profile)
- when they'll be near you, hour by hour, on game day
- a Facebook/Instagram ad you can launch before kickoff— copy, audience, budget
- a day-of plan: when to staff up, what to stock, what to price up
- the single move with the highest projected revenue for Adair's Saloon

Worth taking a look? I can send over a quick Adair's Saloon snapshot today with the key numbers and the clearest opportunity we see.

If it's useful, 15 minutes on Zoom and I'll show you how to deploy it.

Cheers,
Anthony","Hi Adair's Saloon team,

There's a World Cup game 18 miles from Adair's Saloon, in less than 50 days, and 2× AT&T Stadium (160K) worth of fans coming to Dallas.

We're CrowdReady - a group of data scientists building actionable reports for Dallas businesses. We pulled the numbers for Adair's Saloon specifically:

- who's coming (countries, ages, spending profile)
- when they'll be near you, hour by hour, on game day
- a Facebook/Instagram ad you can launch before kickoff— copy, audience, budget
- a day-of plan: when to staff up, what to stock, what to price up
- the single move with the highest projected revenue for Adair's Saloon

Worth taking a look? I can send over a quick Adair's Saloon snapshot today with the key numbers and the clearest opportunity we see.

If it's useful, 15 minutes on Zoom and I'll show you how to deploy it.

Cheers,
Jacob",
FALSE,FALSE,Off The Cuff,sports_bar,"2901 Elm St, Dallas, TX 75226, USA",Dallas-Arlington,USA,+1 469-237-0918,http://www.otcdallas.com/,info@otcdallas.com,accept_all,scraped_website,82,4.1,446,google_places_enriched,deep_ellum_zone,18 miles,"Hi Off The Cuff team,

There's a World Cup game 18 miles from Off The Cuff, in less than 50 days, and 2× AT&T Stadium (160K) worth of fans coming to Dallas.

We're CrowdReady - a group of data scientists building actionable reports for Dallas businesses. We pulled the numbers for Off The Cuff specifically:

- who's coming (countries, ages, spending profile)
- when they'll be near you, hour by hour, on game day
- a Facebook/Instagram ad you can launch before kickoff— copy, audience, budget
- a day-of plan: when to staff up, what to stock, what to price up
- the single move with the highest projected revenue for Off The Cuff

Worth taking a look? I can send over a quick Off The Cuff snapshot today with the key numbers and the clearest opportunity we see.

If it's useful, 15 minutes on Zoom and I'll show you how to deploy it.

Cheers,
Lucas","Hi Off The Cuff team,

There's a World Cup game 18 miles from Off The Cuff, in less than 50 days, and 2× AT&T Stadium (160K) worth of fans coming to Dallas.

We're CrowdReady - a group of data scientists building actionable reports for Dallas businesses. We pulled the numbers for Off The Cuff specifically:

- who's coming (countries, ages, spending profile)
- when they'll be near you, hour by hour, on game day
- a Facebook/Instagram ad you can launch before kickoff— copy, audience, budget
- a day-of plan: when to staff up, what to stock, what to price up
- the single move with the highest projected revenue for Off The Cuff

Worth taking a look? I can send over a quick Off The Cuff snapshot today with the key numbers and the clearest opportunity we see.

If it's useful, 15 minutes on Zoom and I'll show you how to deploy it.

Cheers,
Anthony","Hi Off The Cuff team,

There's a World Cup game 18 miles from Off The Cuff, in less than 50 days, and 2× AT&T Stadium (160K) worth of fans coming to Dallas.

We're CrowdReady - a group of data scientists building actionable reports for Dallas businesses. We pulled the numbers for Off The Cuff specifically:

- who's coming (countries, ages, spending profile)
- when they'll be near you, hour by hour, on game day
- a Facebook/Instagram ad you can launch before kickoff— copy, audience, budget
- a day-of plan: when to staff up, what to stock, what to price up
- the single move with the highest projected revenue for Off The Cuff

Worth taking a look? I can send over a quick Off The Cuff snapshot today with the key numbers and the clearest opportunity we see.

If it's useful, 15 minutes on Zoom and I'll show you how to deploy it.

Cheers,
Jacob",
FALSE,FALSE,Electric Shuffle Dallas,sports_bar,"2615 Elm St, Dallas, TX 75226, USA",Dallas-Arlington,USA,+1 469-382-9888,https://electricshuffle.com/us/dallas,events@electricshuffle.com,valid,hunter_search,96,4.7,715,google_places_enriched,deep_ellum_zone,18 miles,"Hi Electric Shuffle Dallas team,

There's a World Cup game 18 miles from Electric Shuffle Dallas, in less than 50 days, and 2× AT&T Stadium (160K) worth of fans coming to Dallas.

We're CrowdReady - a group of data scientists building actionable reports for Dallas businesses. We pulled the numbers for Electric Shuffle Dallas specifically:

- who's coming (countries, ages, spending profile)
- when they'll be near you, hour by hour, on game day
- a Facebook/Instagram ad you can launch before kickoff— copy, audience, budget
- a day-of plan: when to staff up, what to stock, what to price up
- the single move with the highest projected revenue for Electric Shuffle Dallas

Worth taking a look? I can send over a quick Electric Shuffle Dallas snapshot today with the key numbers and the clearest opportunity we see.

If it's useful, 15 minutes on Zoom and I'll show you how to deploy it.

Cheers,
Lucas","Hi Electric Shuffle Dallas team,

There's a World Cup game 18 miles from Electric Shuffle Dallas, in less than 50 days, and 2× AT&T Stadium (160K) worth of fans coming to Dallas.

We're CrowdReady - a group of data scientists building actionable reports for Dallas businesses. We pulled the numbers for Electric Shuffle Dallas specifically:

- who's coming (countries, ages, spending profile)
- when they'll be near you, hour by hour, on game day
- a Facebook/Instagram ad you can launch before kickoff— copy, audience, budget
- a day-of plan: when to staff up, what to stock, what to price up
- the single move with the highest projected revenue for Electric Shuffle Dallas

Worth taking a look? I can send over a quick Electric Shuffle Dallas snapshot today with the key numbers and the clearest opportunity we see.

If it's useful, 15 minutes on Zoom and I'll show you how to deploy it.

Cheers,
Anthony","Hi Electric Shuffle Dallas team,

There's a World Cup game 18 miles from Electric Shuffle Dallas, in less than 50 days, and 2× AT&T Stadium (160K) worth of fans coming to Dallas.

We're CrowdReady - a group of data scientists building actionable reports for Dallas businesses. We pulled the numbers for Electric Shuffle Dallas specifically:

- who's coming (countries, ages, spending profile)
- when they'll be near you, hour by hour, on game day
- a Facebook/Instagram ad you can launch before kickoff— copy, audience, budget
- a day-of plan: when to staff up, what to stock, what to price up
- the single move with the highest projected revenue for Electric Shuffle Dallas

Worth taking a look? I can send over a quick Electric Shuffle Dallas snapshot today with the key numbers and the clearest opportunity we see.

If it's useful, 15 minutes on Zoom and I'll show you how to deploy it.

Cheers,
Jacob",
FALSE,FALSE,Deep Ellum Art Co.,sports_bar,"3200 Commerce St, Dallas, TX 75226, USA",Dallas-Arlington,USA,,https://deepellumart.co/?utm_source=gbp&utm_medium=organic,info@deepellumart.co,valid,scraped_website,100,4.7,1474,google_places_enriched,deep_ellum_zone,19 miles,"Hi Deep Ellum Art Co. team,

There's a World Cup game 19 miles from Deep Ellum Art Co., in less than 50 days, and 2× AT&T Stadium (160K) worth of fans coming to Dallas.

We're CrowdReady - a group of data scientists building actionable reports for Dallas businesses. We pulled the numbers for Deep Ellum Art Co. specifically:

- who's coming (countries, ages, spending profile)
- when they'll be near you, hour by hour, on game day
- a Facebook/Instagram ad you can launch before kickoff— copy, audience, budget
- a day-of plan: when to staff up, what to stock, what to price up
- the single move with the highest projected revenue for Deep Ellum Art Co.

Worth taking a look? I can send over a quick Deep Ellum Art Co. snapshot today with the key numbers and the clearest opportunity we see.

If it's useful, 15 minutes on Zoom and I'll show you how to deploy it.

Cheers,
Lucas","Hi Deep Ellum Art Co. team,

There's a World Cup game 19 miles from Deep Ellum Art Co., in less than 50 days, and 2× AT&T Stadium (160K) worth of fans coming to Dallas.

We're CrowdReady - a group of data scientists building actionable reports for Dallas businesses. We pulled the numbers for Deep Ellum Art Co. specifically:

- who's coming (countries, ages, spending profile)
- when they'll be near you, hour by hour, on game day
- a Facebook/Instagram ad you can launch before kickoff— copy, audience, budget
- a day-of plan: when to staff up, what to stock, what to price up
- the single move with the highest projected revenue for Deep Ellum Art Co.

Worth taking a look? I can send over a quick Deep Ellum Art Co. snapshot today with the key numbers and the clearest opportunity we see.

If it's useful, 15 minutes on Zoom and I'll show you how to deploy it.

Cheers,
Anthony","Hi Deep Ellum Art Co. team,

There's a World Cup game 19 miles from Deep Ellum Art Co., in less than 50 days, and 2× AT&T Stadium (160K) worth of fans coming to Dallas.

We're CrowdReady - a group of data scientists building actionable reports for Dallas businesses. We pulled the numbers for Deep Ellum Art Co. specifically:

- who's coming (countries, ages, spending profile)
- when they'll be near you, hour by hour, on game day
- a Facebook/Instagram ad you can launch before kickoff— copy, audience, budget
- a day-of plan: when to staff up, what to stock, what to price up
- the single move with the highest projected revenue for Deep Ellum Art Co.

Worth taking a look? I can send over a quick Deep Ellum Art Co. snapshot today with the key numbers and the clearest opportunity we see.

If it's useful, 15 minutes on Zoom and I'll show you how to deploy it.

Cheers,
Jacob",
FALSE,FALSE,The Bomb Factory,sports_bar,"2713 Canton St, Dallas, TX 75226, USA",Dallas-Arlington,USA,+1 214-749-5757,http://thebombfactory.com/,contact@thebombfactory.com,valid,scraped_website,100,4.5,3994,google_places_enriched,deep_ellum_zone,18 miles,"Hi The Bomb Factory team,

There's a World Cup game 18 miles from The Bomb Factory, in less than 50 days, and 2× AT&T Stadium (160K) worth of fans coming to Dallas.

We're CrowdReady - a group of data scientists building actionable reports for Dallas businesses. We pulled the numbers for The Bomb Factory specifically:

- who's coming (countries, ages, spending profile)
- when they'll be near you, hour by hour, on game day
- a Facebook/Instagram ad you can launch before kickoff— copy, audience, budget
- a day-of plan: when to staff up, what to stock, what to price up
- the single move with the highest projected revenue for The Bomb Factory

Worth taking a look? I can send over a quick The Bomb Factory snapshot today with the key numbers and the clearest opportunity we see.

If it's useful, 15 minutes on Zoom and I'll show you how to deploy it.

Cheers,
Lucas","Hi The Bomb Factory team,

There's a World Cup game 18 miles from The Bomb Factory, in less than 50 days, and 2× AT&T Stadium (160K) worth of fans coming to Dallas.

We're CrowdReady - a group of data scientists building actionable reports for Dallas businesses. We pulled the numbers for The Bomb Factory specifically:

- who's coming (countries, ages, spending profile)
- when they'll be near you, hour by hour, on game day
- a Facebook/Instagram ad you can launch before kickoff— copy, audience, budget
- a day-of plan: when to staff up, what to stock, what to price up
- the single move with the highest projected revenue for The Bomb Factory

Worth taking a look? I can send over a quick The Bomb Factory snapshot today with the key numbers and the clearest opportunity we see.

If it's useful, 15 minutes on Zoom and I'll show you how to deploy it.

Cheers,
Anthony","Hi The Bomb Factory team,

There's a World Cup game 18 miles from The Bomb Factory, in less than 50 days, and 2× AT&T Stadium (160K) worth of fans coming to Dallas.

We're CrowdReady - a group of data scientists building actionable reports for Dallas businesses. We pulled the numbers for The Bomb Factory specifically:

- who's coming (countries, ages, spending profile)
- when they'll be near you, hour by hour, on game day
- a Facebook/Instagram ad you can launch before kickoff— copy, audience, budget
- a day-of plan: when to staff up, what to stock, what to price up
- the single move with the highest projected revenue for The Bomb Factory

Worth taking a look? I can send over a quick The Bomb Factory snapshot today with the key numbers and the clearest opportunity we see.

If it's useful, 15 minutes on Zoom and I'll show you how to deploy it.

Cheers,
Jacob",
FALSE,FALSE,Sons of Hermann Hall,sports_bar,"3414 Elm St, Dallas, TX 75226, USA",Dallas-Arlington,USA,+1 972-834-6899,http://sonsofhermannhall.com/,gm@sonsofhermannhall.com,valid,hunter_search,99,4.7,411,google_places_enriched,deep_ellum_zone,19 miles,"Hi Sons of Hermann Hall team,

There's a World Cup game 19 miles from Sons of Hermann Hall, in less than 50 days, and 2× AT&T Stadium (160K) worth of fans coming to Dallas.

We're CrowdReady - a group of data scientists building actionable reports for Dallas businesses. We pulled the numbers for Sons of Hermann Hall specifically:

- who's coming (countries, ages, spending profile)
- when they'll be near you, hour by hour, on game day
- a Facebook/Instagram ad you can launch before kickoff— copy, audience, budget
- a day-of plan: when to staff up, what to stock, what to price up
- the single move with the highest projected revenue for Sons of Hermann Hall

Worth taking a look? I can send over a quick Sons of Hermann Hall snapshot today with the key numbers and the clearest opportunity we see.

If it's useful, 15 minutes on Zoom and I'll show you how to deploy it.

Cheers,
Lucas","Hi Sons of Hermann Hall team,

There's a World Cup game 19 miles from Sons of Hermann Hall, in less than 50 days, and 2× AT&T Stadium (160K) worth of fans coming to Dallas.

We're CrowdReady - a group of data scientists building actionable reports for Dallas businesses. We pulled the numbers for Sons of Hermann Hall specifically:

- who's coming (countries, ages, spending profile)
- when they'll be near you, hour by hour, on game day
- a Facebook/Instagram ad you can launch before kickoff— copy, audience, budget
- a day-of plan: when to staff up, what to stock, what to price up
- the single move with the highest projected revenue for Sons of Hermann Hall

Worth taking a look? I can send over a quick Sons of Hermann Hall snapshot today with the key numbers and the clearest opportunity we see.

If it's useful, 15 minutes on Zoom and I'll show you how to deploy it.

Cheers,
Anthony","Hi Sons of Hermann Hall team,

There's a World Cup game 19 miles from Sons of Hermann Hall, in less than 50 days, and 2× AT&T Stadium (160K) worth of fans coming to Dallas.

We're CrowdReady - a group of data scientists building actionable reports for Dallas businesses. We pulled the numbers for Sons of Hermann Hall specifically:

- who's coming (countries, ages, spending profile)
- when they'll be near you, hour by hour, on game day
- a Facebook/Instagram ad you can launch before kickoff— copy, audience, budget
- a day-of plan: when to staff up, what to stock, what to price up
- the single move with the highest projected revenue for Sons of Hermann Hall

Worth taking a look? I can send over a quick Sons of Hermann Hall snapshot today with the key numbers and the clearest opportunity we see.

If it's useful, 15 minutes on Zoom and I'll show you how to deploy it.

Cheers,
Jacob",
FALSE,FALSE,House of Blues Dallas,sports_bar,"2200 N Lamar St, Dallas, TX 75202, USA",Dallas-Arlington,USA,+1 214-978-2583,https://dallas.houseofblues.com/?utm_source=GMBlisting&utm_medium=organic,brock@houseofblues.com,accept_all,hunter_search,94,4.4,7673,google_places_enriched,deep_ellum_zone,17 miles,"Hi House of Blues Dallas team,

There's a World Cup game 17 miles from House of Blues Dallas, in less than 50 days, and 2× AT&T Stadium (160K) worth of fans coming to Dallas.

We're CrowdReady - a group of data scientists building actionable reports for Dallas businesses. We pulled the numbers for House of Blues Dallas specifically:

- who's coming (countries, ages, spending profile)
- when they'll be near you, hour by hour, on game day
- a Facebook/Instagram ad you can launch before kickoff— copy, audience, budget
- a day-of plan: when to staff up, what to stock, what to price up
- the single move with the highest projected revenue for House of Blues Dallas

Worth taking a look? I can send over a quick House of Blues Dallas snapshot today with the key numbers and the clearest opportunity we see.

If it's useful, 15 minutes on Zoom and I'll show you how to deploy it.

Cheers,
Lucas","Hi House of Blues Dallas team,

There's a World Cup game 17 miles from House of Blues Dallas, in less than 50 days, and 2× AT&T Stadium (160K) worth of fans coming to Dallas.

We're CrowdReady - a group of data scientists building actionable reports for Dallas businesses. We pulled the numbers for House of Blues Dallas specifically:

- who's coming (countries, ages, spending profile)
- when they'll be near you, hour by hour, on game day
- a Facebook/Instagram ad you can launch before kickoff— copy, audience, budget
- a day-of plan: when to staff up, what to stock, what to price up
- the single move with the highest projected revenue for House of Blues Dallas

Worth taking a look? I can send over a quick House of Blues Dallas snapshot today with the key numbers and the clearest opportunity we see.

If it's useful, 15 minutes on Zoom and I'll show you how to deploy it.

Cheers,
Anthony","Hi House of Blues Dallas team,

There's a World Cup game 17 miles from House of Blues Dallas, in less than 50 days, and 2× AT&T Stadium (160K) worth of fans coming to Dallas.

We're CrowdReady - a group of data scientists building actionable reports for Dallas businesses. We pulled the numbers for House of Blues Dallas specifically:

- who's coming (countries, ages, spending profile)
- when they'll be near you, hour by hour, on game day
- a Facebook/Instagram ad you can launch before kickoff— copy, audience, budget
- a day-of plan: when to staff up, what to stock, what to price up
- the single move with the highest projected revenue for House of Blues Dallas

Worth taking a look? I can send over a quick House of Blues Dallas snapshot today with the key numbers and the clearest opportunity we see.

If it's useful, 15 minutes on Zoom and I'll show you how to deploy it.

Cheers,
Jacob",
FALSE,FALSE,Westlake Brewing Company,sports_bar,"2816 Commerce St, Dallas, TX 75226, USA",Dallas-Arlington,USA,+1 877-994-2337,http://www.westlakebeer.com/,hello@westlakebeer.com,valid,scraped_website,100,4.8,366,google_places_enriched,deep_ellum_zone,18 miles,"Hi Westlake Brewing Company team,

There's a World Cup game 18 miles from Westlake Brewing Company, in less than 50 days, and 2× AT&T Stadium (160K) worth of fans coming to Dallas.

We're CrowdReady - a group of data scientists building actionable reports for Dallas businesses. We pulled the numbers for Westlake Brewing Company specifically:

- who's coming (countries, ages, spending profile)
- when they'll be near you, hour by hour, on game day
- a Facebook/Instagram ad you can launch before kickoff— copy, audience, budget
- a day-of plan: when to staff up, what to stock, what to price up
- the single move with the highest projected revenue for Westlake Brewing Company

Worth taking a look? I can send over a quick Westlake Brewing Company snapshot today with the key numbers and the clearest opportunity we see.

If it's useful, 15 minutes on Zoom and I'll show you how to deploy it.

Cheers,
Lucas","Hi Westlake Brewing Company team,

There's a World Cup game 18 miles from Westlake Brewing Company, in less than 50 days, and 2× AT&T Stadium (160K) worth of fans coming to Dallas.

We're CrowdReady - a group of data scientists building actionable reports for Dallas businesses. We pulled the numbers for Westlake Brewing Company specifically:

- who's coming (countries, ages, spending profile)
- when they'll be near you, hour by hour, on game day
- a Facebook/Instagram ad you can launch before kickoff— copy, audience, budget
- a day-of plan: when to staff up, what to stock, what to price up
- the single move with the highest projected revenue for Westlake Brewing Company

Worth taking a look? I can send over a quick Westlake Brewing Company snapshot today with the key numbers and the clearest opportunity we see.

If it's useful, 15 minutes on Zoom and I'll show you how to deploy it.

Cheers,
Anthony","Hi Westlake Brewing Company team,

There's a World Cup game 18 miles from Westlake Brewing Company, in less than 50 days, and 2× AT&T Stadium (160K) worth of fans coming to Dallas.

We're CrowdReady - a group of data scientists building actionable reports for Dallas businesses. We pulled the numbers for Westlake Brewing Company specifically:

- who's coming (countries, ages, spending profile)
- when they'll be near you, hour by hour, on game day
- a Facebook/Instagram ad you can launch before kickoff— copy, audience, budget
- a day-of plan: when to staff up, what to stock, what to price up
- the single move with the highest projected revenue for Westlake Brewing Company

Worth taking a look? I can send over a quick Westlake Brewing Company snapshot today with the key numbers and the clearest opportunity we see.

If it's useful, 15 minutes on Zoom and I'll show you how to deploy it.

Cheers,
Jacob",
FALSE,FALSE,Cold Beer Company,sports_bar,"3600 Main St, Dallas, TX 75226, USA",Dallas-Arlington,USA,+1 214-952-2068,http://www.coldbeerco.com/,info@coldbeerco.com,accept_all,scraped_website,81,4.6,521,google_places_enriched,deep_ellum_zone,19 miles,"Hi Cold Beer Company team,

There's a World Cup game 19 miles from Cold Beer Company, in less than 50 days, and 2× AT&T Stadium (160K) worth of fans coming to Dallas.

We're CrowdReady - a group of data scientists building actionable reports for Dallas businesses. We pulled the numbers for Cold Beer Company specifically:

- who's coming (countries, ages, spending profile)
- when they'll be near you, hour by hour, on game day
- a Facebook/Instagram ad you can launch before kickoff— copy, audience, budget
- a day-of plan: when to staff up, what to stock, what to price up
- the single move with the highest projected revenue for Cold Beer Company

Worth taking a look? I can send over a quick Cold Beer Company snapshot today with the key numbers and the clearest opportunity we see.

If it's useful, 15 minutes on Zoom and I'll show you how to deploy it.

Cheers,
Lucas","Hi Cold Beer Company team,

There's a World Cup game 19 miles from Cold Beer Company, in less than 50 days, and 2× AT&T Stadium (160K) worth of fans coming to Dallas.

We're CrowdReady - a group of data scientists building actionable reports for Dallas businesses. We pulled the numbers for Cold Beer Company specifically:

- who's coming (countries, ages, spending profile)
- when they'll be near you, hour by hour, on game day
- a Facebook/Instagram ad you can launch before kickoff— copy, audience, budget
- a day-of plan: when to staff up, what to stock, what to price up
- the single move with the highest projected revenue for Cold Beer Company

Worth taking a look? I can send over a quick Cold Beer Company snapshot today with the key numbers and the clearest opportunity we see.

If it's useful, 15 minutes on Zoom and I'll show you how to deploy it.

Cheers,
Anthony","Hi Cold Beer Company team,

There's a World Cup game 19 miles from Cold Beer Company, in less than 50 days, and 2× AT&T Stadium (160K) worth of fans coming to Dallas.

We're CrowdReady - a group of data scientists building actionable reports for Dallas businesses. We pulled the numbers for Cold Beer Company specifically:

- who's coming (countries, ages, spending profile)
- when they'll be near you, hour by hour, on game day
- a Facebook/Instagram ad you can launch before kickoff— copy, audience, budget
- a day-of plan: when to staff up, what to stock, what to price up
- the single move with the highest projected revenue for Cold Beer Company

Worth taking a look? I can send over a quick Cold Beer Company snapshot today with the key numbers and the clearest opportunity we see.

If it's useful, 15 minutes on Zoom and I'll show you how to deploy it.

Cheers,
Jacob",
FALSE,FALSE,Craft and Growler,sports_bar,"3601 Parry Ave, Dallas, TX 75226, USA",Dallas-Arlington,USA,+1 214-821-1122,http://craftandgrowler.com/,booking@craftandgrowler.com,valid,scraped_website,100,4.7,536,google_places_enriched,deep_ellum_zone,19 miles,"Hi Craft and Growler team,

There's a World Cup game 19 miles from Craft and Growler, in less than 50 days, and 2× AT&T Stadium (160K) worth of fans coming to Dallas.

We're CrowdReady - a group of data scientists building actionable reports for Dallas businesses. We pulled the numbers for Craft and Growler specifically:

- who's coming (countries, ages, spending profile)
- when they'll be near you, hour by hour, on game day
- a Facebook/Instagram ad you can launch before kickoff— copy, audience, budget
- a day-of plan: when to staff up, what to stock, what to price up
- the single move with the highest projected revenue for Craft and Growler

Worth taking a look? I can send over a quick Craft and Growler snapshot today with the key numbers and the clearest opportunity we see.

If it's useful, 15 minutes on Zoom and I'll show you how to deploy it.

Cheers,
Lucas","Hi Craft and Growler team,

There's a World Cup game 19 miles from Craft and Growler, in less than 50 days, and 2× AT&T Stadium (160K) worth of fans coming to Dallas.

We're CrowdReady - a group of data scientists building actionable reports for Dallas businesses. We pulled the numbers for Craft and Growler specifically:

- who's coming (countries, ages, spending profile)
- when they'll be near you, hour by hour, on game day
- a Facebook/Instagram ad you can launch before kickoff— copy, audience, budget
- a day-of plan: when to staff up, what to stock, what to price up
- the single move with the highest projected revenue for Craft and Growler

Worth taking a look? I can send over a quick Craft and Growler snapshot today with the key numbers and the clearest opportunity we see.

If it's useful, 15 minutes on Zoom and I'll show you how to deploy it.

Cheers,
Anthony","Hi Craft and Growler team,

There's a World Cup game 19 miles from Craft and Growler, in less than 50 days, and 2× AT&T Stadium (160K) worth of fans coming to Dallas.

We're CrowdReady - a group of data scientists building actionable reports for Dallas businesses. We pulled the numbers for Craft and Growler specifically:

- who's coming (countries, ages, spending profile)
- when they'll be near you, hour by hour, on game day
- a Facebook/Instagram ad you can launch before kickoff— copy, audience, budget
- a day-of plan: when to staff up, what to stock, what to price up
- the single move with the highest projected revenue for Craft and Growler

Worth taking a look? I can send over a quick Craft and Growler snapshot today with the key numbers and the clearest opportunity we see.

If it's useful, 15 minutes on Zoom and I'll show you how to deploy it.

Cheers,
Jacob",
FALSE,FALSE,Amyfinehouse Luxury Downtown Stay,hotel,"500 S Ervay St, Dallas, TX 75201, USA",Dallas-Arlington,USA,+1 469-642-8868,https://amyfinehouse.com/,bookings@amyfinehouse.com,valid,scraped_website,100,4.6,604,google_places_enriched,downtown_zone,17 miles,"Hi Amyfinehouse Luxury Downtown Stay team,

There's a World Cup game 17 miles from Amyfinehouse Luxury Downtown Stay, in less than 50 days, and 2× AT&T Stadium (160K) worth of fans coming to Dallas.

We're CrowdReady - a group of data scientists building actionable reports for Dallas businesses. We pulled the numbers for Amyfinehouse Luxury Downtown Stay specifically:

- who's coming (countries, ages, spending profile)
- when they'll be near you, hour by hour, on game day
- a Facebook/Instagram ad you can launch before kickoff— copy, audience, budget
- a day-of plan: when to staff up, what to stock, what to price up
- the single move with the highest projected revenue for Amyfinehouse Luxury Downtown Stay

Worth taking a look? I can send over a quick Amyfinehouse Luxury Downtown Stay snapshot today with the key numbers and the clearest opportunity we see.

If it's useful, 15 minutes on Zoom and I'll show you how to deploy it.

Cheers,
Lucas","Hi Amyfinehouse Luxury Downtown Stay team,

There's a World Cup game 17 miles from Amyfinehouse Luxury Downtown Stay, in less than 50 days, and 2× AT&T Stadium (160K) worth of fans coming to Dallas.

We're CrowdReady - a group of data scientists building actionable reports for Dallas businesses. We pulled the numbers for Amyfinehouse Luxury Downtown Stay specifically:

- who's coming (countries, ages, spending profile)
- when they'll be near you, hour by hour, on game day
- a Facebook/Instagram ad you can launch before kickoff— copy, audience, budget
- a day-of plan: when to staff up, what to stock, what to price up
- the single move with the highest projected revenue for Amyfinehouse Luxury Downtown Stay

Worth taking a look? I can send over a quick Amyfinehouse Luxury Downtown Stay snapshot today with the key numbers and the clearest opportunity we see.

If it's useful, 15 minutes on Zoom and I'll show you how to deploy it.

Cheers,
Anthony","Hi Amyfinehouse Luxury Downtown Stay team,

There's a World Cup game 17 miles from Amyfinehouse Luxury Downtown Stay, in less than 50 days, and 2× AT&T Stadium (160K) worth of fans coming to Dallas.

We're CrowdReady - a group of data scientists building actionable reports for Dallas businesses. We pulled the numbers for Amyfinehouse Luxury Downtown Stay specifically:

- who's coming (countries, ages, spending profile)
- when they'll be near you, hour by hour, on game day
- a Facebook/Instagram ad you can launch before kickoff— copy, audience, budget
- a day-of plan: when to staff up, what to stock, what to price up
- the single move with the highest projected revenue for Amyfinehouse Luxury Downtown Stay

Worth taking a look? I can send over a quick Amyfinehouse Luxury Downtown Stay snapshot today with the key numbers and the clearest opportunity we see.

If it's useful, 15 minutes on Zoom and I'll show you how to deploy it.

Cheers,
Jacob",
FALSE,FALSE,CANVAS Hotel,hotel,"1325 Botham Jean Blvd, Dallas, TX 75215, USA",Dallas-Arlington,USA,+1 214-421-1080,https://www.canvashoteldallas.com/,sales@canvashoteldallas.com,accept_all,hunter_search,81,4.1,2992,google_places_enriched,downtown_zone,17 miles,"Hi CANVAS Hotel team,

There's a World Cup game 17 miles from CANVAS Hotel, in less than 50 days, and 2× AT&T Stadium (160K) worth of fans coming to Dallas.

We're CrowdReady - a group of data scientists building actionable reports for Dallas businesses. We pulled the numbers for CANVAS Hotel specifically:

- who's coming (countries, ages, spending profile)
- when they'll be near you, hour by hour, on game day
- a Facebook/Instagram ad you can launch before kickoff— copy, audience, budget
- a day-of plan: when to staff up, what to stock, what to price up
- the single move with the highest projected revenue for CANVAS Hotel

Worth taking a look? I can send over a quick CANVAS Hotel snapshot today with the key numbers and the clearest opportunity we see.

If it's useful, 15 minutes on Zoom and I'll show you how to deploy it.

Cheers,
Lucas","Hi CANVAS Hotel team,

There's a World Cup game 17 miles from CANVAS Hotel, in less than 50 days, and 2× AT&T Stadium (160K) worth of fans coming to Dallas.

We're CrowdReady - a group of data scientists building actionable reports for Dallas businesses. We pulled the numbers for CANVAS Hotel specifically:

- who's coming (countries, ages, spending profile)
- when they'll be near you, hour by hour, on game day
- a Facebook/Instagram ad you can launch before kickoff— copy, audience, budget
- a day-of plan: when to staff up, what to stock, what to price up
- the single move with the highest projected revenue for CANVAS Hotel

Worth taking a look? I can send over a quick CANVAS Hotel snapshot today with the key numbers and the clearest opportunity we see.

If it's useful, 15 minutes on Zoom and I'll show you how to deploy it.

Cheers,
Anthony","Hi CANVAS Hotel team,

There's a World Cup game 17 miles from CANVAS Hotel, in less than 50 days, and 2× AT&T Stadium (160K) worth of fans coming to Dallas.

We're CrowdReady - a group of data scientists building actionable reports for Dallas businesses. We pulled the numbers for CANVAS Hotel specifically:

- who's coming (countries, ages, spending profile)
- when they'll be near you, hour by hour, on game day
- a Facebook/Instagram ad you can launch before kickoff— copy, audience, budget
- a day-of plan: when to staff up, what to stock, what to price up
- the single move with the highest projected revenue for CANVAS Hotel

Worth taking a look? I can send over a quick CANVAS Hotel snapshot today with the key numbers and the clearest opportunity we see.

If it's useful, 15 minutes on Zoom and I'll show you how to deploy it.

Cheers,
Jacob",
FALSE,FALSE,Fairmont Dallas,hotel_bar,"1717 N Akard St, Dallas, TX 75201, USA",Dallas-Arlington,USA,+1 214-720-2020,https://www.fairmont.com/dallas/?goto=fiche_hotel&code_hotel=A558&merchantid=seo-maps-US-A558&sourceid=aw-cen&utm_medium=seo%20maps&utm_source=google%20Maps&utm_campaign=seo%20maps,dallas@fairmont.com,valid,scraped_website,100,4.4,6129,google_places_enriched,downtown_zone,17 miles,"Hi Fairmont Dallas team,

There's a World Cup game 17 miles from Fairmont Dallas, in less than 50 days, and 2× AT&T Stadium (160K) worth of fans coming to Dallas.

We're CrowdReady - a group of data scientists building actionable reports for Dallas businesses. We pulled the numbers for Fairmont Dallas specifically:

- who's coming (countries, ages, spending profile)
- when they'll be near you, hour by hour, on game day
- a Facebook/Instagram ad you can launch before kickoff— copy, audience, budget
- a day-of plan: when to staff up, what to stock, what to price up
- the single move with the highest projected revenue for Fairmont Dallas

Worth taking a look? I can send over a quick Fairmont Dallas snapshot today with the key numbers and the clearest opportunity we see.

If it's useful, 15 minutes on Zoom and I'll show you how to deploy it.

Cheers,
Lucas","Hi Fairmont Dallas team,

There's a World Cup game 17 miles from Fairmont Dallas, in less than 50 days, and 2× AT&T Stadium (160K) worth of fans coming to Dallas.

We're CrowdReady - a group of data scientists building actionable reports for Dallas businesses. We pulled the numbers for Fairmont Dallas specifically:

- who's coming (countries, ages, spending profile)
- when they'll be near you, hour by hour, on game day
- a Facebook/Instagram ad you can launch before kickoff— copy, audience, budget
- a day-of plan: when to staff up, what to stock, what to price up
- the single move with the highest projected revenue for Fairmont Dallas

Worth taking a look? I can send over a quick Fairmont Dallas snapshot today with the key numbers and the clearest opportunity we see.

If it's useful, 15 minutes on Zoom and I'll show you how to deploy it.

Cheers,
Anthony","Hi Fairmont Dallas team,

There's a World Cup game 17 miles from Fairmont Dallas, in less than 50 days, and 2× AT&T Stadium (160K) worth of fans coming to Dallas.

We're CrowdReady - a group of data scientists building actionable reports for Dallas businesses. We pulled the numbers for Fairmont Dallas specifically:

- who's coming (countries, ages, spending profile)
- when they'll be near you, hour by hour, on game day
- a Facebook/Instagram ad you can launch before kickoff— copy, audience, budget
- a day-of plan: when to staff up, what to stock, what to price up
- the single move with the highest projected revenue for Fairmont Dallas

Worth taking a look? I can send over a quick Fairmont Dallas snapshot today with the key numbers and the clearest opportunity we see.

If it's useful, 15 minutes on Zoom and I'll show you how to deploy it.

Cheers,
Jacob",
FALSE,FALSE,Bishop Arts Hotel,hotel,"620 N Bishop Ave #1, Dallas, TX 75208, USA",Dallas-Arlington,USA,+1 214-239-0001,http://www.christianchernock.com/,info@christianchernock.com,valid,scraped_website,100,4.2,153,google_places_enriched,downtown_zone,16 miles,"Hi Bishop Arts Hotel team,

There's a World Cup game 16 miles from Bishop Arts Hotel, in less than 50 days, and 2× AT&T Stadium (160K) worth of fans coming to Dallas.

We're CrowdReady - a group of data scientists building actionable reports for Dallas businesses. We pulled the numbers for Bishop Arts Hotel specifically:

- who's coming (countries, ages, spending profile)
- when they'll be near you, hour by hour, on game day
- a Facebook/Instagram ad you can launch before kickoff— copy, audience, budget
- a day-of plan: when to staff up, what to stock, what to price up
- the single move with the highest projected revenue for Bishop Arts Hotel

Worth taking a look? I can send over a quick Bishop Arts Hotel snapshot today with the key numbers and the clearest opportunity we see.

If it's useful, 15 minutes on Zoom and I'll show you how to deploy it.

Cheers,
Lucas","Hi Bishop Arts Hotel team,

There's a World Cup game 16 miles from Bishop Arts Hotel, in less than 50 days, and 2× AT&T Stadium (160K) worth of fans coming to Dallas.

We're CrowdReady - a group of data scientists building actionable reports for Dallas businesses. We pulled the numbers for Bishop Arts Hotel specifically:

- who's coming (countries, ages, spending profile)
- when they'll be near you, hour by hour, on game day
- a Facebook/Instagram ad you can launch before kickoff— copy, audience, budget
- a day-of plan: when to staff up, what to stock, what to price up
- the single move with the highest projected revenue for Bishop Arts Hotel

Worth taking a look? I can send over a quick Bishop Arts Hotel snapshot today with the key numbers and the clearest opportunity we see.

If it's useful, 15 minutes on Zoom and I'll show you how to deploy it.

Cheers,
Anthony","Hi Bishop Arts Hotel team,

There's a World Cup game 16 miles from Bishop Arts Hotel, in less than 50 days, and 2× AT&T Stadium (160K) worth of fans coming to Dallas.

We're CrowdReady - a group of data scientists building actionable reports for Dallas businesses. We pulled the numbers for Bishop Arts Hotel specifically:

- who's coming (countries, ages, spending profile)
- when they'll be near you, hour by hour, on game day
- a Facebook/Instagram ad you can launch before kickoff— copy, audience, budget
- a day-of plan: when to staff up, what to stock, what to price up
- the single move with the highest projected revenue for Bishop Arts Hotel

Worth taking a look? I can send over a quick Bishop Arts Hotel snapshot today with the key numbers and the clearest opportunity we see.

If it's useful, 15 minutes on Zoom and I'll show you how to deploy it.

Cheers,
Jacob",
FALSE,FALSE,The Gaston Dallas Bed and Breakfast,hotel,"4802 Gaston Ave, Dallas, TX 75246, USA",Dallas-Arlington,USA,+1 469-631-1166,https://www.thegaston.com/?utm_source=google&utm_medium=GMB,info@thegaston.com,valid,hunter_search,99,4.9,297,google_places_enriched,downtown_zone,19 miles,"Hi The Gaston Dallas Bed and Breakfast team,

There's a World Cup game 19 miles from The Gaston Dallas Bed and Breakfast, in less than 50 days, and 2× AT&T Stadium (160K) worth of fans coming to Dallas.

We're CrowdReady - a group of data scientists building actionable reports for Dallas businesses. We pulled the numbers for The Gaston Dallas Bed and Breakfast specifically:

- who's coming (countries, ages, spending profile)
- when they'll be near you, hour by hour, on game day
- a Facebook/Instagram ad you can launch before kickoff— copy, audience, budget
- a day-of plan: when to staff up, what to stock, what to price up
- the single move with the highest projected revenue for The Gaston Dallas Bed and Breakfast

Worth taking a look? I can send over a quick The Gaston Dallas Bed and Breakfast snapshot today with the key numbers and the clearest opportunity we see.

If it's useful, 15 minutes on Zoom and I'll show you how to deploy it.

Cheers,
Lucas","Hi The Gaston Dallas Bed and Breakfast team,

There's a World Cup game 19 miles from The Gaston Dallas Bed and Breakfast, in less than 50 days, and 2× AT&T Stadium (160K) worth of fans coming to Dallas.

We're CrowdReady - a group of data scientists building actionable reports for Dallas businesses. We pulled the numbers for The Gaston Dallas Bed and Breakfast specifically:

- who's coming (countries, ages, spending profile)
- when they'll be near you, hour by hour, on game day
- a Facebook/Instagram ad you can launch before kickoff— copy, audience, budget
- a day-of plan: when to staff up, what to stock, what to price up
- the single move with the highest projected revenue for The Gaston Dallas Bed and Breakfast

Worth taking a look? I can send over a quick The Gaston Dallas Bed and Breakfast snapshot today with the key numbers and the clearest opportunity we see.

If it's useful, 15 minutes on Zoom and I'll show you how to deploy it.

Cheers,
Anthony","Hi The Gaston Dallas Bed and Breakfast team,

There's a World Cup game 19 miles from The Gaston Dallas Bed and Breakfast, in less than 50 days, and 2× AT&T Stadium (160K) worth of fans coming to Dallas.

We're CrowdReady - a group of data scientists building actionable reports for Dallas businesses. We pulled the numbers for The Gaston Dallas Bed and Breakfast specifically:

- who's coming (countries, ages, spending profile)
- when they'll be near you, hour by hour, on game day
- a Facebook/Instagram ad you can launch before kickoff— copy, audience, budget
- a day-of plan: when to staff up, what to stock, what to price up
- the single move with the highest projected revenue for The Gaston Dallas Bed and Breakfast

Worth taking a look? I can send over a quick The Gaston Dallas Bed and Breakfast snapshot today with the key numbers and the clearest opportunity we see.

If it's useful, 15 minutes on Zoom and I'll show you how to deploy it.

Cheers,
Jacob",
FALSE,FALSE,Hotel ZaZa Dallas Uptown,hotel,"2332 Leonard St, Dallas, TX 75201, USA",Dallas-Arlington,USA,+1 214-468-8399,https://www.hotelzaza.com/dallas?utm_campaign=Google%20My%20Business&utm_source=google&utm_medium=Local%20Search,akhan@hotelzaza.com,valid,hunter_search,99,4.6,1766,google_places_enriched,downtown_zone,17 miles,"Hi Hotel ZaZa Dallas Uptown team,

There's a World Cup game 17 miles from Hotel ZaZa Dallas Uptown, in less than 50 days, and 2× AT&T Stadium (160K) worth of fans coming to Dallas.

We're CrowdReady - a group of data scientists building actionable reports for Dallas businesses. We pulled the numbers for Hotel ZaZa Dallas Uptown specifically:

- who's coming (countries, ages, spending profile)
- when they'll be near you, hour by hour, on game day
- a Facebook/Instagram ad you can launch before kickoff— copy, audience, budget
- a day-of plan: when to staff up, what to stock, what to price up
- the single move with the highest projected revenue for Hotel ZaZa Dallas Uptown

Worth taking a look? I can send over a quick Hotel ZaZa Dallas Uptown snapshot today with the key numbers and the clearest opportunity we see.

If it's useful, 15 minutes on Zoom and I'll show you how to deploy it.

Cheers,
Lucas","Hi Hotel ZaZa Dallas Uptown team,

There's a World Cup game 17 miles from Hotel ZaZa Dallas Uptown, in less than 50 days, and 2× AT&T Stadium (160K) worth of fans coming to Dallas.

We're CrowdReady - a group of data scientists building actionable reports for Dallas businesses. We pulled the numbers for Hotel ZaZa Dallas Uptown specifically:

- who's coming (countries, ages, spending profile)
- when they'll be near you, hour by hour, on game day
- a Facebook/Instagram ad you can launch before kickoff— copy, audience, budget
- a day-of plan: when to staff up, what to stock, what to price up
- the single move with the highest projected revenue for Hotel ZaZa Dallas Uptown

Worth taking a look? I can send over a quick Hotel ZaZa Dallas Uptown snapshot today with the key numbers and the clearest opportunity we see.

If it's useful, 15 minutes on Zoom and I'll show you how to deploy it.

Cheers,
Anthony","Hi Hotel ZaZa Dallas Uptown team,

There's a World Cup game 17 miles from Hotel ZaZa Dallas Uptown, in less than 50 days, and 2× AT&T Stadium (160K) worth of fans coming to Dallas.

We're CrowdReady - a group of data scientists building actionable reports for Dallas businesses. We pulled the numbers for Hotel ZaZa Dallas Uptown specifically:

- who's coming (countries, ages, spending profile)
- when they'll be near you, hour by hour, on game day
- a Facebook/Instagram ad you can launch before kickoff— copy, audience, budget
- a day-of plan: when to staff up, what to stock, what to price up
- the single move with the highest projected revenue for Hotel ZaZa Dallas Uptown

Worth taking a look? I can send over a quick Hotel ZaZa Dallas Uptown snapshot today with the key numbers and the clearest opportunity we see.

If it's useful, 15 minutes on Zoom and I'll show you how to deploy it.

Cheers,
Jacob",
FALSE,FALSE,Casa Duro,hotel,"2806 Greenville Ave, Dallas, TX 75206, USA",Dallas-Arlington,USA,+1 214-888-8685,https://www.casa-duro.com/?utm_source=gmb_site&utm_medium=organic,info@casa-duro.com,valid,scraped_website,90,4.5,11,google_places_enriched,downtown_zone,20 miles,"Hi Casa Duro team,

There's a World Cup game 20 miles from Casa Duro, in less than 50 days, and 2× AT&T Stadium (160K) worth of fans coming to Dallas.

We're CrowdReady - a group of data scientists building actionable reports for Dallas businesses. We pulled the numbers for Casa Duro specifically:

- who's coming (countries, ages, spending profile)
- when they'll be near you, hour by hour, on game day
- a Facebook/Instagram ad you can launch before kickoff— copy, audience, budget
- a day-of plan: when to staff up, what to stock, what to price up
- the single move with the highest projected revenue for Casa Duro

Worth taking a look? I can send over a quick Casa Duro snapshot today with the key numbers and the clearest opportunity we see.

If it's useful, 15 minutes on Zoom and I'll show you how to deploy it.

Cheers,
Lucas","Hi Casa Duro team,

There's a World Cup game 20 miles from Casa Duro, in less than 50 days, and 2× AT&T Stadium (160K) worth of fans coming to Dallas.

We're CrowdReady - a group of data scientists building actionable reports for Dallas businesses. We pulled the numbers for Casa Duro specifically:

- who's coming (countries, ages, spending profile)
- when they'll be near you, hour by hour, on game day
- a Facebook/Instagram ad you can launch before kickoff— copy, audience, budget
- a day-of plan: when to staff up, what to stock, what to price up
- the single move with the highest projected revenue for Casa Duro

Worth taking a look? I can send over a quick Casa Duro snapshot today with the key numbers and the clearest opportunity we see.

If it's useful, 15 minutes on Zoom and I'll show you how to deploy it.

Cheers,
Anthony","Hi Casa Duro team,

There's a World Cup game 20 miles from Casa Duro, in less than 50 days, and 2× AT&T Stadium (160K) worth of fans coming to Dallas.

We're CrowdReady - a group of data scientists building actionable reports for Dallas businesses. We pulled the numbers for Casa Duro specifically:

- who's coming (countries, ages, spending profile)
- when they'll be near you, hour by hour, on game day
- a Facebook/Instagram ad you can launch before kickoff— copy, audience, budget
- a day-of plan: when to staff up, what to stock, what to price up
- the single move with the highest projected revenue for Casa Duro

Worth taking a look? I can send over a quick Casa Duro snapshot today with the key numbers and the clearest opportunity we see.

If it's useful, 15 minutes on Zoom and I'll show you how to deploy it.

Cheers,
Jacob",
FALSE,FALSE,Way Side Inn by Hotel O Dallas near Fair Park Downtown,hotel,"2600 S Cesar Chavez Blvd, Dallas, TX 75215, USA",Dallas-Arlington,USA,+1 713-936-0341,https://www.oyorooms.com/us/324407/?utm_source=GMB&utm_medium=Organic&utm_campaign=US_DLS163,suzanne.holmes@oyorooms.com,accept_all,hunter_search,94,3,104,google_places_enriched,downtown_zone,18 miles,"Hi Way Side Inn by Hotel O Dallas near Fair Park Downtown team,

There's a World Cup game 18 miles from Way Side Inn by Hotel O Dallas near Fair Park Downtown, in less than 50 days, and 2× AT&T Stadium (160K) worth of fans coming to Dallas.

We're CrowdReady - a group of data scientists building actionable reports for Dallas businesses. We pulled the numbers for Way Side Inn by Hotel O Dallas near Fair Park Downtown specifically:

- who's coming (countries, ages, spending profile)
- when they'll be near you, hour by hour, on game day
- a Facebook/Instagram ad you can launch before kickoff— copy, audience, budget
- a day-of plan: when to staff up, what to stock, what to price up
- the single move with the highest projected revenue for Way Side Inn by Hotel O Dallas near Fair Park Downtown

Worth taking a look? I can send over a quick Way Side Inn by Hotel O Dallas near Fair Park Downtown snapshot today with the key numbers and the clearest opportunity we see.

If it's useful, 15 minutes on Zoom and I'll show you how to deploy it.

Cheers,
Lucas","Hi Way Side Inn by Hotel O Dallas near Fair Park Downtown team,

There's a World Cup game 18 miles from Way Side Inn by Hotel O Dallas near Fair Park Downtown, in less than 50 days, and 2× AT&T Stadium (160K) worth of fans coming to Dallas.

We're CrowdReady - a group of data scientists building actionable reports for Dallas businesses. We pulled the numbers for Way Side Inn by Hotel O Dallas near Fair Park Downtown specifically:

- who's coming (countries, ages, spending profile)
- when they'll be near you, hour by hour, on game day
- a Facebook/Instagram ad you can launch before kickoff— copy, audience, budget
- a day-of plan: when to staff up, what to stock, what to price up
- the single move with the highest projected revenue for Way Side Inn by Hotel O Dallas near Fair Park Downtown

Worth taking a look? I can send over a quick Way Side Inn by Hotel O Dallas near Fair Park Downtown snapshot today with the key numbers and the clearest opportunity we see.

If it's useful, 15 minutes on Zoom and I'll show you how to deploy it.

Cheers,
Anthony","Hi Way Side Inn by Hotel O Dallas near Fair Park Downtown team,

There's a World Cup game 18 miles from Way Side Inn by Hotel O Dallas near Fair Park Downtown, in less than 50 days, and 2× AT&T Stadium (160K) worth of fans coming to Dallas.

We're CrowdReady - a group of data scientists building actionable reports for Dallas businesses. We pulled the numbers for Way Side Inn by Hotel O Dallas near Fair Park Downtown specifically:

- who's coming (countries, ages, spending profile)
- when they'll be near you, hour by hour, on game day
- a Facebook/Instagram ad you can launch before kickoff— copy, audience, budget
- a day-of plan: when to staff up, what to stock, what to price up
- the single move with the highest projected revenue for Way Side Inn by Hotel O Dallas near Fair Park Downtown

Worth taking a look? I can send over a quick Way Side Inn by Hotel O Dallas near Fair Park Downtown snapshot today with the key numbers and the clearest opportunity we see.

If it's useful, 15 minutes on Zoom and I'll show you how to deploy it.

Cheers,
Jacob",
FALSE,FALSE,Warwick Melrose - Dallas,hotel,"3015 Oak Lawn Ave, Dallas, TX 75219, USA",Dallas-Arlington,USA,+1 214-521-5151,https://www.warwickhotels.com/warwick-melrose-dallas/?utm_source=google&utm_medium=local&utm_campaign=seo,info.dallas@warwickhotels.com,valid,scraped_website,100,4.4,1597,google_places_enriched,downtown_zone,17 miles,"Hi Warwick Melrose - Dallas team,

There's a World Cup game 17 miles from Warwick Melrose - Dallas, in less than 50 days, and 2× AT&T Stadium (160K) worth of fans coming to Dallas.

We're CrowdReady - a group of data scientists building actionable reports for Dallas businesses. We pulled the numbers for Warwick Melrose - Dallas specifically:

- who's coming (countries, ages, spending profile)
- when they'll be near you, hour by hour, on game day
- a Facebook/Instagram ad you can launch before kickoff— copy, audience, budget
- a day-of plan: when to staff up, what to stock, what to price up
- the single move with the highest projected revenue for Warwick Melrose - Dallas

Worth taking a look? I can send over a quick Warwick Melrose - Dallas snapshot today with the key numbers and the clearest opportunity we see.

If it's useful, 15 minutes on Zoom and I'll show you how to deploy it.

Cheers,
Lucas","Hi Warwick Melrose - Dallas team,

There's a World Cup game 17 miles from Warwick Melrose - Dallas, in less than 50 days, and 2× AT&T Stadium (160K) worth of fans coming to Dallas.

We're CrowdReady - a group of data scientists building actionable reports for Dallas businesses. We pulled the numbers for Warwick Melrose - Dallas specifically:

- who's coming (countries, ages, spending profile)
- when they'll be near you, hour by hour, on game day
- a Facebook/Instagram ad you can launch before kickoff— copy, audience, budget
- a day-of plan: when to staff up, what to stock, what to price up
- the single move with the highest projected revenue for Warwick Melrose - Dallas

Worth taking a look? I can send over a quick Warwick Melrose - Dallas snapshot today with the key numbers and the clearest opportunity we see.

If it's useful, 15 minutes on Zoom and I'll show you how to deploy it.

Cheers,
Anthony","Hi Warwick Melrose - Dallas team,

There's a World Cup game 17 miles from Warwick Melrose - Dallas, in less than 50 days, and 2× AT&T Stadium (160K) worth of fans coming to Dallas.

We're CrowdReady - a group of data scientists building actionable reports for Dallas businesses. We pulled the numbers for Warwick Melrose - Dallas specifically:

- who's coming (countries, ages, spending profile)
- when they'll be near you, hour by hour, on game day
- a Facebook/Instagram ad you can launch before kickoff— copy, audience, budget
- a day-of plan: when to staff up, what to stock, what to price up
- the single move with the highest projected revenue for Warwick Melrose - Dallas

Worth taking a look? I can send over a quick Warwick Melrose - Dallas snapshot today with the key numbers and the clearest opportunity we see.

If it's useful, 15 minutes on Zoom and I'll show you how to deploy it.

Cheers,
Jacob",
FALSE,FALSE,Frankie's Downtown,sports_bar,"1303 Main St, Dallas, TX 75202, USA",Dallas-Arlington,USA,+1 214-741-1919,https://www.frankiesbar.com/,info@frankiesbar.com,valid,hunter_search,95,4.4,3144,google_places_enriched,downtown_zone,17 miles,"Hi Frankie's Downtown team,

There's a World Cup game 17 miles from Frankie's Downtown, in less than 50 days, and 2× AT&T Stadium (160K) worth of fans coming to Dallas.

We're CrowdReady - a group of data scientists building actionable reports for Dallas businesses. We pulled the numbers for Frankie's Downtown specifically:

- who's coming (countries, ages, spending profile)
- when they'll be near you, hour by hour, on game day
- a Facebook/Instagram ad you can launch before kickoff— copy, audience, budget
- a day-of plan: when to staff up, what to stock, what to price up
- the single move with the highest projected revenue for Frankie's Downtown

Worth taking a look? I can send over a quick Frankie's Downtown snapshot today with the key numbers and the clearest opportunity we see.

If it's useful, 15 minutes on Zoom and I'll show you how to deploy it.

Cheers,
Lucas","Hi Frankie's Downtown team,

There's a World Cup game 17 miles from Frankie's Downtown, in less than 50 days, and 2× AT&T Stadium (160K) worth of fans coming to Dallas.

We're CrowdReady - a group of data scientists building actionable reports for Dallas businesses. We pulled the numbers for Frankie's Downtown specifically:

- who's coming (countries, ages, spending profile)
- when they'll be near you, hour by hour, on game day
- a Facebook/Instagram ad you can launch before kickoff— copy, audience, budget
- a day-of plan: when to staff up, what to stock, what to price up
- the single move with the highest projected revenue for Frankie's Downtown

Worth taking a look? I can send over a quick Frankie's Downtown snapshot today with the key numbers and the clearest opportunity we see.

If it's useful, 15 minutes on Zoom and I'll show you how to deploy it.

Cheers,
Anthony","Hi Frankie's Downtown team,

There's a World Cup game 17 miles from Frankie's Downtown, in less than 50 days, and 2× AT&T Stadium (160K) worth of fans coming to Dallas.

We're CrowdReady - a group of data scientists building actionable reports for Dallas businesses. We pulled the numbers for Frankie's Downtown specifically:

- who's coming (countries, ages, spending profile)
- when they'll be near you, hour by hour, on game day
- a Facebook/Instagram ad you can launch before kickoff— copy, audience, budget
- a day-of plan: when to staff up, what to stock, what to price up
- the single move with the highest projected revenue for Frankie's Downtown

Worth taking a look? I can send over a quick Frankie's Downtown snapshot today with the key numbers and the clearest opportunity we see.

If it's useful, 15 minutes on Zoom and I'll show you how to deploy it.

Cheers,
Jacob",
FALSE,FALSE,The Hampton Social - Dallas,sports_bar,"1520 Main St, Dallas, TX 75201, USA",Dallas-Arlington,USA,+1 469-498-9890,https://www.thehamptonsocial.com/,orlandoevents@thehamptonsocial.com,valid,hunter_search,95,4.8,3629,google_places_enriched,downtown_zone,17 miles,"Hi The Hampton Social - Dallas team,

There's a World Cup game 17 miles from The Hampton Social - Dallas, in less than 50 days, and 2× AT&T Stadium (160K) worth of fans coming to Dallas.

We're CrowdReady - a group of data scientists building actionable reports for Dallas businesses. We pulled the numbers for The Hampton Social - Dallas specifically:

- who's coming (countries, ages, spending profile)
- when they'll be near you, hour by hour, on game day
- a Facebook/Instagram ad you can launch before kickoff— copy, audience, budget
- a day-of plan: when to staff up, what to stock, what to price up
- the single move with the highest projected revenue for The Hampton Social - Dallas

Worth taking a look? I can send over a quick The Hampton Social - Dallas snapshot today with the key numbers and the clearest opportunity we see.

If it's useful, 15 minutes on Zoom and I'll show you how to deploy it.

Cheers,
Lucas","Hi The Hampton Social - Dallas team,

There's a World Cup game 17 miles from The Hampton Social - Dallas, in less than 50 days, and 2× AT&T Stadium (160K) worth of fans coming to Dallas.

We're CrowdReady - a group of data scientists building actionable reports for Dallas businesses. We pulled the numbers for The Hampton Social - Dallas specifically:

- who's coming (countries, ages, spending profile)
- when they'll be near you, hour by hour, on game day
- a Facebook/Instagram ad you can launch before kickoff— copy, audience, budget
- a day-of plan: when to staff up, what to stock, what to price up
- the single move with the highest projected revenue for The Hampton Social - Dallas

Worth taking a look? I can send over a quick The Hampton Social - Dallas snapshot today with the key numbers and the clearest opportunity we see.

If it's useful, 15 minutes on Zoom and I'll show you how to deploy it.

Cheers,
Anthony","Hi The Hampton Social - Dallas team,

There's a World Cup game 17 miles from The Hampton Social - Dallas, in less than 50 days, and 2× AT&T Stadium (160K) worth of fans coming to Dallas.

We're CrowdReady - a group of data scientists building actionable reports for Dallas businesses. We pulled the numbers for The Hampton Social - Dallas specifically:

- who's coming (countries, ages, spending profile)
- when they'll be near you, hour by hour, on game day
- a Facebook/Instagram ad you can launch before kickoff— copy, audience, budget
- a day-of plan: when to staff up, what to stock, what to price up
- the single move with the highest projected revenue for The Hampton Social - Dallas

Worth taking a look? I can send over a quick The Hampton Social - Dallas snapshot today with the key numbers and the clearest opportunity we see.

If it's useful, 15 minutes on Zoom and I'll show you how to deploy it.

Cheers,
Jacob",
FALSE,FALSE,Vincent's Skybar,sports_bar,"800 N Harwood St, Dallas, TX 75201, USA",Dallas-Arlington,USA,+1 214-347-9499,https://www.marriott.com/en-us/hotels/dalja-jw-marriott-dallas-arts-district/dining/dallas-arts-district-dining/,rosa.azuara@marriott.com,accept_all,hunter_search,94,3.5,13,google_places_enriched,downtown_zone,17 miles,"Hi Vincent's Skybar team,

There's a World Cup game 17 miles from Vincent's Skybar, in less than 50 days, and 2× AT&T Stadium (160K) worth of fans coming to Dallas.

We're CrowdReady - a group of data scientists building actionable reports for Dallas businesses. We pulled the numbers for Vincent's Skybar specifically:

- who's coming (countries, ages, spending profile)
- when they'll be near you, hour by hour, on game day
- a Facebook/Instagram ad you can launch before kickoff— copy, audience, budget
- a day-of plan: when to staff up, what to stock, what to price up
- the single move with the highest projected revenue for Vincent's Skybar

Worth taking a look? I can send over a quick Vincent's Skybar snapshot today with the key numbers and the clearest opportunity we see.

If it's useful, 15 minutes on Zoom and I'll show you how to deploy it.

Cheers,
Lucas","Hi Vincent's Skybar team,

There's a World Cup game 17 miles from Vincent's Skybar, in less than 50 days, and 2× AT&T Stadium (160K) worth of fans coming to Dallas.

We're CrowdReady - a group of data scientists building actionable reports for Dallas businesses. We pulled the numbers for Vincent's Skybar specifically:

- who's coming (countries, ages, spending profile)
- when they'll be near you, hour by hour, on game day
- a Facebook/Instagram ad you can launch before kickoff— copy, audience, budget
- a day-of plan: when to staff up, what to stock, what to price up
- the single move with the highest projected revenue for Vincent's Skybar

Worth taking a look? I can send over a quick Vincent's Skybar snapshot today with the key numbers and the clearest opportunity we see.

If it's useful, 15 minutes on Zoom and I'll show you how to deploy it.

Cheers,
Anthony","Hi Vincent's Skybar team,

There's a World Cup game 17 miles from Vincent's Skybar, in less than 50 days, and 2× AT&T Stadium (160K) worth of fans coming to Dallas.

We're CrowdReady - a group of data scientists building actionable reports for Dallas businesses. We pulled the numbers for Vincent's Skybar specifically:

- who's coming (countries, ages, spending profile)
- when they'll be near you, hour by hour, on game day
- a Facebook/Instagram ad you can launch before kickoff— copy, audience, budget
- a day-of plan: when to staff up, what to stock, what to price up
- the single move with the highest projected revenue for Vincent's Skybar

Worth taking a look? I can send over a quick Vincent's Skybar snapshot today with the key numbers and the clearest opportunity we see.

If it's useful, 15 minutes on Zoom and I'll show you how to deploy it.

Cheers,
Jacob",
FALSE,FALSE,MIRADOR,sports_bar,"1608 Elm St, Dallas, TX 75201, USA",Dallas-Arlington,USA,+1 214-945-8200,https://www.mirador-dallas.com/,hello@mirador-dallas.com,valid,hunter_search,99,4.7,272,google_places_enriched,downtown_zone,17 miles,"Hi MIRADOR team,

There's a World Cup game 17 miles from MIRADOR, in less than 50 days, and 2× AT&T Stadium (160K) worth of fans coming to Dallas.

We're CrowdReady - a group of data scientists building actionable reports for Dallas businesses. We pulled the numbers for MIRADOR specifically:

- who's coming (countries, ages, spending profile)
- when they'll be near you, hour by hour, on game day
- a Facebook/Instagram ad you can launch before kickoff— copy, audience, budget
- a day-of plan: when to staff up, what to stock, what to price up
- the single move with the highest projected revenue for MIRADOR

Worth taking a look? I can send over a quick MIRADOR snapshot today with the key numbers and the clearest opportunity we see.

If it's useful, 15 minutes on Zoom and I'll show you how to deploy it.

Cheers,
Lucas","Hi MIRADOR team,

There's a World Cup game 17 miles from MIRADOR, in less than 50 days, and 2× AT&T Stadium (160K) worth of fans coming to Dallas.

We're CrowdReady - a group of data scientists building actionable reports for Dallas businesses. We pulled the numbers for MIRADOR specifically:

- who's coming (countries, ages, spending profile)
- when they'll be near you, hour by hour, on game day
- a Facebook/Instagram ad you can launch before kickoff— copy, audience, budget
- a day-of plan: when to staff up, what to stock, what to price up
- the single move with the highest projected revenue for MIRADOR

Worth taking a look? I can send over a quick MIRADOR snapshot today with the key numbers and the clearest opportunity we see.

If it's useful, 15 minutes on Zoom and I'll show you how to deploy it.

Cheers,
Anthony","Hi MIRADOR team,

There's a World Cup game 17 miles from MIRADOR, in less than 50 days, and 2× AT&T Stadium (160K) worth of fans coming to Dallas.

We're CrowdReady - a group of data scientists building actionable reports for Dallas businesses. We pulled the numbers for MIRADOR specifically:

- who's coming (countries, ages, spending profile)
- when they'll be near you, hour by hour, on game day
- a Facebook/Instagram ad you can launch before kickoff— copy, audience, budget
- a day-of plan: when to staff up, what to stock, what to price up
- the single move with the highest projected revenue for MIRADOR

Worth taking a look? I can send over a quick MIRADOR snapshot today with the key numbers and the clearest opportunity we see.

If it's useful, 15 minutes on Zoom and I'll show you how to deploy it.

Cheers,
Jacob",
FALSE,FALSE,RH Rooftop Restaurant at RH Dallas,sports_bar,"3133 Knox St, Dallas, TX 75205, USA",Dallas-Arlington,USA,+1 214-520-7255,https://rh.com/dallas/restaurant,cpalmer@rh.com,accept_all,hunter_search,94,4.1,1373,google_places_enriched,downtown_zone,19 miles,"Hi RH Rooftop Restaurant at RH Dallas team,

There's a World Cup game 19 miles from RH Rooftop Restaurant at RH Dallas, in less than 50 days, and 2× AT&T Stadium (160K) worth of fans coming to Dallas.

We're CrowdReady - a group of data scientists building actionable reports for Dallas businesses. We pulled the numbers for RH Rooftop Restaurant at RH Dallas specifically:

- who's coming (countries, ages, spending profile)
- when they'll be near you, hour by hour, on game day
- a Facebook/Instagram ad you can launch before kickoff— copy, audience, budget
- a day-of plan: when to staff up, what to stock, what to price up
- the single move with the highest projected revenue for RH Rooftop Restaurant at RH Dallas

Worth taking a look? I can send over a quick RH Rooftop Restaurant at RH Dallas snapshot today with the key numbers and the clearest opportunity we see.

If it's useful, 15 minutes on Zoom and I'll show you how to deploy it.

Cheers,
Lucas","Hi RH Rooftop Restaurant at RH Dallas team,

There's a World Cup game 19 miles from RH Rooftop Restaurant at RH Dallas, in less than 50 days, and 2× AT&T Stadium (160K) worth of fans coming to Dallas.

We're CrowdReady - a group of data scientists building actionable reports for Dallas businesses. We pulled the numbers for RH Rooftop Restaurant at RH Dallas specifically:

- who's coming (countries, ages, spending profile)
- when they'll be near you, hour by hour, on game day
- a Facebook/Instagram ad you can launch before kickoff— copy, audience, budget
- a day-of plan: when to staff up, what to stock, what to price up
- the single move with the highest projected revenue for RH Rooftop Restaurant at RH Dallas

Worth taking a look? I can send over a quick RH Rooftop Restaurant at RH Dallas snapshot today with the key numbers and the clearest opportunity we see.

If it's useful, 15 minutes on Zoom and I'll show you how to deploy it.

Cheers,
Anthony","Hi RH Rooftop Restaurant at RH Dallas team,

There's a World Cup game 19 miles from RH Rooftop Restaurant at RH Dallas, in less than 50 days, and 2× AT&T Stadium (160K) worth of fans coming to Dallas.

We're CrowdReady - a group of data scientists building actionable reports for Dallas businesses. We pulled the numbers for RH Rooftop Restaurant at RH Dallas specifically:

- who's coming (countries, ages, spending profile)
- when they'll be near you, hour by hour, on game day
- a Facebook/Instagram ad you can launch before kickoff— copy, audience, budget
- a day-of plan: when to staff up, what to stock, what to price up
- the single move with the highest projected revenue for RH Rooftop Restaurant at RH Dallas

Worth taking a look? I can send over a quick RH Rooftop Restaurant at RH Dallas snapshot today with the key numbers and the clearest opportunity we see.

If it's useful, 15 minutes on Zoom and I'll show you how to deploy it.

Cheers,
Jacob",
FALSE,FALSE,Uptown Terrace Pool Bar & Grill,sports_bar,"555 S Lamar St, Dallas, TX 75202, USA",Dallas-Arlington,USA,+1 214-744-6664,http://www.omnihotels.com/hotels/dallas/dining/uptown-terrace,sonya.cook@omnihotels.com,accept_all,hunter_search,94,4,9,google_places_enriched,downtown_zone,17 miles,"Hi Uptown Terrace Pool Bar & Grill team,

There's a World Cup game 17 miles from Uptown Terrace Pool Bar & Grill, in less than 50 days, and 2× AT&T Stadium (160K) worth of fans coming to Dallas.

We're CrowdReady - a group of data scientists building actionable reports for Dallas businesses. We pulled the numbers for Uptown Terrace Pool Bar & Grill specifically:

- who's coming (countries, ages, spending profile)
- when they'll be near you, hour by hour, on game day
- a Facebook/Instagram ad you can launch before kickoff— copy, audience, budget
- a day-of plan: when to staff up, what to stock, what to price up
- the single move with the highest projected revenue for Uptown Terrace Pool Bar & Grill

Worth taking a look? I can send over a quick Uptown Terrace Pool Bar & Grill snapshot today with the key numbers and the clearest opportunity we see.

If it's useful, 15 minutes on Zoom and I'll show you how to deploy it.

Cheers,
Lucas","Hi Uptown Terrace Pool Bar & Grill team,

There's a World Cup game 17 miles from Uptown Terrace Pool Bar & Grill, in less than 50 days, and 2× AT&T Stadium (160K) worth of fans coming to Dallas.

We're CrowdReady - a group of data scientists building actionable reports for Dallas businesses. We pulled the numbers for Uptown Terrace Pool Bar & Grill specifically:

- who's coming (countries, ages, spending profile)
- when they'll be near you, hour by hour, on game day
- a Facebook/Instagram ad you can launch before kickoff— copy, audience, budget
- a day-of plan: when to staff up, what to stock, what to price up
- the single move with the highest projected revenue for Uptown Terrace Pool Bar & Grill

Worth taking a look? I can send over a quick Uptown Terrace Pool Bar & Grill snapshot today with the key numbers and the clearest opportunity we see.

If it's useful, 15 minutes on Zoom and I'll show you how to deploy it.

Cheers,
Anthony","Hi Uptown Terrace Pool Bar & Grill team,

There's a World Cup game 17 miles from Uptown Terrace Pool Bar & Grill, in less than 50 days, and 2× AT&T Stadium (160K) worth of fans coming to Dallas.

We're CrowdReady - a group of data scientists building actionable reports for Dallas businesses. We pulled the numbers for Uptown Terrace Pool Bar & Grill specifically:

- who's coming (countries, ages, spending profile)
- when they'll be near you, hour by hour, on game day
- a Facebook/Instagram ad you can launch before kickoff— copy, audience, budget
- a day-of plan: when to staff up, what to stock, what to price up
- the single move with the highest projected revenue for Uptown Terrace Pool Bar & Grill

Worth taking a look? I can send over a quick Uptown Terrace Pool Bar & Grill snapshot today with the key numbers and the clearest opportunity we see.

If it's useful, 15 minutes on Zoom and I'll show you how to deploy it.

Cheers,
Jacob",
FALSE,FALSE,The Artisan Rooftop Terrace,sports_bar,"2330 Flora St #200, Dallas, TX 75201, USA",Dallas-Arlington,USA,+1 214-421-0774,https://theartisandallas.com/terrace-events/,info@theartisandallas.com,valid,scraped_website,100,5,2,google_places_enriched,downtown_zone,17 miles,"Hi The Artisan Rooftop Terrace team,

There's a World Cup game 17 miles from The Artisan Rooftop Terrace, in less than 50 days, and 2× AT&T Stadium (160K) worth of fans coming to Dallas.

We're CrowdReady - a group of data scientists building actionable reports for Dallas businesses. We pulled the numbers for The Artisan Rooftop Terrace specifically:

- who's coming (countries, ages, spending profile)
- when they'll be near you, hour by hour, on game day
- a Facebook/Instagram ad you can launch before kickoff— copy, audience, budget
- a day-of plan: when to staff up, what to stock, what to price up
- the single move with the highest projected revenue for The Artisan Rooftop Terrace

Worth taking a look? I can send over a quick The Artisan Rooftop Terrace snapshot today with the key numbers and the clearest opportunity we see.

If it's useful, 15 minutes on Zoom and I'll show you how to deploy it.

Cheers,
Lucas","Hi The Artisan Rooftop Terrace team,

There's a World Cup game 17 miles from The Artisan Rooftop Terrace, in less than 50 days, and 2× AT&T Stadium (160K) worth of fans coming to Dallas.

We're CrowdReady - a group of data scientists building actionable reports for Dallas businesses. We pulled the numbers for The Artisan Rooftop Terrace specifically:

- who's coming (countries, ages, spending profile)
- when they'll be near you, hour by hour, on game day
- a Facebook/Instagram ad you can launch before kickoff— copy, audience, budget
- a day-of plan: when to staff up, what to stock, what to price up
- the single move with the highest projected revenue for The Artisan Rooftop Terrace

Worth taking a look? I can send over a quick The Artisan Rooftop Terrace snapshot today with the key numbers and the clearest opportunity we see.

If it's useful, 15 minutes on Zoom and I'll show you how to deploy it.

Cheers,
Anthony","Hi The Artisan Rooftop Terrace team,

There's a World Cup game 17 miles from The Artisan Rooftop Terrace, in less than 50 days, and 2× AT&T Stadium (160K) worth of fans coming to Dallas.

We're CrowdReady - a group of data scientists building actionable reports for Dallas businesses. We pulled the numbers for The Artisan Rooftop Terrace specifically:

- who's coming (countries, ages, spending profile)
- when they'll be near you, hour by hour, on game day
- a Facebook/Instagram ad you can launch before kickoff— copy, audience, budget
- a day-of plan: when to staff up, what to stock, what to price up
- the single move with the highest projected revenue for The Artisan Rooftop Terrace

Worth taking a look? I can send over a quick The Artisan Rooftop Terrace snapshot today with the key numbers and the clearest opportunity we see.

If it's useful, 15 minutes on Zoom and I'll show you how to deploy it.

Cheers,
Jacob",
FALSE,FALSE,HG Sply Co.,sports_bar,"2008 Greenville Ave, Dallas, TX 75206, USA",Dallas-Arlington,USA,+1 469-334-0895,http://www.hgsplyco.com/dallas,infodallas@hgsplyco.com,valid,scraped_website,100,4.7,5248,google_places_enriched,downtown_zone,19 miles,"Hi HG Sply Co. team,

There's a World Cup game 19 miles from HG Sply Co., in less than 50 days, and 2× AT&T Stadium (160K) worth of fans coming to Dallas.

We're CrowdReady - a group of data scientists building actionable reports for Dallas businesses. We pulled the numbers for HG Sply Co. specifically:

- who's coming (countries, ages, spending profile)
- when they'll be near you, hour by hour, on game day
- a Facebook/Instagram ad you can launch before kickoff— copy, audience, budget
- a day-of plan: when to staff up, what to stock, what to price up
- the single move with the highest projected revenue for HG Sply Co.

Worth taking a look? I can send over a quick HG Sply Co. snapshot today with the key numbers and the clearest opportunity we see.

If it's useful, 15 minutes on Zoom and I'll show you how to deploy it.

Cheers,
Lucas","Hi HG Sply Co. team,

There's a World Cup game 19 miles from HG Sply Co., in less than 50 days, and 2× AT&T Stadium (160K) worth of fans coming to Dallas.

We're CrowdReady - a group of data scientists building actionable reports for Dallas businesses. We pulled the numbers for HG Sply Co. specifically:

- who's coming (countries, ages, spending profile)
- when they'll be near you, hour by hour, on game day
- a Facebook/Instagram ad you can launch before kickoff— copy, audience, budget
- a day-of plan: when to staff up, what to stock, what to price up
- the single move with the highest projected revenue for HG Sply Co.

Worth taking a look? I can send over a quick HG Sply Co. snapshot today with the key numbers and the clearest opportunity we see.

If it's useful, 15 minutes on Zoom and I'll show you how to deploy it.

Cheers,
Anthony","Hi HG Sply Co. team,

There's a World Cup game 19 miles from HG Sply Co., in less than 50 days, and 2× AT&T Stadium (160K) worth of fans coming to Dallas.

We're CrowdReady - a group of data scientists building actionable reports for Dallas businesses. We pulled the numbers for HG Sply Co. specifically:

- who's coming (countries, ages, spending profile)
- when they'll be near you, hour by hour, on game day
- a Facebook/Instagram ad you can launch before kickoff— copy, audience, budget
- a day-of plan: when to staff up, what to stock, what to price up
- the single move with the highest projected revenue for HG Sply Co.

Worth taking a look? I can send over a quick HG Sply Co. snapshot today with the key numbers and the clearest opportunity we see.

If it's useful, 15 minutes on Zoom and I'll show you how to deploy it.

Cheers,
Jacob",
FALSE,FALSE,The Sanford House Inn & Spa,hotel_bar,"506 N Center St, Arlington, TX 76011, USA",Dallas-Arlington,USA,+1 817-861-2129,http://www.thesanfordhouse.com/,events@thesanfordhouse.com,accept_all,hunter_search,60,4.7,591,google_places_enriched,arlington_hotels_zone,0.8 miles,"Hi The Sanford House Inn & Spa team,

There's a World Cup game 0.8 miles from The Sanford House Inn & Spa, in less than 50 days, and 2× AT&T Stadium (160K) worth of fans coming to Dallas.

We're CrowdReady - a group of data scientists building actionable reports for Dallas businesses. We pulled the numbers for The Sanford House Inn & Spa specifically:

- who's coming (countries, ages, spending profile)
- when they'll be near you, hour by hour, on game day
- a Facebook/Instagram ad you can launch before kickoff— copy, audience, budget
- a day-of plan: when to staff up, what to stock, what to price up
- the single move with the highest projected revenue for The Sanford House Inn & Spa

Worth taking a look? I can send over a quick The Sanford House Inn & Spa snapshot today with the key numbers and the clearest opportunity we see.

If it's useful, 15 minutes on Zoom and I'll show you how to deploy it.

Cheers,
Lucas","Hi The Sanford House Inn & Spa team,

There's a World Cup game 0.8 miles from The Sanford House Inn & Spa, in less than 50 days, and 2× AT&T Stadium (160K) worth of fans coming to Dallas.

We're CrowdReady - a group of data scientists building actionable reports for Dallas businesses. We pulled the numbers for The Sanford House Inn & Spa specifically:

- who's coming (countries, ages, spending profile)
- when they'll be near you, hour by hour, on game day
- a Facebook/Instagram ad you can launch before kickoff— copy, audience, budget
- a day-of plan: when to staff up, what to stock, what to price up
- the single move with the highest projected revenue for The Sanford House Inn & Spa

Worth taking a look? I can send over a quick The Sanford House Inn & Spa snapshot today with the key numbers and the clearest opportunity we see.

If it's useful, 15 minutes on Zoom and I'll show you how to deploy it.

Cheers,
Anthony","Hi The Sanford House Inn & Spa team,

There's a World Cup game 0.8 miles from The Sanford House Inn & Spa, in less than 50 days, and 2× AT&T Stadium (160K) worth of fans coming to Dallas.

We're CrowdReady - a group of data scientists building actionable reports for Dallas businesses. We pulled the numbers for The Sanford House Inn & Spa specifically:

- who's coming (countries, ages, spending profile)
- when they'll be near you, hour by hour, on game day
- a Facebook/Instagram ad you can launch before kickoff— copy, audience, budget
- a day-of plan: when to staff up, what to stock, what to price up
- the single move with the highest projected revenue for The Sanford House Inn & Spa

Worth taking a look? I can send over a quick The Sanford House Inn & Spa snapshot today with the key numbers and the clearest opportunity we see.

If it's useful, 15 minutes on Zoom and I'll show you how to deploy it.

Cheers,
Jacob",
FALSE,FALSE,Lux Hotel and Spa,hotel,"117 S Watson Rd, Arlington, TX 76010, USA",Dallas-Arlington,USA,+1 817-633-4000,http://www.luxhotelandspa.com/,info@luxhotelandspa.com,accept_all,scraped_website,82,3.9,1729,google_places_enriched,arlington_hotels_zone,2.1 miles,"Hi Lux Hotel and Spa team,

There's a World Cup game 2.1 miles from Lux Hotel and Spa, in less than 50 days, and 2× AT&T Stadium (160K) worth of fans coming to Dallas.

We're CrowdReady - a group of data scientists building actionable reports for Dallas businesses. We pulled the numbers for Lux Hotel and Spa specifically:

- who's coming (countries, ages, spending profile)
- when they'll be near you, hour by hour, on game day
- a Facebook/Instagram ad you can launch before kickoff— copy, audience, budget
- a day-of plan: when to staff up, what to stock, what to price up
- the single move with the highest projected revenue for Lux Hotel and Spa

Worth taking a look? I can send over a quick Lux Hotel and Spa snapshot today with the key numbers and the clearest opportunity we see.

If it's useful, 15 minutes on Zoom and I'll show you how to deploy it.

Cheers,
Lucas","Hi Lux Hotel and Spa team,

There's a World Cup game 2.1 miles from Lux Hotel and Spa, in less than 50 days, and 2× AT&T Stadium (160K) worth of fans coming to Dallas.

We're CrowdReady - a group of data scientists building actionable reports for Dallas businesses. We pulled the numbers for Lux Hotel and Spa specifically:

- who's coming (countries, ages, spending profile)
- when they'll be near you, hour by hour, on game day
- a Facebook/Instagram ad you can launch before kickoff— copy, audience, budget
- a day-of plan: when to staff up, what to stock, what to price up
- the single move with the highest projected revenue for Lux Hotel and Spa

Worth taking a look? I can send over a quick Lux Hotel and Spa snapshot today with the key numbers and the clearest opportunity we see.

If it's useful, 15 minutes on Zoom and I'll show you how to deploy it.

Cheers,
Anthony","Hi Lux Hotel and Spa team,

There's a World Cup game 2.1 miles from Lux Hotel and Spa, in less than 50 days, and 2× AT&T Stadium (160K) worth of fans coming to Dallas.

We're CrowdReady - a group of data scientists building actionable reports for Dallas businesses. We pulled the numbers for Lux Hotel and Spa specifically:

- who's coming (countries, ages, spending profile)
- when they'll be near you, hour by hour, on game day
- a Facebook/Instagram ad you can launch before kickoff— copy, audience, budget
- a day-of plan: when to staff up, what to stock, what to price up
- the single move with the highest projected revenue for Lux Hotel and Spa

Worth taking a look? I can send over a quick Lux Hotel and Spa snapshot today with the key numbers and the clearest opportunity we see.

If it's useful, 15 minutes on Zoom and I'll show you how to deploy it.

Cheers,
Jacob",
FALSE,FALSE,The Lamar,hotel,"2700 E Lamar Blvd, Arlington, TX 76011, USA",Dallas-Arlington,USA,+1 817-394-5000,https://www.marriott.com/en-us/hotels/dalab-the-lamar/overview/?cid=NAT_google_hotel_url,rosa.azuara@marriott.com,accept_all,hunter_search,94,4.1,1534,google_places_enriched,arlington_hotels_zone,2.4 miles,"Hi The Lamar team,

There's a World Cup game 2.4 miles from The Lamar, in less than 50 days, and 2× AT&T Stadium (160K) worth of fans coming to Dallas.

We're CrowdReady - a group of data scientists building actionable reports for Dallas businesses. We pulled the numbers for The Lamar specifically:

- who's coming (countries, ages, spending profile)
- when they'll be near you, hour by hour, on game day
- a Facebook/Instagram ad you can launch before kickoff— copy, audience, budget
- a day-of plan: when to staff up, what to stock, what to price up
- the single move with the highest projected revenue for The Lamar

Worth taking a look? I can send over a quick The Lamar snapshot today with the key numbers and the clearest opportunity we see.

If it's useful, 15 minutes on Zoom and I'll show you how to deploy it.

Cheers,
Lucas","Hi The Lamar team,

There's a World Cup game 2.4 miles from The Lamar, in less than 50 days, and 2× AT&T Stadium (160K) worth of fans coming to Dallas.

We're CrowdReady - a group of data scientists building actionable reports for Dallas businesses. We pulled the numbers for The Lamar specifically:

- who's coming (countries, ages, spending profile)
- when they'll be near you, hour by hour, on game day
- a Facebook/Instagram ad you can launch before kickoff— copy, audience, budget
- a day-of plan: when to staff up, what to stock, what to price up
- the single move with the highest projected revenue for The Lamar

Worth taking a look? I can send over a quick The Lamar snapshot today with the key numbers and the clearest opportunity we see.

If it's useful, 15 minutes on Zoom and I'll show you how to deploy it.

Cheers,
Anthony","Hi The Lamar team,

There's a World Cup game 2.4 miles from The Lamar, in less than 50 days, and 2× AT&T Stadium (160K) worth of fans coming to Dallas.

We're CrowdReady - a group of data scientists building actionable reports for Dallas businesses. We pulled the numbers for The Lamar specifically:

- who's coming (countries, ages, spending profile)
- when they'll be near you, hour by hour, on game day
- a Facebook/Instagram ad you can launch before kickoff— copy, audience, budget
- a day-of plan: when to staff up, what to stock, what to price up
- the single move with the highest projected revenue for The Lamar

Worth taking a look? I can send over a quick The Lamar snapshot today with the key numbers and the clearest opportunity we see.

If it's useful, 15 minutes on Zoom and I'll show you how to deploy it.

Cheers,
Jacob",
FALSE,FALSE,Drury Plaza Hotel Dallas Arlington,hotel,"101 W Road to Six Flags St, Arlington, TX 76011, USA",Dallas-Arlington,USA,+1 817-261-2100,https://www.druryhotels.com/locations/dallas-tx/drury-plaza-hotel-dallas-arlington?utm_campaign=gmb&utm_medium=organic&utm_source=local2,kate.scheer@druryhotels.com,valid,hunter_search,99,4.8,432,google_places_enriched,arlington_hotels_zone,0.9 miles,"Hi Drury Plaza Hotel Dallas Arlington team,

There's a World Cup game 0.9 miles from Drury Plaza Hotel Dallas Arlington, in less than 50 days, and 2× AT&T Stadium (160K) worth of fans coming to Dallas.

We're CrowdReady - a group of data scientists building actionable reports for Dallas businesses. We pulled the numbers for Drury Plaza Hotel Dallas Arlington specifically:

- who's coming (countries, ages, spending profile)
- when they'll be near you, hour by hour, on game day
- a Facebook/Instagram ad you can launch before kickoff— copy, audience, budget
- a day-of plan: when to staff up, what to stock, what to price up
- the single move with the highest projected revenue for Drury Plaza Hotel Dallas Arlington

Worth taking a look? I can send over a quick Drury Plaza Hotel Dallas Arlington snapshot today with the key numbers and the clearest opportunity we see.

If it's useful, 15 minutes on Zoom and I'll show you how to deploy it.

Cheers,
Lucas","Hi Drury Plaza Hotel Dallas Arlington team,

There's a World Cup game 0.9 miles from Drury Plaza Hotel Dallas Arlington, in less than 50 days, and 2× AT&T Stadium (160K) worth of fans coming to Dallas.

We're CrowdReady - a group of data scientists building actionable reports for Dallas businesses. We pulled the numbers for Drury Plaza Hotel Dallas Arlington specifically:

- who's coming (countries, ages, spending profile)
- when they'll be near you, hour by hour, on game day
- a Facebook/Instagram ad you can launch before kickoff— copy, audience, budget
- a day-of plan: when to staff up, what to stock, what to price up
- the single move with the highest projected revenue for Drury Plaza Hotel Dallas Arlington

Worth taking a look? I can send over a quick Drury Plaza Hotel Dallas Arlington snapshot today with the key numbers and the clearest opportunity we see.

If it's useful, 15 minutes on Zoom and I'll show you how to deploy it.

Cheers,
Anthony","Hi Drury Plaza Hotel Dallas Arlington team,

There's a World Cup game 0.9 miles from Drury Plaza Hotel Dallas Arlington, in less than 50 days, and 2× AT&T Stadium (160K) worth of fans coming to Dallas.

We're CrowdReady - a group of data scientists building actionable reports for Dallas businesses. We pulled the numbers for Drury Plaza Hotel Dallas Arlington specifically:

- who's coming (countries, ages, spending profile)
- when they'll be near you, hour by hour, on game day
- a Facebook/Instagram ad you can launch before kickoff— copy, audience, budget
- a day-of plan: when to staff up, what to stock, what to price up
- the single move with the highest projected revenue for Drury Plaza Hotel Dallas Arlington

Worth taking a look? I can send over a quick Drury Plaza Hotel Dallas Arlington snapshot today with the key numbers and the clearest opportunity we see.

If it's useful, 15 minutes on Zoom and I'll show you how to deploy it.

Cheers,
Jacob",
FALSE,FALSE,R Nite Star Hotel,hotel_bar,"1175 N Watson Rd, Arlington, TX 76006, USA",Dallas-Arlington,USA,+1 817-652-3100,https://rnitestar.com/,info@rnitestar.com,valid,scraped_website,100,4.3,185,google_places_enriched,arlington_hotels_zone,2.1 miles,"Hi R Nite Star Hotel team,

There's a World Cup game 2.1 miles from R Nite Star Hotel, in less than 50 days, and 2× AT&T Stadium (160K) worth of fans coming to Dallas.

We're CrowdReady - a group of data scientists building actionable reports for Dallas businesses. We pulled the numbers for R Nite Star Hotel specifically:

- who's coming (countries, ages, spending profile)
- when they'll be near you, hour by hour, on game day
- a Facebook/Instagram ad you can launch before kickoff— copy, audience, budget
- a day-of plan: when to staff up, what to stock, what to price up
- the single move with the highest projected revenue for R Nite Star Hotel

Worth taking a look? I can send over a quick R Nite Star Hotel snapshot today with the key numbers and the clearest opportunity we see.

If it's useful, 15 minutes on Zoom and I'll show you how to deploy it.

Cheers,
Lucas","Hi R Nite Star Hotel team,

There's a World Cup game 2.1 miles from R Nite Star Hotel, in less than 50 days, and 2× AT&T Stadium (160K) worth of fans coming to Dallas.

We're CrowdReady - a group of data scientists building actionable reports for Dallas businesses. We pulled the numbers for R Nite Star Hotel specifically:

- who's coming (countries, ages, spending profile)
- when they'll be near you, hour by hour, on game day
- a Facebook/Instagram ad you can launch before kickoff— copy, audience, budget
- a day-of plan: when to staff up, what to stock, what to price up
- the single move with the highest projected revenue for R Nite Star Hotel

Worth taking a look? I can send over a quick R Nite Star Hotel snapshot today with the key numbers and the clearest opportunity we see.

If it's useful, 15 minutes on Zoom and I'll show you how to deploy it.

Cheers,
Anthony","Hi R Nite Star Hotel team,

There's a World Cup game 2.1 miles from R Nite Star Hotel, in less than 50 days, and 2× AT&T Stadium (160K) worth of fans coming to Dallas.

We're CrowdReady - a group of data scientists building actionable reports for Dallas businesses. We pulled the numbers for R Nite Star Hotel specifically:

- who's coming (countries, ages, spending profile)
- when they'll be near you, hour by hour, on game day
- a Facebook/Instagram ad you can launch before kickoff— copy, audience, budget
- a day-of plan: when to staff up, what to stock, what to price up
- the single move with the highest projected revenue for R Nite Star Hotel

Worth taking a look? I can send over a quick R Nite Star Hotel snapshot today with the key numbers and the clearest opportunity we see.

If it's useful, 15 minutes on Zoom and I'll show you how to deploy it.

Cheers,
Jacob",
FALSE,FALSE,Cambria Hotel Euless - DFW Airport South,hotel,"751 E Airport Fwy, Euless, TX 76039, USA",Dallas-Arlington,USA,+1 817-864-8726,https://www.choicehotels.com/texas/euless/cambria-hotels/txp48?mc=llgoxxpx,tom.duffe@choicehotels.com,valid,hunter_search,99,4.9,24,google_places_enriched,arlington_hotels_zone,6.5 miles,"Hi Cambria Hotel Euless - DFW Airport South team,

There's a World Cup game 6.5 miles from Cambria Hotel Euless - DFW Airport South, in less than 50 days, and 2× AT&T Stadium (160K) worth of fans coming to Dallas.

We're CrowdReady - a group of data scientists building actionable reports for Dallas businesses. We pulled the numbers for Cambria Hotel Euless - DFW Airport South specifically:

- who's coming (countries, ages, spending profile)
- when they'll be near you, hour by hour, on game day
- a Facebook/Instagram ad you can launch before kickoff— copy, audience, budget
- a day-of plan: when to staff up, what to stock, what to price up
- the single move with the highest projected revenue for Cambria Hotel Euless - DFW Airport South

Worth taking a look? I can send over a quick Cambria Hotel Euless - DFW Airport South snapshot today with the key numbers and the clearest opportunity we see.

If it's useful, 15 minutes on Zoom and I'll show you how to deploy it.

Cheers,
Lucas","Hi Cambria Hotel Euless - DFW Airport South team,

There's a World Cup game 6.5 miles from Cambria Hotel Euless - DFW Airport South, in less than 50 days, and 2× AT&T Stadium (160K) worth of fans coming to Dallas.

We're CrowdReady - a group of data scientists building actionable reports for Dallas businesses. We pulled the numbers for Cambria Hotel Euless - DFW Airport South specifically:

- who's coming (countries, ages, spending profile)
- when they'll be near you, hour by hour, on game day
- a Facebook/Instagram ad you can launch before kickoff— copy, audience, budget
- a day-of plan: when to staff up, what to stock, what to price up
- the single move with the highest projected revenue for Cambria Hotel Euless - DFW Airport South

Worth taking a look? I can send over a quick Cambria Hotel Euless - DFW Airport South snapshot today with the key numbers and the clearest opportunity we see.

If it's useful, 15 minutes on Zoom and I'll show you how to deploy it.

Cheers,
Anthony","Hi Cambria Hotel Euless - DFW Airport South team,

There's a World Cup game 6.5 miles from Cambria Hotel Euless - DFW Airport South, in less than 50 days, and 2× AT&T Stadium (160K) worth of fans coming to Dallas.

We're CrowdReady - a group of data scientists building actionable reports for Dallas businesses. We pulled the numbers for Cambria Hotel Euless - DFW Airport South specifically:

- who's coming (countries, ages, spending profile)
- when they'll be near you, hour by hour, on game day
- a Facebook/Instagram ad you can launch before kickoff— copy, audience, budget
- a day-of plan: when to staff up, what to stock, what to price up
- the single move with the highest projected revenue for Cambria Hotel Euless - DFW Airport South

Worth taking a look? I can send over a quick Cambria Hotel Euless - DFW Airport South snapshot today with the key numbers and the clearest opportunity we see.

If it's useful, 15 minutes on Zoom and I'll show you how to deploy it.

Cheers,
Jacob",
FALSE,FALSE,Sonesta Simply Suites Arlington Entertainment District,hotel,"2221 Brookhollow Plaza Dr, Arlington, TX 76006, USA",Dallas-Arlington,USA,+1 817-649-3336,https://www.sonesta.com/sonesta-simply-suites/tx/arlington/sonesta-simply-suites-arlington?utm_source=google&utm_medium=organic&utm_campaign=gmb,lellison@sonesta.com,accept_all,hunter_search,94,4.2,652,google_places_enriched,arlington_hotels_zone,1.8 miles,"Hi Sonesta Simply Suites Arlington Entertainment District team,

There's a World Cup game 1.8 miles from Sonesta Simply Suites Arlington Entertainment District, in less than 50 days, and 2× AT&T Stadium (160K) worth of fans coming to Dallas.

We're CrowdReady - a group of data scientists building actionable reports for Dallas businesses. We pulled the numbers for Sonesta Simply Suites Arlington Entertainment District specifically:

- who's coming (countries, ages, spending profile)
- when they'll be near you, hour by hour, on game day
- a Facebook/Instagram ad you can launch before kickoff— copy, audience, budget
- a day-of plan: when to staff up, what to stock, what to price up
- the single move with the highest projected revenue for Sonesta Simply Suites Arlington Entertainment District

Worth taking a look? I can send over a quick Sonesta Simply Suites Arlington Entertainment District snapshot today with the key numbers and the clearest opportunity we see.

If it's useful, 15 minutes on Zoom and I'll show you how to deploy it.

Cheers,
Lucas","Hi Sonesta Simply Suites Arlington Entertainment District team,

There's a World Cup game 1.8 miles from Sonesta Simply Suites Arlington Entertainment District, in less than 50 days, and 2× AT&T Stadium (160K) worth of fans coming to Dallas.

We're CrowdReady - a group of data scientists building actionable reports for Dallas businesses. We pulled the numbers for Sonesta Simply Suites Arlington Entertainment District specifically:

- who's coming (countries, ages, spending profile)
- when they'll be near you, hour by hour, on game day
- a Facebook/Instagram ad you can launch before kickoff— copy, audience, budget
- a day-of plan: when to staff up, what to stock, what to price up
- the single move with the highest projected revenue for Sonesta Simply Suites Arlington Entertainment District

Worth taking a look? I can send over a quick Sonesta Simply Suites Arlington Entertainment District snapshot today with the key numbers and the clearest opportunity we see.

If it's useful, 15 minutes on Zoom and I'll show you how to deploy it.

Cheers,
Anthony","Hi Sonesta Simply Suites Arlington Entertainment District team,

There's a World Cup game 1.8 miles from Sonesta Simply Suites Arlington Entertainment District, in less than 50 days, and 2× AT&T Stadium (160K) worth of fans coming to Dallas.

We're CrowdReady - a group of data scientists building actionable reports for Dallas businesses. We pulled the numbers for Sonesta Simply Suites Arlington Entertainment District specifically:

- who's coming (countries, ages, spending profile)
- when they'll be near you, hour by hour, on game day
- a Facebook/Instagram ad you can launch before kickoff— copy, audience, budget
- a day-of plan: when to staff up, what to stock, what to price up
- the single move with the highest projected revenue for Sonesta Simply Suites Arlington Entertainment District

Worth taking a look? I can send over a quick Sonesta Simply Suites Arlington Entertainment District snapshot today with the key numbers and the clearest opportunity we see.

If it's useful, 15 minutes on Zoom and I'll show you how to deploy it.

Cheers,
Jacob",
FALSE,FALSE,"Exclusivo Inn by OYO Grand Prairie, TX",hotel,"1802 W Main St, Grand Prairie, TX 75050, USA",Dallas-Arlington,USA,+1 347-752-4639,https://www.oyorooms.com/us/302603/?utm_source=GMB&utm_medium=Organic&utm_campaign=US_AAI001,suzanne.holmes@oyorooms.com,accept_all,hunter_search,94,3,32,google_places_enriched,arlington_hotels_zone,3.9 miles,"Hi Exclusivo Inn by OYO Grand Prairie, TX team,

There's a World Cup game 3.9 miles from Exclusivo Inn by OYO Grand Prairie, TX, in less than 50 days, and 2× AT&T Stadium (160K) worth of fans coming to Dallas.

We're CrowdReady - a group of data scientists building actionable reports for Dallas businesses. We pulled the numbers for Exclusivo Inn by OYO Grand Prairie, TX specifically:

- who's coming (countries, ages, spending profile)
- when they'll be near you, hour by hour, on game day
- a Facebook/Instagram ad you can launch before kickoff— copy, audience, budget
- a day-of plan: when to staff up, what to stock, what to price up
- the single move with the highest projected revenue for Exclusivo Inn by OYO Grand Prairie, TX

Worth taking a look? I can send over a quick Exclusivo Inn by OYO Grand Prairie, TX snapshot today with the key numbers and the clearest opportunity we see.

If it's useful, 15 minutes on Zoom and I'll show you how to deploy it.

Cheers,
Lucas","Hi Exclusivo Inn by OYO Grand Prairie, TX team,

There's a World Cup game 3.9 miles from Exclusivo Inn by OYO Grand Prairie, TX, in less than 50 days, and 2× AT&T Stadium (160K) worth of fans coming to Dallas.

We're CrowdReady - a group of data scientists building actionable reports for Dallas businesses. We pulled the numbers for Exclusivo Inn by OYO Grand Prairie, TX specifically:

- who's coming (countries, ages, spending profile)
- when they'll be near you, hour by hour, on game day
- a Facebook/Instagram ad you can launch before kickoff— copy, audience, budget
- a day-of plan: when to staff up, what to stock, what to price up
- the single move with the highest projected revenue for Exclusivo Inn by OYO Grand Prairie, TX

Worth taking a look? I can send over a quick Exclusivo Inn by OYO Grand Prairie, TX snapshot today with the key numbers and the clearest opportunity we see.

If it's useful, 15 minutes on Zoom and I'll show you how to deploy it.

Cheers,
Anthony","Hi Exclusivo Inn by OYO Grand Prairie, TX team,

There's a World Cup game 3.9 miles from Exclusivo Inn by OYO Grand Prairie, TX, in less than 50 days, and 2× AT&T Stadium (160K) worth of fans coming to Dallas.

We're CrowdReady - a group of data scientists building actionable reports for Dallas businesses. We pulled the numbers for Exclusivo Inn by OYO Grand Prairie, TX specifically:

- who's coming (countries, ages, spending profile)
- when they'll be near you, hour by hour, on game day
- a Facebook/Instagram ad you can launch before kickoff— copy, audience, budget
- a day-of plan: when to staff up, what to stock, what to price up
- the single move with the highest projected revenue for Exclusivo Inn by OYO Grand Prairie, TX

Worth taking a look? I can send over a quick Exclusivo Inn by OYO Grand Prairie, TX snapshot today with the key numbers and the clearest opportunity we see.

If it's useful, 15 minutes on Zoom and I'll show you how to deploy it.

Cheers,
Jacob",
FALSE,FALSE,Budget Host Inn,hotel,"1000 E Division St, Arlington, TX 76011, USA",Dallas-Arlington,USA,+1 817-459-2171,http://budgethost.com/hotels/Budget_Host_Inn_2_Arlington_TX.aspx,info@budgethost.com,valid,hunter_search,96,2.9,184,google_places_enriched,arlington_hotels_zone,0.6 miles,"Hi Budget Host Inn team,

There's a World Cup game 0.6 miles from Budget Host Inn, in less than 50 days, and 2× AT&T Stadium (160K) worth of fans coming to Dallas.

We're CrowdReady - a group of data scientists building actionable reports for Dallas businesses. We pulled the numbers for Budget Host Inn specifically:

- who's coming (countries, ages, spending profile)
- when they'll be near you, hour by hour, on game day
- a Facebook/Instagram ad you can launch before kickoff— copy, audience, budget
- a day-of plan: when to staff up, what to stock, what to price up
- the single move with the highest projected revenue for Budget Host Inn

Worth taking a look? I can send over a quick Budget Host Inn snapshot today with the key numbers and the clearest opportunity we see.

If it's useful, 15 minutes on Zoom and I'll show you how to deploy it.

Cheers,
Lucas","Hi Budget Host Inn team,

There's a World Cup game 0.6 miles from Budget Host Inn, in less than 50 days, and 2× AT&T Stadium (160K) worth of fans coming to Dallas.

We're CrowdReady - a group of data scientists building actionable reports for Dallas businesses. We pulled the numbers for Budget Host Inn specifically:

- who's coming (countries, ages, spending profile)
- when they'll be near you, hour by hour, on game day
- a Facebook/Instagram ad you can launch before kickoff— copy, audience, budget
- a day-of plan: when to staff up, what to stock, what to price up
- the single move with the highest projected revenue for Budget Host Inn

Worth taking a look? I can send over a quick Budget Host Inn snapshot today with the key numbers and the clearest opportunity we see.

If it's useful, 15 minutes on Zoom and I'll show you how to deploy it.

Cheers,
Anthony","Hi Budget Host Inn team,

There's a World Cup game 0.6 miles from Budget Host Inn, in less than 50 days, and 2× AT&T Stadium (160K) worth of fans coming to Dallas.

We're CrowdReady - a group of data scientists building actionable reports for Dallas businesses. We pulled the numbers for Budget Host Inn specifically:

- who's coming (countries, ages, spending profile)
- when they'll be near you, hour by hour, on game day
- a Facebook/Instagram ad you can launch before kickoff— copy, audience, budget
- a day-of plan: when to staff up, what to stock, what to price up
- the single move with the highest projected revenue for Budget Host Inn

Worth taking a look? I can send over a quick Budget Host Inn snapshot today with the key numbers and the clearest opportunity we see.

If it's useful, 15 minutes on Zoom and I'll show you how to deploy it.

Cheers,
Jacob",
FALSE,FALSE,Three Danes Inn,hotel,"712 May St, Fort Worth, TX 76104, USA",Dallas-Arlington,USA,+1 817-720-6365,http://www.threedanesinn.com/,stay@threedanesinn.com,valid,scraped_website,100,4.9,206,google_places_enriched,arlington_hotels_zone,14 miles,"Hi Three Danes Inn team,

There's a World Cup game 14 miles from Three Danes Inn, in less than 50 days, and 2× AT&T Stadium (160K) worth of fans coming to Dallas.

We're CrowdReady - a group of data scientists building actionable reports for Dallas businesses. We pulled the numbers for Three Danes Inn specifically:

- who's coming (countries, ages, spending profile)
- when they'll be near you, hour by hour, on game day
- a Facebook/Instagram ad you can launch before kickoff— copy, audience, budget
- a day-of plan: when to staff up, what to stock, what to price up
- the single move with the highest projected revenue for Three Danes Inn

Worth taking a look? I can send over a quick Three Danes Inn snapshot today with the key numbers and the clearest opportunity we see.

If it's useful, 15 minutes on Zoom and I'll show you how to deploy it.

Cheers,
Lucas","Hi Three Danes Inn team,

There's a World Cup game 14 miles from Three Danes Inn, in less than 50 days, and 2× AT&T Stadium (160K) worth of fans coming to Dallas.

We're CrowdReady - a group of data scientists building actionable reports for Dallas businesses. We pulled the numbers for Three Danes Inn specifically:

- who's coming (countries, ages, spending profile)
- when they'll be near you, hour by hour, on game day
- a Facebook/Instagram ad you can launch before kickoff— copy, audience, budget
- a day-of plan: when to staff up, what to stock, what to price up
- the single move with the highest projected revenue for Three Danes Inn

Worth taking a look? I can send over a quick Three Danes Inn snapshot today with the key numbers and the clearest opportunity we see.

If it's useful, 15 minutes on Zoom and I'll show you how to deploy it.

Cheers,
Anthony","Hi Three Danes Inn team,

There's a World Cup game 14 miles from Three Danes Inn, in less than 50 days, and 2× AT&T Stadium (160K) worth of fans coming to Dallas.

We're CrowdReady - a group of data scientists building actionable reports for Dallas businesses. We pulled the numbers for Three Danes Inn specifically:

- who's coming (countries, ages, spending profile)
- when they'll be near you, hour by hour, on game day
- a Facebook/Instagram ad you can launch before kickoff— copy, audience, budget
- a day-of plan: when to staff up, what to stock, what to price up
- the single move with the highest projected revenue for Three Danes Inn

Worth taking a look? I can send over a quick Three Danes Inn snapshot today with the key numbers and the clearest opportunity we see.

If it's useful, 15 minutes on Zoom and I'll show you how to deploy it.

Cheers,
Jacob",
FALSE,FALSE,Sandman Signature Dallas-Las Colinas Hotel & Suites,hotel,"1311 Meridian Dr, Irving, TX 75038, USA",Dallas-Arlington,USA,+1 945-523-7263,https://www.sandmanhotels.com/signature-las-colinas?utm_source=google&utm_medium=maps&utm_campaign=signature_las_colinas,salesco_signaturefw@sandmanhotels.com,valid,hunter_search,98,4.9,203,google_places_enriched,las_colinas_zone,12 miles,"Hi Sandman Signature Dallas-Las Colinas Hotel & Suites team,

There's a World Cup game 12 miles from Sandman Signature Dallas-Las Colinas Hotel & Suites, in less than 50 days, and 2× AT&T Stadium (160K) worth of fans coming to Dallas.

We're CrowdReady - a group of data scientists building actionable reports for Dallas businesses. We pulled the numbers for Sandman Signature Dallas-Las Colinas Hotel & Suites specifically:

- who's coming (countries, ages, spending profile)
- when they'll be near you, hour by hour, on game day
- a Facebook/Instagram ad you can launch before kickoff— copy, audience, budget
- a day-of plan: when to staff up, what to stock, what to price up
- the single move with the highest projected revenue for Sandman Signature Dallas-Las Colinas Hotel & Suites

Worth taking a look? I can send over a quick Sandman Signature Dallas-Las Colinas Hotel & Suites snapshot today with the key numbers and the clearest opportunity we see.

If it's useful, 15 minutes on Zoom and I'll show you how to deploy it.

Cheers,
Lucas","Hi Sandman Signature Dallas-Las Colinas Hotel & Suites team,

There's a World Cup game 12 miles from Sandman Signature Dallas-Las Colinas Hotel & Suites, in less than 50 days, and 2× AT&T Stadium (160K) worth of fans coming to Dallas.

We're CrowdReady - a group of data scientists building actionable reports for Dallas businesses. We pulled the numbers for Sandman Signature Dallas-Las Colinas Hotel & Suites specifically:

- who's coming (countries, ages, spending profile)
- when they'll be near you, hour by hour, on game day
- a Facebook/Instagram ad you can launch before kickoff— copy, audience, budget
- a day-of plan: when to staff up, what to stock, what to price up
- the single move with the highest projected revenue for Sandman Signature Dallas-Las Colinas Hotel & Suites

Worth taking a look? I can send over a quick Sandman Signature Dallas-Las Colinas Hotel & Suites snapshot today with the key numbers and the clearest opportunity we see.

If it's useful, 15 minutes on Zoom and I'll show you how to deploy it.

Cheers,
Anthony","Hi Sandman Signature Dallas-Las Colinas Hotel & Suites team,

There's a World Cup game 12 miles from Sandman Signature Dallas-Las Colinas Hotel & Suites, in less than 50 days, and 2× AT&T Stadium (160K) worth of fans coming to Dallas.

We're CrowdReady - a group of data scientists building actionable reports for Dallas businesses. We pulled the numbers for Sandman Signature Dallas-Las Colinas Hotel & Suites specifically:

- who's coming (countries, ages, spending profile)
- when they'll be near you, hour by hour, on game day
- a Facebook/Instagram ad you can launch before kickoff— copy, audience, budget
- a day-of plan: when to staff up, what to stock, what to price up
- the single move with the highest projected revenue for Sandman Signature Dallas-Las Colinas Hotel & Suites

Worth taking a look? I can send over a quick Sandman Signature Dallas-Las Colinas Hotel & Suites snapshot today with the key numbers and the clearest opportunity we see.

If it's useful, 15 minutes on Zoom and I'll show you how to deploy it.

Cheers,
Jacob",
FALSE,FALSE,Sonesta Simply Suites Dallas Las Colinas,hotel,"5300 Green Park Dr, Irving, TX 75038, USA",Dallas-Arlington,USA,+1 972-714-9990,https://www.sonesta.com/sonesta-simply-suites/tx/irving/sonesta-simply-suites-dallas-las-colinas?utm_source=google&utm_medium=organic&utm_campaign=gmb,lellison@sonesta.com,accept_all,hunter_search,94,3.8,508,google_places_enriched,las_colinas_zone,12 miles,"Hi Sonesta Simply Suites Dallas Las Colinas team,

There's a World Cup game 12 miles from Sonesta Simply Suites Dallas Las Colinas, in less than 50 days, and 2× AT&T Stadium (160K) worth of fans coming to Dallas.

We're CrowdReady - a group of data scientists building actionable reports for Dallas businesses. We pulled the numbers for Sonesta Simply Suites Dallas Las Colinas specifically:

- who's coming (countries, ages, spending profile)
- when they'll be near you, hour by hour, on game day
- a Facebook/Instagram ad you can launch before kickoff— copy, audience, budget
- a day-of plan: when to staff up, what to stock, what to price up
- the single move with the highest projected revenue for Sonesta Simply Suites Dallas Las Colinas

Worth taking a look? I can send over a quick Sonesta Simply Suites Dallas Las Colinas snapshot today with the key numbers and the clearest opportunity we see.

If it's useful, 15 minutes on Zoom and I'll show you how to deploy it.

Cheers,
Lucas","Hi Sonesta Simply Suites Dallas Las Colinas team,

There's a World Cup game 12 miles from Sonesta Simply Suites Dallas Las Colinas, in less than 50 days, and 2× AT&T Stadium (160K) worth of fans coming to Dallas.

We're CrowdReady - a group of data scientists building actionable reports for Dallas businesses. We pulled the numbers for Sonesta Simply Suites Dallas Las Colinas specifically:

- who's coming (countries, ages, spending profile)
- when they'll be near you, hour by hour, on game day
- a Facebook/Instagram ad you can launch before kickoff— copy, audience, budget
- a day-of plan: when to staff up, what to stock, what to price up
- the single move with the highest projected revenue for Sonesta Simply Suites Dallas Las Colinas

Worth taking a look? I can send over a quick Sonesta Simply Suites Dallas Las Colinas snapshot today with the key numbers and the clearest opportunity we see.

If it's useful, 15 minutes on Zoom and I'll show you how to deploy it.

Cheers,
Anthony","Hi Sonesta Simply Suites Dallas Las Colinas team,

There's a World Cup game 12 miles from Sonesta Simply Suites Dallas Las Colinas, in less than 50 days, and 2× AT&T Stadium (160K) worth of fans coming to Dallas.

We're CrowdReady - a group of data scientists building actionable reports for Dallas businesses. We pulled the numbers for Sonesta Simply Suites Dallas Las Colinas specifically:

- who's coming (countries, ages, spending profile)
- when they'll be near you, hour by hour, on game day
- a Facebook/Instagram ad you can launch before kickoff— copy, audience, budget
- a day-of plan: when to staff up, what to stock, what to price up
- the single move with the highest projected revenue for Sonesta Simply Suites Dallas Las Colinas

Worth taking a look? I can send over a quick Sonesta Simply Suites Dallas Las Colinas snapshot today with the key numbers and the clearest opportunity we see.

If it's useful, 15 minutes on Zoom and I'll show you how to deploy it.

Cheers,
Jacob",
FALSE,FALSE,Quality Suites Irving-Las Colinas,hotel,"1223 Greenway Cir, Irving, TX 75038, USA",Dallas-Arlington,USA,+1 214-519-8617,https://www.choicehotels.com/texas/irving/comfort-suites-hotels/tx615?mc=llgoxxpx,tom.duffe@choicehotels.com,valid,hunter_search,99,3.5,596,google_places_enriched,las_colinas_zone,12 miles,"Hi Quality Suites Irving-Las Colinas team,

There's a World Cup game 12 miles from Quality Suites Irving-Las Colinas, in less than 50 days, and 2× AT&T Stadium (160K) worth of fans coming to Dallas.

We're CrowdReady - a group of data scientists building actionable reports for Dallas businesses. We pulled the numbers for Quality Suites Irving-Las Colinas specifically:

- who's coming (countries, ages, spending profile)
- when they'll be near you, hour by hour, on game day
- a Facebook/Instagram ad you can launch before kickoff— copy, audience, budget
- a day-of plan: when to staff up, what to stock, what to price up
- the single move with the highest projected revenue for Quality Suites Irving-Las Colinas

Worth taking a look? I can send over a quick Quality Suites Irving-Las Colinas snapshot today with the key numbers and the clearest opportunity we see.

If it's useful, 15 minutes on Zoom and I'll show you how to deploy it.

Cheers,
Lucas","Hi Quality Suites Irving-Las Colinas team,

There's a World Cup game 12 miles from Quality Suites Irving-Las Colinas, in less than 50 days, and 2× AT&T Stadium (160K) worth of fans coming to Dallas.

We're CrowdReady - a group of data scientists building actionable reports for Dallas businesses. We pulled the numbers for Quality Suites Irving-Las Colinas specifically:

- who's coming (countries, ages, spending profile)
- when they'll be near you, hour by hour, on game day
- a Facebook/Instagram ad you can launch before kickoff— copy, audience, budget
- a day-of plan: when to staff up, what to stock, what to price up
- the single move with the highest projected revenue for Quality Suites Irving-Las Colinas

Worth taking a look? I can send over a quick Quality Suites Irving-Las Colinas snapshot today with the key numbers and the clearest opportunity we see.

If it's useful, 15 minutes on Zoom and I'll show you how to deploy it.

Cheers,
Anthony","Hi Quality Suites Irving-Las Colinas team,

There's a World Cup game 12 miles from Quality Suites Irving-Las Colinas, in less than 50 days, and 2× AT&T Stadium (160K) worth of fans coming to Dallas.

We're CrowdReady - a group of data scientists building actionable reports for Dallas businesses. We pulled the numbers for Quality Suites Irving-Las Colinas specifically:

- who's coming (countries, ages, spending profile)
- when they'll be near you, hour by hour, on game day
- a Facebook/Instagram ad you can launch before kickoff— copy, audience, budget
- a day-of plan: when to staff up, what to stock, what to price up
- the single move with the highest projected revenue for Quality Suites Irving-Las Colinas

Worth taking a look? I can send over a quick Quality Suites Irving-Las Colinas snapshot today with the key numbers and the clearest opportunity we see.

If it's useful, 15 minutes on Zoom and I'll show you how to deploy it.

Cheers,
Jacob",
FALSE,FALSE,The Lakehouse Waterfront Lounge,hotel,"221 E Las Colinas Blvd, Irving, TX 75039, USA",Dallas-Arlington,USA,+1 972-556-0800,https://www.omnihotels.com/hotels/dallas-las-colinas/dining/lakehouse-waterfront-lounge?utm_source=gmblisting&utm_medium=organic,sonya.cook@omnihotels.com,accept_all,hunter_search,94,4.7,20,google_places_enriched,las_colinas_zone,12 miles,"Hi The Lakehouse Waterfront Lounge team,

There's a World Cup game 12 miles from The Lakehouse Waterfront Lounge, in less than 50 days, and 2× AT&T Stadium (160K) worth of fans coming to Dallas.

We're CrowdReady - a group of data scientists building actionable reports for Dallas businesses. We pulled the numbers for The Lakehouse Waterfront Lounge specifically:

- who's coming (countries, ages, spending profile)
- when they'll be near you, hour by hour, on game day
- a Facebook/Instagram ad you can launch before kickoff— copy, audience, budget
- a day-of plan: when to staff up, what to stock, what to price up
- the single move with the highest projected revenue for The Lakehouse Waterfront Lounge

Worth taking a look? I can send over a quick The Lakehouse Waterfront Lounge snapshot today with the key numbers and the clearest opportunity we see.

If it's useful, 15 minutes on Zoom and I'll show you how to deploy it.

Cheers,
Lucas","Hi The Lakehouse Waterfront Lounge team,

There's a World Cup game 12 miles from The Lakehouse Waterfront Lounge, in less than 50 days, and 2× AT&T Stadium (160K) worth of fans coming to Dallas.

We're CrowdReady - a group of data scientists building actionable reports for Dallas businesses. We pulled the numbers for The Lakehouse Waterfront Lounge specifically:

- who's coming (countries, ages, spending profile)
- when they'll be near you, hour by hour, on game day
- a Facebook/Instagram ad you can launch before kickoff— copy, audience, budget
- a day-of plan: when to staff up, what to stock, what to price up
- the single move with the highest projected revenue for The Lakehouse Waterfront Lounge

Worth taking a look? I can send over a quick The Lakehouse Waterfront Lounge snapshot today with the key numbers and the clearest opportunity we see.

If it's useful, 15 minutes on Zoom and I'll show you how to deploy it.

Cheers,
Anthony","Hi The Lakehouse Waterfront Lounge team,

There's a World Cup game 12 miles from The Lakehouse Waterfront Lounge, in less than 50 days, and 2× AT&T Stadium (160K) worth of fans coming to Dallas.

We're CrowdReady - a group of data scientists building actionable reports for Dallas businesses. We pulled the numbers for The Lakehouse Waterfront Lounge specifically:

- who's coming (countries, ages, spending profile)
- when they'll be near you, hour by hour, on game day
- a Facebook/Instagram ad you can launch before kickoff— copy, audience, budget
- a day-of plan: when to staff up, what to stock, what to price up
- the single move with the highest projected revenue for The Lakehouse Waterfront Lounge

Worth taking a look? I can send over a quick The Lakehouse Waterfront Lounge snapshot today with the key numbers and the clearest opportunity we see.

If it's useful, 15 minutes on Zoom and I'll show you how to deploy it.

Cheers,
Jacob",
FALSE,FALSE,The Ranch at Las Colinas,sports_bar,"857 W John Carpenter Fwy, Irving, TX 75039, USA",Dallas-Arlington,USA,+1 972-506-7262,http://theranchlc.com/,info@theranchlc.com,valid,scraped_website,100,4.6,7278,google_places_enriched,las_colinas_zone,13 miles,"Hi The Ranch at Las Colinas team,

There's a World Cup game 13 miles from The Ranch at Las Colinas, in less than 50 days, and 2× AT&T Stadium (160K) worth of fans coming to Dallas.

We're CrowdReady - a group of data scientists building actionable reports for Dallas businesses. We pulled the numbers for The Ranch at Las Colinas specifically:

- who's coming (countries, ages, spending profile)
- when they'll be near you, hour by hour, on game day
- a Facebook/Instagram ad you can launch before kickoff— copy, audience, budget
- a day-of plan: when to staff up, what to stock, what to price up
- the single move with the highest projected revenue for The Ranch at Las Colinas

Worth taking a look? I can send over a quick The Ranch at Las Colinas snapshot today with the key numbers and the clearest opportunity we see.

If it's useful, 15 minutes on Zoom and I'll show you how to deploy it.

Cheers,
Lucas","Hi The Ranch at Las Colinas team,

There's a World Cup game 13 miles from The Ranch at Las Colinas, in less than 50 days, and 2× AT&T Stadium (160K) worth of fans coming to Dallas.

We're CrowdReady - a group of data scientists building actionable reports for Dallas businesses. We pulled the numbers for The Ranch at Las Colinas specifically:

- who's coming (countries, ages, spending profile)
- when they'll be near you, hour by hour, on game day
- a Facebook/Instagram ad you can launch before kickoff— copy, audience, budget
- a day-of plan: when to staff up, what to stock, what to price up
- the single move with the highest projected revenue for The Ranch at Las Colinas

Worth taking a look? I can send over a quick The Ranch at Las Colinas snapshot today with the key numbers and the clearest opportunity we see.

If it's useful, 15 minutes on Zoom and I'll show you how to deploy it.

Cheers,
Anthony","Hi The Ranch at Las Colinas team,

There's a World Cup game 13 miles from The Ranch at Las Colinas, in less than 50 days, and 2× AT&T Stadium (160K) worth of fans coming to Dallas.

We're CrowdReady - a group of data scientists building actionable reports for Dallas businesses. We pulled the numbers for The Ranch at Las Colinas specifically:

- who's coming (countries, ages, spending profile)
- when they'll be near you, hour by hour, on game day
- a Facebook/Instagram ad you can launch before kickoff— copy, audience, budget
- a day-of plan: when to staff up, what to stock, what to price up
- the single move with the highest projected revenue for The Ranch at Las Colinas

Worth taking a look? I can send over a quick The Ranch at Las Colinas snapshot today with the key numbers and the clearest opportunity we see.

If it's useful, 15 minutes on Zoom and I'll show you how to deploy it.

Cheers,
Jacob",
FALSE,FALSE,Monaco,sports_bar,"Building 3, 5238 N O'Connor Blvd #134, Irving, TX 75039, USA",Dallas-Arlington,USA,+1 972-798-4800,http://themonacorestaurant.com/,ciao@themonacorestaurant.com,valid,scraped_website,100,4.7,432,google_places_enriched,las_colinas_zone,12 miles,"Hi Monaco team,

There's a World Cup game 12 miles from Monaco, in less than 50 days, and 2× AT&T Stadium (160K) worth of fans coming to Dallas.

We're CrowdReady - a group of data scientists building actionable reports for Dallas businesses. We pulled the numbers for Monaco specifically:

- who's coming (countries, ages, spending profile)
- when they'll be near you, hour by hour, on game day
- a Facebook/Instagram ad you can launch before kickoff— copy, audience, budget
- a day-of plan: when to staff up, what to stock, what to price up
- the single move with the highest projected revenue for Monaco

Worth taking a look? I can send over a quick Monaco snapshot today with the key numbers and the clearest opportunity we see.

If it's useful, 15 minutes on Zoom and I'll show you how to deploy it.

Cheers,
Lucas","Hi Monaco team,

There's a World Cup game 12 miles from Monaco, in less than 50 days, and 2× AT&T Stadium (160K) worth of fans coming to Dallas.

We're CrowdReady - a group of data scientists building actionable reports for Dallas businesses. We pulled the numbers for Monaco specifically:

- who's coming (countries, ages, spending profile)
- when they'll be near you, hour by hour, on game day
- a Facebook/Instagram ad you can launch before kickoff— copy, audience, budget
- a day-of plan: when to staff up, what to stock, what to price up
- the single move with the highest projected revenue for Monaco

Worth taking a look? I can send over a quick Monaco snapshot today with the key numbers and the clearest opportunity we see.

If it's useful, 15 minutes on Zoom and I'll show you how to deploy it.

Cheers,
Anthony","Hi Monaco team,

There's a World Cup game 12 miles from Monaco, in less than 50 days, and 2× AT&T Stadium (160K) worth of fans coming to Dallas.

We're CrowdReady - a group of data scientists building actionable reports for Dallas businesses. We pulled the numbers for Monaco specifically:

- who's coming (countries, ages, spending profile)
- when they'll be near you, hour by hour, on game day
- a Facebook/Instagram ad you can launch before kickoff— copy, audience, budget
- a day-of plan: when to staff up, what to stock, what to price up
- the single move with the highest projected revenue for Monaco

Worth taking a look? I can send over a quick Monaco snapshot today with the key numbers and the clearest opportunity we see.

If it's useful, 15 minutes on Zoom and I'll show you how to deploy it.

Cheers,
Jacob",
FALSE,FALSE,The Spirit Grille,sports_bar,"4030 N MacArthur Blvd #112, Irving, TX 75038, USA",Dallas-Arlington,USA,+1 972-717-7575,http://www.spiritgrille.com/,mnevares@spiritgrille.com,accept_all,scraped_website,81,4.4,849,google_places_enriched,las_colinas_zone,11 miles,"Hi The Spirit Grille team,

There's a World Cup game 11 miles from The Spirit Grille, in less than 50 days, and 2× AT&T Stadium (160K) worth of fans coming to Dallas.

We're CrowdReady - a group of data scientists building actionable reports for Dallas businesses. We pulled the numbers for The Spirit Grille specifically:

- who's coming (countries, ages, spending profile)
- when they'll be near you, hour by hour, on game day
- a Facebook/Instagram ad you can launch before kickoff— copy, audience, budget
- a day-of plan: when to staff up, what to stock, what to price up
- the single move with the highest projected revenue for The Spirit Grille

Worth taking a look? I can send over a quick The Spirit Grille snapshot today with the key numbers and the clearest opportunity we see.

If it's useful, 15 minutes on Zoom and I'll show you how to deploy it.

Cheers,
Lucas","Hi The Spirit Grille team,

There's a World Cup game 11 miles from The Spirit Grille, in less than 50 days, and 2× AT&T Stadium (160K) worth of fans coming to Dallas.

We're CrowdReady - a group of data scientists building actionable reports for Dallas businesses. We pulled the numbers for The Spirit Grille specifically:

- who's coming (countries, ages, spending profile)
- when they'll be near you, hour by hour, on game day
- a Facebook/Instagram ad you can launch before kickoff— copy, audience, budget
- a day-of plan: when to staff up, what to stock, what to price up
- the single move with the highest projected revenue for The Spirit Grille

Worth taking a look? I can send over a quick The Spirit Grille snapshot today with the key numbers and the clearest opportunity we see.

If it's useful, 15 minutes on Zoom and I'll show you how to deploy it.

Cheers,
Anthony","Hi The Spirit Grille team,

There's a World Cup game 11 miles from The Spirit Grille, in less than 50 days, and 2× AT&T Stadium (160K) worth of fans coming to Dallas.

We're CrowdReady - a group of data scientists building actionable reports for Dallas businesses. We pulled the numbers for The Spirit Grille specifically:

- who's coming (countries, ages, spending profile)
- when they'll be near you, hour by hour, on game day
- a Facebook/Instagram ad you can launch before kickoff— copy, audience, budget
- a day-of plan: when to staff up, what to stock, what to price up
- the single move with the highest projected revenue for The Spirit Grille

Worth taking a look? I can send over a quick The Spirit Grille snapshot today with the key numbers and the clearest opportunity we see.

If it's useful, 15 minutes on Zoom and I'll show you how to deploy it.

Cheers,
Jacob",
FALSE,FALSE,Houston Tap Hall,sports_bar,"210 Glen Park St, Houston, TX 77009, USA",Houston,USA,+1 713-497-5608,https://htownbrewing.com/,info@htownbrewing.com,valid,hunter_search,77,4.5,108,seeded_real,texas_live_zone,0.7 miles,"Hi Houston Tap Hall team,

There's a World Cup game 0.7 miles from Houston Tap Hall, in less than 50 days, and 2× NRG Stadium (145K) worth of fans coming to Houston.

We're CrowdReady - a group of data scientists building actionable reports for Houston businesses. We pulled the numbers for Houston Tap Hall specifically:

- who's coming (countries, ages, spending profile)
- when they'll be near you, hour by hour, on game day
- a Facebook/Instagram ad you can launch before kickoff— copy, audience, budget
- a day-of plan: when to staff up, what to stock, what to price up
- the single move with the highest projected revenue for Houston Tap Hall

Worth taking a look? I can send over a quick Houston Tap Hall snapshot today with the key numbers and the clearest opportunity we see.

If it's useful, 15 minutes on Zoom and I'll show you how to deploy it.

Cheers,
Lucas","Hi Houston Tap Hall team,

There's a World Cup game 0.7 miles from Houston Tap Hall, in less than 50 days, and 2× NRG Stadium (145K) worth of fans coming to Houston.

We're CrowdReady - a group of data scientists building actionable reports for Houston businesses. We pulled the numbers for Houston Tap Hall specifically:

- who's coming (countries, ages, spending profile)
- when they'll be near you, hour by hour, on game day
- a Facebook/Instagram ad you can launch before kickoff— copy, audience, budget
- a day-of plan: when to staff up, what to stock, what to price up
- the single move with the highest projected revenue for Houston Tap Hall

Worth taking a look? I can send over a quick Houston Tap Hall snapshot today with the key numbers and the clearest opportunity we see.

If it's useful, 15 minutes on Zoom and I'll show you how to deploy it.

Cheers,
Anthony","Hi Houston Tap Hall team,

There's a World Cup game 0.7 miles from Houston Tap Hall, in less than 50 days, and 2× NRG Stadium (145K) worth of fans coming to Houston.

We're CrowdReady - a group of data scientists building actionable reports for Houston businesses. We pulled the numbers for Houston Tap Hall specifically:

- who's coming (countries, ages, spending profile)
- when they'll be near you, hour by hour, on game day
- a Facebook/Instagram ad you can launch before kickoff— copy, audience, budget
- a day-of plan: when to staff up, what to stock, what to price up
- the single move with the highest projected revenue for Houston Tap Hall

Worth taking a look? I can send over a quick Houston Tap Hall snapshot today with the key numbers and the clearest opportunity we see.

If it's useful, 15 minutes on Zoom and I'll show you how to deploy it.

Cheers,
Jacob",
FALSE,FALSE,Kirby Ice House NRG,sports_bar,"3333 Eastside St, Houston, TX 77098, USA",Houston,USA,+1 713-524-2752,https://www.kirbyicehouse.com/,russ@kirbyicehouse.com,valid,hunter_search,94,4.5,2767,seeded_real,texas_live_zone,0.8 miles,"Hi Kirby Ice House NRG team,

There's a World Cup game 0.8 miles from Kirby Ice House NRG, in less than 50 days, and 2× NRG Stadium (145K) worth of fans coming to Houston.

We're CrowdReady - a group of data scientists building actionable reports for Houston businesses. We pulled the numbers for Kirby Ice House NRG specifically:

- who's coming (countries, ages, spending profile)
- when they'll be near you, hour by hour, on game day
- a Facebook/Instagram ad you can launch before kickoff— copy, audience, budget
- a day-of plan: when to staff up, what to stock, what to price up
- the single move with the highest projected revenue for Kirby Ice House NRG

Worth taking a look? I can send over a quick Kirby Ice House NRG snapshot today with the key numbers and the clearest opportunity we see.

If it's useful, 15 minutes on Zoom and I'll show you how to deploy it.

Cheers,
Lucas","Hi Kirby Ice House NRG team,

There's a World Cup game 0.8 miles from Kirby Ice House NRG, in less than 50 days, and 2× NRG Stadium (145K) worth of fans coming to Houston.

We're CrowdReady - a group of data scientists building actionable reports for Houston businesses. We pulled the numbers for Kirby Ice House NRG specifically:

- who's coming (countries, ages, spending profile)
- when they'll be near you, hour by hour, on game day
- a Facebook/Instagram ad you can launch before kickoff— copy, audience, budget
- a day-of plan: when to staff up, what to stock, what to price up
- the single move with the highest projected revenue for Kirby Ice House NRG

Worth taking a look? I can send over a quick Kirby Ice House NRG snapshot today with the key numbers and the clearest opportunity we see.

If it's useful, 15 minutes on Zoom and I'll show you how to deploy it.

Cheers,
Anthony","Hi Kirby Ice House NRG team,

There's a World Cup game 0.8 miles from Kirby Ice House NRG, in less than 50 days, and 2× NRG Stadium (145K) worth of fans coming to Houston.

We're CrowdReady - a group of data scientists building actionable reports for Houston businesses. We pulled the numbers for Kirby Ice House NRG specifically:

- who's coming (countries, ages, spending profile)
- when they'll be near you, hour by hour, on game day
- a Facebook/Instagram ad you can launch before kickoff— copy, audience, budget
- a day-of plan: when to staff up, what to stock, what to price up
- the single move with the highest projected revenue for Kirby Ice House NRG

Worth taking a look? I can send over a quick Kirby Ice House NRG snapshot today with the key numbers and the clearest opportunity we see.

If it's useful, 15 minutes on Zoom and I'll show you how to deploy it.

Cheers,
Jacob",
FALSE,FALSE,POST Market Houston,sports_bar,"401 Franklin St Suite 1200, Houston, TX 77201, USA",Houston,USA,+1 713-999-2550,https://posthtx.com/eat,hello@posthtx.com,valid,hunter_search,99,4.5,2016,seeded_real,downtown_zone,5.8 miles,"Hi POST Market Houston team,

There's a World Cup game 5.8 miles from POST Market Houston, in less than 50 days, and 2× NRG Stadium (145K) worth of fans coming to Houston.

We're CrowdReady - a group of data scientists building actionable reports for Houston businesses. We pulled the numbers for POST Market Houston specifically:

- who's coming (countries, ages, spending profile)
- when they'll be near you, hour by hour, on game day
- a Facebook/Instagram ad you can launch before kickoff— copy, audience, budget
- a day-of plan: when to staff up, what to stock, what to price up
- the single move with the highest projected revenue for POST Market Houston

Worth taking a look? I can send over a quick POST Market Houston snapshot today with the key numbers and the clearest opportunity we see.

If it's useful, 15 minutes on Zoom and I'll show you how to deploy it.

Cheers,
Lucas","Hi POST Market Houston team,

There's a World Cup game 5.8 miles from POST Market Houston, in less than 50 days, and 2× NRG Stadium (145K) worth of fans coming to Houston.

We're CrowdReady - a group of data scientists building actionable reports for Houston businesses. We pulled the numbers for POST Market Houston specifically:

- who's coming (countries, ages, spending profile)
- when they'll be near you, hour by hour, on game day
- a Facebook/Instagram ad you can launch before kickoff— copy, audience, budget
- a day-of plan: when to staff up, what to stock, what to price up
- the single move with the highest projected revenue for POST Market Houston

Worth taking a look? I can send over a quick POST Market Houston snapshot today with the key numbers and the clearest opportunity we see.

If it's useful, 15 minutes on Zoom and I'll show you how to deploy it.

Cheers,
Anthony","Hi POST Market Houston team,

There's a World Cup game 5.8 miles from POST Market Houston, in less than 50 days, and 2× NRG Stadium (145K) worth of fans coming to Houston.

We're CrowdReady - a group of data scientists building actionable reports for Houston businesses. We pulled the numbers for POST Market Houston specifically:

- who's coming (countries, ages, spending profile)
- when they'll be near you, hour by hour, on game day
- a Facebook/Instagram ad you can launch before kickoff— copy, audience, budget
- a day-of plan: when to staff up, what to stock, what to price up
- the single move with the highest projected revenue for POST Market Houston

Worth taking a look? I can send over a quick POST Market Houston snapshot today with the key numbers and the clearest opportunity we see.

If it's useful, 15 minutes on Zoom and I'll show you how to deploy it.

Cheers,
Jacob",
FALSE,FALSE,Hotel ICON,hotel_bar,"220 Main St, Houston, TX 77002, USA",Houston,USA,+1 713-224-4266,https://www.marriott.com/en-us/hotels/houak-hotel-icon-autograph-collection/overview/?cid=NAT_google_hotel_url,rosa.azuara@marriott.com,accept_all,hunter_search,94,4.6,1528,seeded_real,downtown_zone,5.7 miles,"Hi Hotel ICON team,

There's a World Cup game 5.7 miles from Hotel ICON, in less than 50 days, and 2× NRG Stadium (145K) worth of fans coming to Houston.

We're CrowdReady - a group of data scientists building actionable reports for Houston businesses. We pulled the numbers for Hotel ICON specifically:

- who's coming (countries, ages, spending profile)
- when they'll be near you, hour by hour, on game day
- a Facebook/Instagram ad you can launch before kickoff— copy, audience, budget
- a day-of plan: when to staff up, what to stock, what to price up
- the single move with the highest projected revenue for Hotel ICON

Worth taking a look? I can send over a quick Hotel ICON snapshot today with the key numbers and the clearest opportunity we see.

If it's useful, 15 minutes on Zoom and I'll show you how to deploy it.

Cheers,
Lucas","Hi Hotel ICON team,

There's a World Cup game 5.7 miles from Hotel ICON, in less than 50 days, and 2× NRG Stadium (145K) worth of fans coming to Houston.

We're CrowdReady - a group of data scientists building actionable reports for Houston businesses. We pulled the numbers for Hotel ICON specifically:

- who's coming (countries, ages, spending profile)
- when they'll be near you, hour by hour, on game day
- a Facebook/Instagram ad you can launch before kickoff— copy, audience, budget
- a day-of plan: when to staff up, what to stock, what to price up
- the single move with the highest projected revenue for Hotel ICON

Worth taking a look? I can send over a quick Hotel ICON snapshot today with the key numbers and the clearest opportunity we see.

If it's useful, 15 minutes on Zoom and I'll show you how to deploy it.

Cheers,
Anthony","Hi Hotel ICON team,

There's a World Cup game 5.7 miles from Hotel ICON, in less than 50 days, and 2× NRG Stadium (145K) worth of fans coming to Houston.

We're CrowdReady - a group of data scientists building actionable reports for Houston businesses. We pulled the numbers for Hotel ICON specifically:

- who's coming (countries, ages, spending profile)
- when they'll be near you, hour by hour, on game day
- a Facebook/Instagram ad you can launch before kickoff— copy, audience, budget
- a day-of plan: when to staff up, what to stock, what to price up
- the single move with the highest projected revenue for Hotel ICON

Worth taking a look? I can send over a quick Hotel ICON snapshot today with the key numbers and the clearest opportunity we see.

If it's useful, 15 minutes on Zoom and I'll show you how to deploy it.

Cheers,
Jacob",
FALSE,FALSE,Little Woodrow's Midtown,sports_bar,"2306 Brazos St, Houston, TX 77006, USA",Houston,USA,+1 713-522-1041,https://littlewoodrows.com/locations/midtown/,brandon@littlewoodrows.com,valid,hunter_search,99,4.4,2536,seeded_real,uptown_zone,4.4 miles,"Hi Little Woodrow's Midtown team,

There's a World Cup game 4.4 miles from Little Woodrow's Midtown, in less than 50 days, and 2× NRG Stadium (145K) worth of fans coming to Houston.

We're CrowdReady - a group of data scientists building actionable reports for Houston businesses. We pulled the numbers for Little Woodrow's Midtown specifically:

- who's coming (countries, ages, spending profile)
- when they'll be near you, hour by hour, on game day
- a Facebook/Instagram ad you can launch before kickoff— copy, audience, budget
- a day-of plan: when to staff up, what to stock, what to price up
- the single move with the highest projected revenue for Little Woodrow's Midtown

Worth taking a look? I can send over a quick Little Woodrow's Midtown snapshot today with the key numbers and the clearest opportunity we see.

If it's useful, 15 minutes on Zoom and I'll show you how to deploy it.

Cheers,
Lucas","Hi Little Woodrow's Midtown team,

There's a World Cup game 4.4 miles from Little Woodrow's Midtown, in less than 50 days, and 2× NRG Stadium (145K) worth of fans coming to Houston.

We're CrowdReady - a group of data scientists building actionable reports for Houston businesses. We pulled the numbers for Little Woodrow's Midtown specifically:

- who's coming (countries, ages, spending profile)
- when they'll be near you, hour by hour, on game day
- a Facebook/Instagram ad you can launch before kickoff— copy, audience, budget
- a day-of plan: when to staff up, what to stock, what to price up
- the single move with the highest projected revenue for Little Woodrow's Midtown

Worth taking a look? I can send over a quick Little Woodrow's Midtown snapshot today with the key numbers and the clearest opportunity we see.

If it's useful, 15 minutes on Zoom and I'll show you how to deploy it.

Cheers,
Anthony","Hi Little Woodrow's Midtown team,

There's a World Cup game 4.4 miles from Little Woodrow's Midtown, in less than 50 days, and 2× NRG Stadium (145K) worth of fans coming to Houston.

We're CrowdReady - a group of data scientists building actionable reports for Houston businesses. We pulled the numbers for Little Woodrow's Midtown specifically:

- who's coming (countries, ages, spending profile)
- when they'll be near you, hour by hour, on game day
- a Facebook/Instagram ad you can launch before kickoff— copy, audience, budget
- a day-of plan: when to staff up, what to stock, what to price up
- the single move with the highest projected revenue for Little Woodrow's Midtown

Worth taking a look? I can send over a quick Little Woodrow's Midtown snapshot today with the key numbers and the clearest opportunity we see.

If it's useful, 15 minutes on Zoom and I'll show you how to deploy it.

Cheers,
Jacob",
FALSE,FALSE,True Anomaly Brewing,sports_bar,"2012 Dallas St, Houston, TX 77003, USA",Houston,USA,+1 713-364-6258,http://trueanomalybrewing.com/,founders@trueanomalybrewing.com,valid,hunter_search,88,4.6,416,seeded_real,deep_ellum_zone,5.8 miles,"Hi True Anomaly Brewing team,

There's a World Cup game 5.8 miles from True Anomaly Brewing, in less than 50 days, and 2× NRG Stadium (145K) worth of fans coming to Houston.

We're CrowdReady - a group of data scientists building actionable reports for Houston businesses. We pulled the numbers for True Anomaly Brewing specifically:

- who's coming (countries, ages, spending profile)
- when they'll be near you, hour by hour, on game day
- a Facebook/Instagram ad you can launch before kickoff— copy, audience, budget
- a day-of plan: when to staff up, what to stock, what to price up
- the single move with the highest projected revenue for True Anomaly Brewing

Worth taking a look? I can send over a quick True Anomaly Brewing snapshot today with the key numbers and the clearest opportunity we see.

If it's useful, 15 minutes on Zoom and I'll show you how to deploy it.

Cheers,
Lucas","Hi True Anomaly Brewing team,

There's a World Cup game 5.8 miles from True Anomaly Brewing, in less than 50 days, and 2× NRG Stadium (145K) worth of fans coming to Houston.

We're CrowdReady - a group of data scientists building actionable reports for Houston businesses. We pulled the numbers for True Anomaly Brewing specifically:

- who's coming (countries, ages, spending profile)
- when they'll be near you, hour by hour, on game day
- a Facebook/Instagram ad you can launch before kickoff— copy, audience, budget
- a day-of plan: when to staff up, what to stock, what to price up
- the single move with the highest projected revenue for True Anomaly Brewing

Worth taking a look? I can send over a quick True Anomaly Brewing snapshot today with the key numbers and the clearest opportunity we see.

If it's useful, 15 minutes on Zoom and I'll show you how to deploy it.

Cheers,
Anthony","Hi True Anomaly Brewing team,

There's a World Cup game 5.8 miles from True Anomaly Brewing, in less than 50 days, and 2× NRG Stadium (145K) worth of fans coming to Houston.

We're CrowdReady - a group of data scientists building actionable reports for Houston businesses. We pulled the numbers for True Anomaly Brewing specifically:

- who's coming (countries, ages, spending profile)
- when they'll be near you, hour by hour, on game day
- a Facebook/Instagram ad you can launch before kickoff— copy, audience, budget
- a day-of plan: when to staff up, what to stock, what to price up
- the single move with the highest projected revenue for True Anomaly Brewing

Worth taking a look? I can send over a quick True Anomaly Brewing snapshot today with the key numbers and the clearest opportunity we see.

If it's useful, 15 minutes on Zoom and I'll show you how to deploy it.

Cheers,
Jacob",
FALSE,FALSE,Avalon Diner,restaurant,"2417 Westheimer Rd, Houston, TX 77098, USA",Houston,USA,+1 713-527-8900,http://avalondiner.com/,coyramsey@avalondiner.com,valid,hunter_search,94,4.3,1093,seeded_real,local_zone,2.8 miles,"Hi Avalon Diner team,

There's a World Cup game 2.8 miles from Avalon Diner, in less than 50 days, and 2× NRG Stadium (145K) worth of fans coming to Houston.

We're CrowdReady - a group of data scientists building actionable reports for Houston businesses. We pulled the numbers for Avalon Diner specifically:

- who's coming (countries, ages, spending profile)
- when they'll be near you, hour by hour, on game day
- a Facebook/Instagram ad you can launch before kickoff— copy, audience, budget
- a day-of plan: when to staff up, what to stock, what to price up
- the single move with the highest projected revenue for Avalon Diner

Worth taking a look? I can send over a quick Avalon Diner snapshot today with the key numbers and the clearest opportunity we see.

If it's useful, 15 minutes on Zoom and I'll show you how to deploy it.

Cheers,
Lucas","Hi Avalon Diner team,

There's a World Cup game 2.8 miles from Avalon Diner, in less than 50 days, and 2× NRG Stadium (145K) worth of fans coming to Houston.

We're CrowdReady - a group of data scientists building actionable reports for Houston businesses. We pulled the numbers for Avalon Diner specifically:

- who's coming (countries, ages, spending profile)
- when they'll be near you, hour by hour, on game day
- a Facebook/Instagram ad you can launch before kickoff— copy, audience, budget
- a day-of plan: when to staff up, what to stock, what to price up
- the single move with the highest projected revenue for Avalon Diner

Worth taking a look? I can send over a quick Avalon Diner snapshot today with the key numbers and the clearest opportunity we see.

If it's useful, 15 minutes on Zoom and I'll show you how to deploy it.

Cheers,
Anthony","Hi Avalon Diner team,

There's a World Cup game 2.8 miles from Avalon Diner, in less than 50 days, and 2× NRG Stadium (145K) worth of fans coming to Houston.

We're CrowdReady - a group of data scientists building actionable reports for Houston businesses. We pulled the numbers for Avalon Diner specifically:

- who's coming (countries, ages, spending profile)
- when they'll be near you, hour by hour, on game day
- a Facebook/Instagram ad you can launch before kickoff— copy, audience, budget
- a day-of plan: when to staff up, what to stock, what to price up
- the single move with the highest projected revenue for Avalon Diner

Worth taking a look? I can send over a quick Avalon Diner snapshot today with the key numbers and the clearest opportunity we see.

If it's useful, 15 minutes on Zoom and I'll show you how to deploy it.

Cheers,
Jacob",
FALSE,FALSE,Social Beer Garden HTX,sports_bar,"3101 San Jacinto St, Houston, TX 77004, USA",Houston,USA,+1 713-636-9357,https://www.socialbeergardenhtx.com/,hbic@socialbeergardenhtx.com,valid,hunter_search,99,4.7,2350,google_places_enriched,texas_live_zone,4.4 miles,"Hi Social Beer Garden HTX team,

There's a World Cup game 4.4 miles from Social Beer Garden HTX, in less than 50 days, and 2× NRG Stadium (145K) worth of fans coming to Houston.

We're CrowdReady - a group of data scientists building actionable reports for Houston businesses. We pulled the numbers for Social Beer Garden HTX specifically:

- who's coming (countries, ages, spending profile)
- when they'll be near you, hour by hour, on game day
- a Facebook/Instagram ad you can launch before kickoff— copy, audience, budget
- a day-of plan: when to staff up, what to stock, what to price up
- the single move with the highest projected revenue for Social Beer Garden HTX

Worth taking a look? I can send over a quick Social Beer Garden HTX snapshot today with the key numbers and the clearest opportunity we see.

If it's useful, 15 minutes on Zoom and I'll show you how to deploy it.

Cheers,
Lucas","Hi Social Beer Garden HTX team,

There's a World Cup game 4.4 miles from Social Beer Garden HTX, in less than 50 days, and 2× NRG Stadium (145K) worth of fans coming to Houston.

We're CrowdReady - a group of data scientists building actionable reports for Houston businesses. We pulled the numbers for Social Beer Garden HTX specifically:

- who's coming (countries, ages, spending profile)
- when they'll be near you, hour by hour, on game day
- a Facebook/Instagram ad you can launch before kickoff— copy, audience, budget
- a day-of plan: when to staff up, what to stock, what to price up
- the single move with the highest projected revenue for Social Beer Garden HTX

Worth taking a look? I can send over a quick Social Beer Garden HTX snapshot today with the key numbers and the clearest opportunity we see.

If it's useful, 15 minutes on Zoom and I'll show you how to deploy it.

Cheers,
Anthony","Hi Social Beer Garden HTX team,

There's a World Cup game 4.4 miles from Social Beer Garden HTX, in less than 50 days, and 2× NRG Stadium (145K) worth of fans coming to Houston.

We're CrowdReady - a group of data scientists building actionable reports for Houston businesses. We pulled the numbers for Social Beer Garden HTX specifically:

- who's coming (countries, ages, spending profile)
- when they'll be near you, hour by hour, on game day
- a Facebook/Instagram ad you can launch before kickoff— copy, audience, budget
- a day-of plan: when to staff up, what to stock, what to price up
- the single move with the highest projected revenue for Social Beer Garden HTX

Worth taking a look? I can send over a quick Social Beer Garden HTX snapshot today with the key numbers and the clearest opportunity we see.

If it's useful, 15 minutes on Zoom and I'll show you how to deploy it.

Cheers,
Jacob",
FALSE,FALSE,Little Woodrow's Rice Village,sports_bar,"5611 Morningside Dr, Houston, TX 77005, USA",Houston,USA,+1 713-522-4438,https://littlewoodrows.com/locations/rice-village/,brandon@littlewoodrows.com,valid,hunter_search,99,4.3,635,google_places_enriched,texas_live_zone,2.2 miles,"Hi Little Woodrow's Rice Village team,

There's a World Cup game 2.2 miles from Little Woodrow's Rice Village, in less than 50 days, and 2× NRG Stadium (145K) worth of fans coming to Houston.

We're CrowdReady - a group of data scientists building actionable reports for Houston businesses. We pulled the numbers for Little Woodrow's Rice Village specifically:

- who's coming (countries, ages, spending profile)
- when they'll be near you, hour by hour, on game day
- a Facebook/Instagram ad you can launch before kickoff— copy, audience, budget
- a day-of plan: when to staff up, what to stock, what to price up
- the single move with the highest projected revenue for Little Woodrow's Rice Village

Worth taking a look? I can send over a quick Little Woodrow's Rice Village snapshot today with the key numbers and the clearest opportunity we see.

If it's useful, 15 minutes on Zoom and I'll show you how to deploy it.

Cheers,
Lucas","Hi Little Woodrow's Rice Village team,

There's a World Cup game 2.2 miles from Little Woodrow's Rice Village, in less than 50 days, and 2× NRG Stadium (145K) worth of fans coming to Houston.

We're CrowdReady - a group of data scientists building actionable reports for Houston businesses. We pulled the numbers for Little Woodrow's Rice Village specifically:

- who's coming (countries, ages, spending profile)
- when they'll be near you, hour by hour, on game day
- a Facebook/Instagram ad you can launch before kickoff— copy, audience, budget
- a day-of plan: when to staff up, what to stock, what to price up
- the single move with the highest projected revenue for Little Woodrow's Rice Village

Worth taking a look? I can send over a quick Little Woodrow's Rice Village snapshot today with the key numbers and the clearest opportunity we see.

If it's useful, 15 minutes on Zoom and I'll show you how to deploy it.

Cheers,
Anthony","Hi Little Woodrow's Rice Village team,

There's a World Cup game 2.2 miles from Little Woodrow's Rice Village, in less than 50 days, and 2× NRG Stadium (145K) worth of fans coming to Houston.

We're CrowdReady - a group of data scientists building actionable reports for Houston businesses. We pulled the numbers for Little Woodrow's Rice Village specifically:

- who's coming (countries, ages, spending profile)
- when they'll be near you, hour by hour, on game day
- a Facebook/Instagram ad you can launch before kickoff— copy, audience, budget
- a day-of plan: when to staff up, what to stock, what to price up
- the single move with the highest projected revenue for Little Woodrow's Rice Village

Worth taking a look? I can send over a quick Little Woodrow's Rice Village snapshot today with the key numbers and the clearest opportunity we see.

If it's useful, 15 minutes on Zoom and I'll show you how to deploy it.

Cheers,
Jacob",
FALSE,FALSE,Tom's Watch Bar,sports_bar,"1201 Caroline St Suite #161 [level G], Houston, TX 77002, USA",Houston,USA,+1 281-619-1779,https://tomswatchbar.com/houston/,dgleason@tomswatchbar.com,valid,scraped_website,100,4.8,2107,google_places_enriched,texas_live_zone,5.5 miles,"Hi Tom's Watch Bar team,

There's a World Cup game 5.5 miles from Tom's Watch Bar, in less than 50 days, and 2× NRG Stadium (145K) worth of fans coming to Houston.

We're CrowdReady - a group of data scientists building actionable reports for Houston businesses. We pulled the numbers for Tom's Watch Bar specifically:

- who's coming (countries, ages, spending profile)
- when they'll be near you, hour by hour, on game day
- a Facebook/Instagram ad you can launch before kickoff— copy, audience, budget
- a day-of plan: when to staff up, what to stock, what to price up
- the single move with the highest projected revenue for Tom's Watch Bar

Worth taking a look? I can send over a quick Tom's Watch Bar snapshot today with the key numbers and the clearest opportunity we see.

If it's useful, 15 minutes on Zoom and I'll show you how to deploy it.

Cheers,
Lucas","Hi Tom's Watch Bar team,

There's a World Cup game 5.5 miles from Tom's Watch Bar, in less than 50 days, and 2× NRG Stadium (145K) worth of fans coming to Houston.

We're CrowdReady - a group of data scientists building actionable reports for Houston businesses. We pulled the numbers for Tom's Watch Bar specifically:

- who's coming (countries, ages, spending profile)
- when they'll be near you, hour by hour, on game day
- a Facebook/Instagram ad you can launch before kickoff— copy, audience, budget
- a day-of plan: when to staff up, what to stock, what to price up
- the single move with the highest projected revenue for Tom's Watch Bar

Worth taking a look? I can send over a quick Tom's Watch Bar snapshot today with the key numbers and the clearest opportunity we see.

If it's useful, 15 minutes on Zoom and I'll show you how to deploy it.

Cheers,
Anthony","Hi Tom's Watch Bar team,

There's a World Cup game 5.5 miles from Tom's Watch Bar, in less than 50 days, and 2× NRG Stadium (145K) worth of fans coming to Houston.

We're CrowdReady - a group of data scientists building actionable reports for Houston businesses. We pulled the numbers for Tom's Watch Bar specifically:

- who's coming (countries, ages, spending profile)
- when they'll be near you, hour by hour, on game day
- a Facebook/Instagram ad you can launch before kickoff— copy, audience, budget
- a day-of plan: when to staff up, what to stock, what to price up
- the single move with the highest projected revenue for Tom's Watch Bar

Worth taking a look? I can send over a quick Tom's Watch Bar snapshot today with the key numbers and the clearest opportunity we see.

If it's useful, 15 minutes on Zoom and I'll show you how to deploy it.

Cheers,
Jacob",
FALSE,FALSE,The Locker Room,sports_bar,"4702 Ennis St, Houston, TX 77004, USA",Houston,USA,+1 361-310-3659,https://www.instagram.com/lockerroomhou/?hl=en,soniaalam@instagram.com,accept_all,hunter_search,94,4.2,800,google_places_enriched,texas_live_zone,3.6 miles,"Hi The Locker Room team,

There's a World Cup game 3.6 miles from The Locker Room, in less than 50 days, and 2× NRG Stadium (145K) worth of fans coming to Houston.

We're CrowdReady - a group of data scientists building actionable reports for Houston businesses. We pulled the numbers for The Locker Room specifically:

- who's coming (countries, ages, spending profile)
- when they'll be near you, hour by hour, on game day
- a Facebook/Instagram ad you can launch before kickoff— copy, audience, budget
- a day-of plan: when to staff up, what to stock, what to price up
- the single move with the highest projected revenue for The Locker Room

Worth taking a look? I can send over a quick The Locker Room snapshot today with the key numbers and the clearest opportunity we see.

If it's useful, 15 minutes on Zoom and I'll show you how to deploy it.

Cheers,
Lucas","Hi The Locker Room team,

There's a World Cup game 3.6 miles from The Locker Room, in less than 50 days, and 2× NRG Stadium (145K) worth of fans coming to Houston.

We're CrowdReady - a group of data scientists building actionable reports for Houston businesses. We pulled the numbers for The Locker Room specifically:

- who's coming (countries, ages, spending profile)
- when they'll be near you, hour by hour, on game day
- a Facebook/Instagram ad you can launch before kickoff— copy, audience, budget
- a day-of plan: when to staff up, what to stock, what to price up
- the single move with the highest projected revenue for The Locker Room

Worth taking a look? I can send over a quick The Locker Room snapshot today with the key numbers and the clearest opportunity we see.

If it's useful, 15 minutes on Zoom and I'll show you how to deploy it.

Cheers,
Anthony","Hi The Locker Room team,

There's a World Cup game 3.6 miles from The Locker Room, in less than 50 days, and 2× NRG Stadium (145K) worth of fans coming to Houston.

We're CrowdReady - a group of data scientists building actionable reports for Houston businesses. We pulled the numbers for The Locker Room specifically:

- who's coming (countries, ages, spending profile)
- when they'll be near you, hour by hour, on game day
- a Facebook/Instagram ad you can launch before kickoff— copy, audience, budget
- a day-of plan: when to staff up, what to stock, what to price up
- the single move with the highest projected revenue for The Locker Room

Worth taking a look? I can send over a quick The Locker Room snapshot today with the key numbers and the clearest opportunity we see.

If it's useful, 15 minutes on Zoom and I'll show you how to deploy it.

Cheers,
Jacob",
FALSE,FALSE,The Cellar Bar,sports_bar,"3140 Richmond Ave, Houston, TX 77098, USA",Houston,USA,+1 713-528-6435,http://thecellarbar.org/,info@thecellarbar.org,valid,hunter_search,99,4.6,813,google_places_enriched,texas_live_zone,3.6 miles,"Hi The Cellar Bar team,

There's a World Cup game 3.6 miles from The Cellar Bar, in less than 50 days, and 2× NRG Stadium (145K) worth of fans coming to Houston.

We're CrowdReady - a group of data scientists building actionable reports for Houston businesses. We pulled the numbers for The Cellar Bar specifically:

- who's coming (countries, ages, spending profile)
- when they'll be near you, hour by hour, on game day
- a Facebook/Instagram ad you can launch before kickoff— copy, audience, budget
- a day-of plan: when to staff up, what to stock, what to price up
- the single move with the highest projected revenue for The Cellar Bar

Worth taking a look? I can send over a quick The Cellar Bar snapshot today with the key numbers and the clearest opportunity we see.

If it's useful, 15 minutes on Zoom and I'll show you how to deploy it.

Cheers,
Lucas","Hi The Cellar Bar team,

There's a World Cup game 3.6 miles from The Cellar Bar, in less than 50 days, and 2× NRG Stadium (145K) worth of fans coming to Houston.

We're CrowdReady - a group of data scientists building actionable reports for Houston businesses. We pulled the numbers for The Cellar Bar specifically:

- who's coming (countries, ages, spending profile)
- when they'll be near you, hour by hour, on game day
- a Facebook/Instagram ad you can launch before kickoff— copy, audience, budget
- a day-of plan: when to staff up, what to stock, what to price up
- the single move with the highest projected revenue for The Cellar Bar

Worth taking a look? I can send over a quick The Cellar Bar snapshot today with the key numbers and the clearest opportunity we see.

If it's useful, 15 minutes on Zoom and I'll show you how to deploy it.

Cheers,
Anthony","Hi The Cellar Bar team,

There's a World Cup game 3.6 miles from The Cellar Bar, in less than 50 days, and 2× NRG Stadium (145K) worth of fans coming to Houston.

We're CrowdReady - a group of data scientists building actionable reports for Houston businesses. We pulled the numbers for The Cellar Bar specifically:

- who's coming (countries, ages, spending profile)
- when they'll be near you, hour by hour, on game day
- a Facebook/Instagram ad you can launch before kickoff— copy, audience, budget
- a day-of plan: when to staff up, what to stock, what to price up
- the single move with the highest projected revenue for The Cellar Bar

Worth taking a look? I can send over a quick The Cellar Bar snapshot today with the key numbers and the clearest opportunity we see.

If it's useful, 15 minutes on Zoom and I'll show you how to deploy it.

Cheers,
Jacob",
FALSE,FALSE,Little Woodrow's Bellaire,sports_bar,"4235 Bellaire Blvd, Houston, TX 77025, USA",Houston,USA,+1 713-661-5282,https://littlewoodrows.com/locations/bellaire/,brandon@littlewoodrows.com,valid,hunter_search,99,4.3,473,google_places_enriched,texas_live_zone,2.6 miles,"Hi Little Woodrow's Bellaire team,

There's a World Cup game 2.6 miles from Little Woodrow's Bellaire, in less than 50 days, and 2× NRG Stadium (145K) worth of fans coming to Houston.

We're CrowdReady - a group of data scientists building actionable reports for Houston businesses. We pulled the numbers for Little Woodrow's Bellaire specifically:

- who's coming (countries, ages, spending profile)
- when they'll be near you, hour by hour, on game day
- a Facebook/Instagram ad you can launch before kickoff— copy, audience, budget
- a day-of plan: when to staff up, what to stock, what to price up
- the single move with the highest projected revenue for Little Woodrow's Bellaire

Worth taking a look? I can send over a quick Little Woodrow's Bellaire snapshot today with the key numbers and the clearest opportunity we see.

If it's useful, 15 minutes on Zoom and I'll show you how to deploy it.

Cheers,
Lucas","Hi Little Woodrow's Bellaire team,

There's a World Cup game 2.6 miles from Little Woodrow's Bellaire, in less than 50 days, and 2× NRG Stadium (145K) worth of fans coming to Houston.

We're CrowdReady - a group of data scientists building actionable reports for Houston businesses. We pulled the numbers for Little Woodrow's Bellaire specifically:

- who's coming (countries, ages, spending profile)
- when they'll be near you, hour by hour, on game day
- a Facebook/Instagram ad you can launch before kickoff— copy, audience, budget
- a day-of plan: when to staff up, what to stock, what to price up
- the single move with the highest projected revenue for Little Woodrow's Bellaire

Worth taking a look? I can send over a quick Little Woodrow's Bellaire snapshot today with the key numbers and the clearest opportunity we see.

If it's useful, 15 minutes on Zoom and I'll show you how to deploy it.

Cheers,
Anthony","Hi Little Woodrow's Bellaire team,

There's a World Cup game 2.6 miles from Little Woodrow's Bellaire, in less than 50 days, and 2× NRG Stadium (145K) worth of fans coming to Houston.

We're CrowdReady - a group of data scientists building actionable reports for Houston businesses. We pulled the numbers for Little Woodrow's Bellaire specifically:

- who's coming (countries, ages, spending profile)
- when they'll be near you, hour by hour, on game day
- a Facebook/Instagram ad you can launch before kickoff— copy, audience, budget
- a day-of plan: when to staff up, what to stock, what to price up
- the single move with the highest projected revenue for Little Woodrow's Bellaire

Worth taking a look? I can send over a quick Little Woodrow's Bellaire snapshot today with the key numbers and the clearest opportunity we see.

If it's useful, 15 minutes on Zoom and I'll show you how to deploy it.

Cheers,
Jacob",
FALSE,FALSE,Tipsy Tavern,sports_bar,"10400 S Post Oak Rd Unit E, Houston, TX 77035, USA",Houston,USA,+1 713-485-6357,https://www.tipsytaverntx.com/,info@tipsytaverntx.com,valid,hunter_search,10,4.6,66,google_places_enriched,texas_live_zone,3.4 miles,"Hi Tipsy Tavern team,

There's a World Cup game 3.4 miles from Tipsy Tavern, in less than 50 days, and 2× NRG Stadium (145K) worth of fans coming to Houston.

We're CrowdReady - a group of data scientists building actionable reports for Houston businesses. We pulled the numbers for Tipsy Tavern specifically:

- who's coming (countries, ages, spending profile)
- when they'll be near you, hour by hour, on game day
- a Facebook/Instagram ad you can launch before kickoff— copy, audience, budget
- a day-of plan: when to staff up, what to stock, what to price up
- the single move with the highest projected revenue for Tipsy Tavern

Worth taking a look? I can send over a quick Tipsy Tavern snapshot today with the key numbers and the clearest opportunity we see.

If it's useful, 15 minutes on Zoom and I'll show you how to deploy it.

Cheers,
Lucas","Hi Tipsy Tavern team,

There's a World Cup game 3.4 miles from Tipsy Tavern, in less than 50 days, and 2× NRG Stadium (145K) worth of fans coming to Houston.

We're CrowdReady - a group of data scientists building actionable reports for Houston businesses. We pulled the numbers for Tipsy Tavern specifically:

- who's coming (countries, ages, spending profile)
- when they'll be near you, hour by hour, on game day
- a Facebook/Instagram ad you can launch before kickoff— copy, audience, budget
- a day-of plan: when to staff up, what to stock, what to price up
- the single move with the highest projected revenue for Tipsy Tavern

Worth taking a look? I can send over a quick Tipsy Tavern snapshot today with the key numbers and the clearest opportunity we see.

If it's useful, 15 minutes on Zoom and I'll show you how to deploy it.

Cheers,
Anthony","Hi Tipsy Tavern team,

There's a World Cup game 3.4 miles from Tipsy Tavern, in less than 50 days, and 2× NRG Stadium (145K) worth of fans coming to Houston.

We're CrowdReady - a group of data scientists building actionable reports for Houston businesses. We pulled the numbers for Tipsy Tavern specifically:

- who's coming (countries, ages, spending profile)
- when they'll be near you, hour by hour, on game day
- a Facebook/Instagram ad you can launch before kickoff— copy, audience, budget
- a day-of plan: when to staff up, what to stock, what to price up
- the single move with the highest projected revenue for Tipsy Tavern

Worth taking a look? I can send over a quick Tipsy Tavern snapshot today with the key numbers and the clearest opportunity we see.

If it's useful, 15 minutes on Zoom and I'll show you how to deploy it.

Cheers,
Jacob",
FALSE,FALSE,El Tiempo Cantina,sports_bar,"2360 S Loop W, Houston, TX 77054, USA",Houston,USA,+1 713-955-3868,https://www.eltiempocantina.com/,info@eltiempocantina.com,valid,hunter_search,96,4.5,109,google_places_enriched,texas_live_zone,0.5 miles,"Hi El Tiempo Cantina team,

There's a World Cup game 0.5 miles from El Tiempo Cantina, in less than 50 days, and 2× NRG Stadium (145K) worth of fans coming to Houston.

We're CrowdReady - a group of data scientists building actionable reports for Houston businesses. We pulled the numbers for El Tiempo Cantina specifically:

- who's coming (countries, ages, spending profile)
- when they'll be near you, hour by hour, on game day
- a Facebook/Instagram ad you can launch before kickoff— copy, audience, budget
- a day-of plan: when to staff up, what to stock, what to price up
- the single move with the highest projected revenue for El Tiempo Cantina

Worth taking a look? I can send over a quick El Tiempo Cantina snapshot today with the key numbers and the clearest opportunity we see.

If it's useful, 15 minutes on Zoom and I'll show you how to deploy it.

Cheers,
Lucas","Hi El Tiempo Cantina team,

There's a World Cup game 0.5 miles from El Tiempo Cantina, in less than 50 days, and 2× NRG Stadium (145K) worth of fans coming to Houston.

We're CrowdReady - a group of data scientists building actionable reports for Houston businesses. We pulled the numbers for El Tiempo Cantina specifically:

- who's coming (countries, ages, spending profile)
- when they'll be near you, hour by hour, on game day
- a Facebook/Instagram ad you can launch before kickoff— copy, audience, budget
- a day-of plan: when to staff up, what to stock, what to price up
- the single move with the highest projected revenue for El Tiempo Cantina

Worth taking a look? I can send over a quick El Tiempo Cantina snapshot today with the key numbers and the clearest opportunity we see.

If it's useful, 15 minutes on Zoom and I'll show you how to deploy it.

Cheers,
Anthony","Hi El Tiempo Cantina team,

There's a World Cup game 0.5 miles from El Tiempo Cantina, in less than 50 days, and 2× NRG Stadium (145K) worth of fans coming to Houston.

We're CrowdReady - a group of data scientists building actionable reports for Houston businesses. We pulled the numbers for El Tiempo Cantina specifically:

- who's coming (countries, ages, spending profile)
- when they'll be near you, hour by hour, on game day
- a Facebook/Instagram ad you can launch before kickoff— copy, audience, budget
- a day-of plan: when to staff up, what to stock, what to price up
- the single move with the highest projected revenue for El Tiempo Cantina

Worth taking a look? I can send over a quick El Tiempo Cantina snapshot today with the key numbers and the clearest opportunity we see.

If it's useful, 15 minutes on Zoom and I'll show you how to deploy it.

Cheers,
Jacob",
FALSE,FALSE,The Toasted Coconut,sports_bar,"1617 Richmond Ave, Houston, TX 77006, USA",Houston,USA,+1 713-485-4775,http://gettoastedhtx.com/,events@gettoastedhtx.com,valid,scraped_website,100,4.5,1069,google_places_enriched,texas_live_zone,3.5 miles,"Hi The Toasted Coconut team,

There's a World Cup game 3.5 miles from The Toasted Coconut, in less than 50 days, and 2× NRG Stadium (145K) worth of fans coming to Houston.

We're CrowdReady - a group of data scientists building actionable reports for Houston businesses. We pulled the numbers for The Toasted Coconut specifically:

- who's coming (countries, ages, spending profile)
- when they'll be near you, hour by hour, on game day
- a Facebook/Instagram ad you can launch before kickoff— copy, audience, budget
- a day-of plan: when to staff up, what to stock, what to price up
- the single move with the highest projected revenue for The Toasted Coconut

Worth taking a look? I can send over a quick The Toasted Coconut snapshot today with the key numbers and the clearest opportunity we see.

If it's useful, 15 minutes on Zoom and I'll show you how to deploy it.

Cheers,
Lucas","Hi The Toasted Coconut team,

There's a World Cup game 3.5 miles from The Toasted Coconut, in less than 50 days, and 2× NRG Stadium (145K) worth of fans coming to Houston.

We're CrowdReady - a group of data scientists building actionable reports for Houston businesses. We pulled the numbers for The Toasted Coconut specifically:

- who's coming (countries, ages, spending profile)
- when they'll be near you, hour by hour, on game day
- a Facebook/Instagram ad you can launch before kickoff— copy, audience, budget
- a day-of plan: when to staff up, what to stock, what to price up
- the single move with the highest projected revenue for The Toasted Coconut

Worth taking a look? I can send over a quick The Toasted Coconut snapshot today with the key numbers and the clearest opportunity we see.

If it's useful, 15 minutes on Zoom and I'll show you how to deploy it.

Cheers,
Anthony","Hi The Toasted Coconut team,

There's a World Cup game 3.5 miles from The Toasted Coconut, in less than 50 days, and 2× NRG Stadium (145K) worth of fans coming to Houston.

We're CrowdReady - a group of data scientists building actionable reports for Houston businesses. We pulled the numbers for The Toasted Coconut specifically:

- who's coming (countries, ages, spending profile)
- when they'll be near you, hour by hour, on game day
- a Facebook/Instagram ad you can launch before kickoff— copy, audience, budget
- a day-of plan: when to staff up, what to stock, what to price up
- the single move with the highest projected revenue for The Toasted Coconut

Worth taking a look? I can send over a quick The Toasted Coconut snapshot today with the key numbers and the clearest opportunity we see.

If it's useful, 15 minutes on Zoom and I'll show you how to deploy it.

Cheers,
Jacob",
FALSE,FALSE,Southern Yankee Crafthouse,sports_bar,"1312 W Alabama St, Houston, TX 77006, USA",Houston,USA,+1 346-320-2806,https://www.crafthousehtx.com/,info@crafthousehtx.com,valid,scraped_website,100,4.7,914,google_places_enriched,texas_live_zone,3.9 miles,"Hi Southern Yankee Crafthouse team,

There's a World Cup game 3.9 miles from Southern Yankee Crafthouse, in less than 50 days, and 2× NRG Stadium (145K) worth of fans coming to Houston.

We're CrowdReady - a group of data scientists building actionable reports for Houston businesses. We pulled the numbers for Southern Yankee Crafthouse specifically:

- who's coming (countries, ages, spending profile)
- when they'll be near you, hour by hour, on game day
- a Facebook/Instagram ad you can launch before kickoff— copy, audience, budget
- a day-of plan: when to staff up, what to stock, what to price up
- the single move with the highest projected revenue for Southern Yankee Crafthouse

Worth taking a look? I can send over a quick Southern Yankee Crafthouse snapshot today with the key numbers and the clearest opportunity we see.

If it's useful, 15 minutes on Zoom and I'll show you how to deploy it.

Cheers,
Lucas","Hi Southern Yankee Crafthouse team,

There's a World Cup game 3.9 miles from Southern Yankee Crafthouse, in less than 50 days, and 2× NRG Stadium (145K) worth of fans coming to Houston.

We're CrowdReady - a group of data scientists building actionable reports for Houston businesses. We pulled the numbers for Southern Yankee Crafthouse specifically:

- who's coming (countries, ages, spending profile)
- when they'll be near you, hour by hour, on game day
- a Facebook/Instagram ad you can launch before kickoff— copy, audience, budget
- a day-of plan: when to staff up, what to stock, what to price up
- the single move with the highest projected revenue for Southern Yankee Crafthouse

Worth taking a look? I can send over a quick Southern Yankee Crafthouse snapshot today with the key numbers and the clearest opportunity we see.

If it's useful, 15 minutes on Zoom and I'll show you how to deploy it.

Cheers,
Anthony","Hi Southern Yankee Crafthouse team,

There's a World Cup game 3.9 miles from Southern Yankee Crafthouse, in less than 50 days, and 2× NRG Stadium (145K) worth of fans coming to Houston.

We're CrowdReady - a group of data scientists building actionable reports for Houston businesses. We pulled the numbers for Southern Yankee Crafthouse specifically:

- who's coming (countries, ages, spending profile)
- when they'll be near you, hour by hour, on game day
- a Facebook/Instagram ad you can launch before kickoff— copy, audience, budget
- a day-of plan: when to staff up, what to stock, what to price up
- the single move with the highest projected revenue for Southern Yankee Crafthouse

Worth taking a look? I can send over a quick Southern Yankee Crafthouse snapshot today with the key numbers and the clearest opportunity we see.

If it's useful, 15 minutes on Zoom and I'll show you how to deploy it.

Cheers,
Jacob",
FALSE,FALSE,Hugh O’Connors,sports_bar,"5010 Dincans St, Houston, TX 77005, USA",Houston,USA,,https://hughoconnors.com/,info@hughoconnors.com,valid,hunter_search,99,4.8,52,google_places_enriched,texas_live_zone,3.0 miles,"Hi Hugh O’Connors team,

There's a World Cup game 3.0 miles from Hugh O’Connors, in less than 50 days, and 2× NRG Stadium (145K) worth of fans coming to Houston.

We're CrowdReady - a group of data scientists building actionable reports for Houston businesses. We pulled the numbers for Hugh O’Connors specifically:

- who's coming (countries, ages, spending profile)
- when they'll be near you, hour by hour, on game day
- a Facebook/Instagram ad you can launch before kickoff— copy, audience, budget
- a day-of plan: when to staff up, what to stock, what to price up
- the single move with the highest projected revenue for Hugh O’Connors

Worth taking a look? I can send over a quick Hugh O’Connors snapshot today with the key numbers and the clearest opportunity we see.

If it's useful, 15 minutes on Zoom and I'll show you how to deploy it.

Cheers,
Lucas","Hi Hugh O’Connors team,

There's a World Cup game 3.0 miles from Hugh O’Connors, in less than 50 days, and 2× NRG Stadium (145K) worth of fans coming to Houston.

We're CrowdReady - a group of data scientists building actionable reports for Houston businesses. We pulled the numbers for Hugh O’Connors specifically:

- who's coming (countries, ages, spending profile)
- when they'll be near you, hour by hour, on game day
- a Facebook/Instagram ad you can launch before kickoff— copy, audience, budget
- a day-of plan: when to staff up, what to stock, what to price up
- the single move with the highest projected revenue for Hugh O’Connors

Worth taking a look? I can send over a quick Hugh O’Connors snapshot today with the key numbers and the clearest opportunity we see.

If it's useful, 15 minutes on Zoom and I'll show you how to deploy it.

Cheers,
Anthony","Hi Hugh O’Connors team,

There's a World Cup game 3.0 miles from Hugh O’Connors, in less than 50 days, and 2× NRG Stadium (145K) worth of fans coming to Houston.

We're CrowdReady - a group of data scientists building actionable reports for Houston businesses. We pulled the numbers for Hugh O’Connors specifically:

- who's coming (countries, ages, spending profile)
- when they'll be near you, hour by hour, on game day
- a Facebook/Instagram ad you can launch before kickoff— copy, audience, budget
- a day-of plan: when to staff up, what to stock, what to price up
- the single move with the highest projected revenue for Hugh O’Connors

Worth taking a look? I can send over a quick Hugh O’Connors snapshot today with the key numbers and the clearest opportunity we see.

If it's useful, 15 minutes on Zoom and I'll show you how to deploy it.

Cheers,
Jacob",
FALSE,FALSE,Valhalla,sports_bar,"6100 Main St, Houston, TX 77005, USA",Houston,USA,+1 713-348-3258,http://valhalla.rice.edu/,sarah.guo@rice.edu,valid,hunter_search,99,3.6,741,google_places_enriched,texas_live_zone,2.5 miles,"Hi Valhalla team,

There's a World Cup game 2.5 miles from Valhalla, in less than 50 days, and 2× NRG Stadium (145K) worth of fans coming to Houston.

We're CrowdReady - a group of data scientists building actionable reports for Houston businesses. We pulled the numbers for Valhalla specifically:

- who's coming (countries, ages, spending profile)
- when they'll be near you, hour by hour, on game day
- a Facebook/Instagram ad you can launch before kickoff— copy, audience, budget
- a day-of plan: when to staff up, what to stock, what to price up
- the single move with the highest projected revenue for Valhalla

Worth taking a look? I can send over a quick Valhalla snapshot today with the key numbers and the clearest opportunity we see.

If it's useful, 15 minutes on Zoom and I'll show you how to deploy it.

Cheers,
Lucas","Hi Valhalla team,

There's a World Cup game 2.5 miles from Valhalla, in less than 50 days, and 2× NRG Stadium (145K) worth of fans coming to Houston.

We're CrowdReady - a group of data scientists building actionable reports for Houston businesses. We pulled the numbers for Valhalla specifically:

- who's coming (countries, ages, spending profile)
- when they'll be near you, hour by hour, on game day
- a Facebook/Instagram ad you can launch before kickoff— copy, audience, budget
- a day-of plan: when to staff up, what to stock, what to price up
- the single move with the highest projected revenue for Valhalla

Worth taking a look? I can send over a quick Valhalla snapshot today with the key numbers and the clearest opportunity we see.

If it's useful, 15 minutes on Zoom and I'll show you how to deploy it.

Cheers,
Anthony","Hi Valhalla team,

There's a World Cup game 2.5 miles from Valhalla, in less than 50 days, and 2× NRG Stadium (145K) worth of fans coming to Houston.

We're CrowdReady - a group of data scientists building actionable reports for Houston businesses. We pulled the numbers for Valhalla specifically:

- who's coming (countries, ages, spending profile)
- when they'll be near you, hour by hour, on game day
- a Facebook/Instagram ad you can launch before kickoff— copy, audience, budget
- a day-of plan: when to staff up, what to stock, what to price up
- the single move with the highest projected revenue for Valhalla

Worth taking a look? I can send over a quick Valhalla snapshot today with the key numbers and the clearest opportunity we see.

If it's useful, 15 minutes on Zoom and I'll show you how to deploy it.

Cheers,
Jacob",
FALSE,FALSE,The Naturalist Bar & Lounge,sports_bar,"6750 Main St, Houston, TX 77030, USA",Houston,USA,+1 281-644-9441,https://www.ihg.com/intercontinental/hotels/us/en/houston/houit/hoteldetail/dining,anthony.torres@ihg.com,valid,hunter_search,99,4.8,17,google_places_enriched,texas_live_zone,1.6 miles,"Hi The Naturalist Bar & Lounge team,

There's a World Cup game 1.6 miles from The Naturalist Bar & Lounge, in less than 50 days, and 2× NRG Stadium (145K) worth of fans coming to Houston.

We're CrowdReady - a group of data scientists building actionable reports for Houston businesses. We pulled the numbers for The Naturalist Bar & Lounge specifically:

- who's coming (countries, ages, spending profile)
- when they'll be near you, hour by hour, on game day
- a Facebook/Instagram ad you can launch before kickoff— copy, audience, budget
- a day-of plan: when to staff up, what to stock, what to price up
- the single move with the highest projected revenue for The Naturalist Bar & Lounge

Worth taking a look? I can send over a quick The Naturalist Bar & Lounge snapshot today with the key numbers and the clearest opportunity we see.

If it's useful, 15 minutes on Zoom and I'll show you how to deploy it.

Cheers,
Lucas","Hi The Naturalist Bar & Lounge team,

There's a World Cup game 1.6 miles from The Naturalist Bar & Lounge, in less than 50 days, and 2× NRG Stadium (145K) worth of fans coming to Houston.

We're CrowdReady - a group of data scientists building actionable reports for Houston businesses. We pulled the numbers for The Naturalist Bar & Lounge specifically:

- who's coming (countries, ages, spending profile)
- when they'll be near you, hour by hour, on game day
- a Facebook/Instagram ad you can launch before kickoff— copy, audience, budget
- a day-of plan: when to staff up, what to stock, what to price up
- the single move with the highest projected revenue for The Naturalist Bar & Lounge

Worth taking a look? I can send over a quick The Naturalist Bar & Lounge snapshot today with the key numbers and the clearest opportunity we see.

If it's useful, 15 minutes on Zoom and I'll show you how to deploy it.

Cheers,
Anthony","Hi The Naturalist Bar & Lounge team,

There's a World Cup game 1.6 miles from The Naturalist Bar & Lounge, in less than 50 days, and 2× NRG Stadium (145K) worth of fans coming to Houston.

We're CrowdReady - a group of data scientists building actionable reports for Houston businesses. We pulled the numbers for The Naturalist Bar & Lounge specifically:

- who's coming (countries, ages, spending profile)
- when they'll be near you, hour by hour, on game day
- a Facebook/Instagram ad you can launch before kickoff— copy, audience, budget
- a day-of plan: when to staff up, what to stock, what to price up
- the single move with the highest projected revenue for The Naturalist Bar & Lounge

Worth taking a look? I can send over a quick The Naturalist Bar & Lounge snapshot today with the key numbers and the clearest opportunity we see.

If it's useful, 15 minutes on Zoom and I'll show you how to deploy it.

Cheers,
Jacob",
FALSE,FALSE,Ducky McShweeney’s Pub,sports_bar,"2025 Post Oak Blvd Suite B, Houston, TX 77056, USA",Houston,USA,+1 346-701-8147,http://duckymcshweeneyspub.com/,info@duckymcshweeneyspub.com,valid,scraped_website,100,4.4,643,google_places_enriched,texas_live_zone,5.1 miles,"Hi Ducky McShweeney’s Pub team,

There's a World Cup game 5.1 miles from Ducky McShweeney’s Pub, in less than 50 days, and 2× NRG Stadium (145K) worth of fans coming to Houston.

We're CrowdReady - a group of data scientists building actionable reports for Houston businesses. We pulled the numbers for Ducky McShweeney’s Pub specifically:

- who's coming (countries, ages, spending profile)
- when they'll be near you, hour by hour, on game day
- a Facebook/Instagram ad you can launch before kickoff— copy, audience, budget
- a day-of plan: when to staff up, what to stock, what to price up
- the single move with the highest projected revenue for Ducky McShweeney’s Pub

Worth taking a look? I can send over a quick Ducky McShweeney’s Pub snapshot today with the key numbers and the clearest opportunity we see.

If it's useful, 15 minutes on Zoom and I'll show you how to deploy it.

Cheers,
Lucas","Hi Ducky McShweeney’s Pub team,

There's a World Cup game 5.1 miles from Ducky McShweeney’s Pub, in less than 50 days, and 2× NRG Stadium (145K) worth of fans coming to Houston.

We're CrowdReady - a group of data scientists building actionable reports for Houston businesses. We pulled the numbers for Ducky McShweeney’s Pub specifically:

- who's coming (countries, ages, spending profile)
- when they'll be near you, hour by hour, on game day
- a Facebook/Instagram ad you can launch before kickoff— copy, audience, budget
- a day-of plan: when to staff up, what to stock, what to price up
- the single move with the highest projected revenue for Ducky McShweeney’s Pub

Worth taking a look? I can send over a quick Ducky McShweeney’s Pub snapshot today with the key numbers and the clearest opportunity we see.

If it's useful, 15 minutes on Zoom and I'll show you how to deploy it.

Cheers,
Anthony","Hi Ducky McShweeney’s Pub team,

There's a World Cup game 5.1 miles from Ducky McShweeney’s Pub, in less than 50 days, and 2× NRG Stadium (145K) worth of fans coming to Houston.

We're CrowdReady - a group of data scientists building actionable reports for Houston businesses. We pulled the numbers for Ducky McShweeney’s Pub specifically:

- who's coming (countries, ages, spending profile)
- when they'll be near you, hour by hour, on game day
- a Facebook/Instagram ad you can launch before kickoff— copy, audience, budget
- a day-of plan: when to staff up, what to stock, what to price up
- the single move with the highest projected revenue for Ducky McShweeney’s Pub

Worth taking a look? I can send over a quick Ducky McShweeney’s Pub snapshot today with the key numbers and the clearest opportunity we see.

If it's useful, 15 minutes on Zoom and I'll show you how to deploy it.

Cheers,
Jacob",
FALSE,FALSE,McGonigel's Mucky Duck,sports_bar,"2425 Norfolk St, Houston, TX 77098, USA",Houston,USA,+1 713-528-5999,https://www.mcgonigels.com/,theduck@mcgonigels.com,valid,scraped_website,100,4.7,1093,google_places_enriched,texas_live_zone,3.3 miles,"Hi McGonigel's Mucky Duck team,

There's a World Cup game 3.3 miles from McGonigel's Mucky Duck, in less than 50 days, and 2× NRG Stadium (145K) worth of fans coming to Houston.

We're CrowdReady - a group of data scientists building actionable reports for Houston businesses. We pulled the numbers for McGonigel's Mucky Duck specifically:

- who's coming (countries, ages, spending profile)
- when they'll be near you, hour by hour, on game day
- a Facebook/Instagram ad you can launch before kickoff— copy, audience, budget
- a day-of plan: when to staff up, what to stock, what to price up
- the single move with the highest projected revenue for McGonigel's Mucky Duck

Worth taking a look? I can send over a quick McGonigel's Mucky Duck snapshot today with the key numbers and the clearest opportunity we see.

If it's useful, 15 minutes on Zoom and I'll show you how to deploy it.

Cheers,
Lucas","Hi McGonigel's Mucky Duck team,

There's a World Cup game 3.3 miles from McGonigel's Mucky Duck, in less than 50 days, and 2× NRG Stadium (145K) worth of fans coming to Houston.

We're CrowdReady - a group of data scientists building actionable reports for Houston businesses. We pulled the numbers for McGonigel's Mucky Duck specifically:

- who's coming (countries, ages, spending profile)
- when they'll be near you, hour by hour, on game day
- a Facebook/Instagram ad you can launch before kickoff— copy, audience, budget
- a day-of plan: when to staff up, what to stock, what to price up
- the single move with the highest projected revenue for McGonigel's Mucky Duck

Worth taking a look? I can send over a quick McGonigel's Mucky Duck snapshot today with the key numbers and the clearest opportunity we see.

If it's useful, 15 minutes on Zoom and I'll show you how to deploy it.

Cheers,
Anthony","Hi McGonigel's Mucky Duck team,

There's a World Cup game 3.3 miles from McGonigel's Mucky Duck, in less than 50 days, and 2× NRG Stadium (145K) worth of fans coming to Houston.

We're CrowdReady - a group of data scientists building actionable reports for Houston businesses. We pulled the numbers for McGonigel's Mucky Duck specifically:

- who's coming (countries, ages, spending profile)
- when they'll be near you, hour by hour, on game day
- a Facebook/Instagram ad you can launch before kickoff— copy, audience, budget
- a day-of plan: when to staff up, what to stock, what to price up
- the single move with the highest projected revenue for McGonigel's Mucky Duck

Worth taking a look? I can send over a quick McGonigel's Mucky Duck snapshot today with the key numbers and the clearest opportunity we see.

If it's useful, 15 minutes on Zoom and I'll show you how to deploy it.

Cheers,
Jacob",
FALSE,FALSE,Hugh O'Connors,sports_bar,"7620 Katy Fwy #350, Houston, TX 77024, USA",Houston,USA,+1 832-430-4961,https://hughoconnors.com/,info@hughoconnors.com,valid,hunter_search,99,4.7,822,google_places_enriched,texas_live_zone,7.7 miles,"Hi Hugh O'Connors team,

There's a World Cup game 7.7 miles from Hugh O'Connors, in less than 50 days, and 2× NRG Stadium (145K) worth of fans coming to Houston.

We're CrowdReady - a group of data scientists building actionable reports for Houston businesses. We pulled the numbers for Hugh O'Connors specifically:

- who's coming (countries, ages, spending profile)
- when they'll be near you, hour by hour, on game day
- a Facebook/Instagram ad you can launch before kickoff— copy, audience, budget
- a day-of plan: when to staff up, what to stock, what to price up
- the single move with the highest projected revenue for Hugh O'Connors

Worth taking a look? I can send over a quick Hugh O'Connors snapshot today with the key numbers and the clearest opportunity we see.

If it's useful, 15 minutes on Zoom and I'll show you how to deploy it.

Cheers,
Lucas","Hi Hugh O'Connors team,

There's a World Cup game 7.7 miles from Hugh O'Connors, in less than 50 days, and 2× NRG Stadium (145K) worth of fans coming to Houston.

We're CrowdReady - a group of data scientists building actionable reports for Houston businesses. We pulled the numbers for Hugh O'Connors specifically:

- who's coming (countries, ages, spending profile)
- when they'll be near you, hour by hour, on game day
- a Facebook/Instagram ad you can launch before kickoff— copy, audience, budget
- a day-of plan: when to staff up, what to stock, what to price up
- the single move with the highest projected revenue for Hugh O'Connors

Worth taking a look? I can send over a quick Hugh O'Connors snapshot today with the key numbers and the clearest opportunity we see.

If it's useful, 15 minutes on Zoom and I'll show you how to deploy it.

Cheers,
Anthony","Hi Hugh O'Connors team,

There's a World Cup game 7.7 miles from Hugh O'Connors, in less than 50 days, and 2× NRG Stadium (145K) worth of fans coming to Houston.

We're CrowdReady - a group of data scientists building actionable reports for Houston businesses. We pulled the numbers for Hugh O'Connors specifically:

- who's coming (countries, ages, spending profile)
- when they'll be near you, hour by hour, on game day
- a Facebook/Instagram ad you can launch before kickoff— copy, audience, budget
- a day-of plan: when to staff up, what to stock, what to price up
- the single move with the highest projected revenue for Hugh O'Connors

Worth taking a look? I can send over a quick Hugh O'Connors snapshot today with the key numbers and the clearest opportunity we see.

If it's useful, 15 minutes on Zoom and I'll show you how to deploy it.

Cheers,
Jacob",
FALSE,FALSE,Main & Green,sports_bar,"6580 Fannin St, Houston, TX 77030, USA",Houston,USA,+1 713-770-8070,https://www.marriott.com/en-us/hotels/houmc-houston-marriott-medical-center-museum-district/dining/?scid=feed67b0-9a2f-4de1-8df6-114544116108,rosa.azuara@marriott.com,accept_all,hunter_search,94,4.1,8,google_places_enriched,texas_live_zone,1.8 miles,"Hi Main & Green team,

There's a World Cup game 1.8 miles from Main & Green, in less than 50 days, and 2× NRG Stadium (145K) worth of fans coming to Houston.

We're CrowdReady - a group of data scientists building actionable reports for Houston businesses. We pulled the numbers for Main & Green specifically:

- who's coming (countries, ages, spending profile)
- when they'll be near you, hour by hour, on game day
- a Facebook/Instagram ad you can launch before kickoff— copy, audience, budget
- a day-of plan: when to staff up, what to stock, what to price up
- the single move with the highest projected revenue for Main & Green

Worth taking a look? I can send over a quick Main & Green snapshot today with the key numbers and the clearest opportunity we see.

If it's useful, 15 minutes on Zoom and I'll show you how to deploy it.

Cheers,
Lucas","Hi Main & Green team,

There's a World Cup game 1.8 miles from Main & Green, in less than 50 days, and 2× NRG Stadium (145K) worth of fans coming to Houston.

We're CrowdReady - a group of data scientists building actionable reports for Houston businesses. We pulled the numbers for Main & Green specifically:

- who's coming (countries, ages, spending profile)
- when they'll be near you, hour by hour, on game day
- a Facebook/Instagram ad you can launch before kickoff— copy, audience, budget
- a day-of plan: when to staff up, what to stock, what to price up
- the single move with the highest projected revenue for Main & Green

Worth taking a look? I can send over a quick Main & Green snapshot today with the key numbers and the clearest opportunity we see.

If it's useful, 15 minutes on Zoom and I'll show you how to deploy it.

Cheers,
Anthony","Hi Main & Green team,

There's a World Cup game 1.8 miles from Main & Green, in less than 50 days, and 2× NRG Stadium (145K) worth of fans coming to Houston.

We're CrowdReady - a group of data scientists building actionable reports for Houston businesses. We pulled the numbers for Main & Green specifically:

- who's coming (countries, ages, spending profile)
- when they'll be near you, hour by hour, on game day
- a Facebook/Instagram ad you can launch before kickoff— copy, audience, budget
- a day-of plan: when to staff up, what to stock, what to price up
- the single move with the highest projected revenue for Main & Green

Worth taking a look? I can send over a quick Main & Green snapshot today with the key numbers and the clearest opportunity we see.

If it's useful, 15 minutes on Zoom and I'll show you how to deploy it.

Cheers,
Jacob",
FALSE,FALSE,La Colombe d'Or hotel,hotel_bar,"3410 Montrose Blvd, Houston, TX 77006, USA",Houston,USA,+1 713-524-7999,https://www.lacolombedor.com/,info@lacolombedor.com,valid,scraped_website,90,4.6,268,google_places_enriched,arlington_hotels_zone,4.1 miles,"Hi La Colombe d'Or hotel team,

There's a World Cup game 4.1 miles from La Colombe d'Or hotel, in less than 50 days, and 2× NRG Stadium (145K) worth of fans coming to Houston.

We're CrowdReady - a group of data scientists building actionable reports for Houston businesses. We pulled the numbers for La Colombe d'Or hotel specifically:

- who's coming (countries, ages, spending profile)
- when they'll be near you, hour by hour, on game day
- a Facebook/Instagram ad you can launch before kickoff— copy, audience, budget
- a day-of plan: when to staff up, what to stock, what to price up
- the single move with the highest projected revenue for La Colombe d'Or hotel

Worth taking a look? I can send over a quick La Colombe d'Or hotel snapshot today with the key numbers and the clearest opportunity we see.

If it's useful, 15 minutes on Zoom and I'll show you how to deploy it.

Cheers,
Lucas","Hi La Colombe d'Or hotel team,

There's a World Cup game 4.1 miles from La Colombe d'Or hotel, in less than 50 days, and 2× NRG Stadium (145K) worth of fans coming to Houston.

We're CrowdReady - a group of data scientists building actionable reports for Houston businesses. We pulled the numbers for La Colombe d'Or hotel specifically:

- who's coming (countries, ages, spending profile)
- when they'll be near you, hour by hour, on game day
- a Facebook/Instagram ad you can launch before kickoff— copy, audience, budget
- a day-of plan: when to staff up, what to stock, what to price up
- the single move with the highest projected revenue for La Colombe d'Or hotel

Worth taking a look? I can send over a quick La Colombe d'Or hotel snapshot today with the key numbers and the clearest opportunity we see.

If it's useful, 15 minutes on Zoom and I'll show you how to deploy it.

Cheers,
Anthony","Hi La Colombe d'Or hotel team,

There's a World Cup game 4.1 miles from La Colombe d'Or hotel, in less than 50 days, and 2× NRG Stadium (145K) worth of fans coming to Houston.

We're CrowdReady - a group of data scientists building actionable reports for Houston businesses. We pulled the numbers for La Colombe d'Or hotel specifically:

- who's coming (countries, ages, spending profile)
- when they'll be near you, hour by hour, on game day
- a Facebook/Instagram ad you can launch before kickoff— copy, audience, budget
- a day-of plan: when to staff up, what to stock, what to price up
- the single move with the highest projected revenue for La Colombe d'Or hotel

Worth taking a look? I can send over a quick La Colombe d'Or hotel snapshot today with the key numbers and the clearest opportunity we see.

If it's useful, 15 minutes on Zoom and I'll show you how to deploy it.

Cheers,
Jacob",
FALSE,FALSE,Rotary House Hotel,hotel,"1600 Holcombe Blvd, Houston, TX 77030, USA",Houston,USA,+1 713-790-1600,https://www.mdanderson.org/patients-family/becoming-our-patient/getting-to-md-anderson/traveling-to-houston/rotary-house-international.html,jvanterpool@mdanderson.org,accept_all,hunter_search,94,4.7,1299,google_places_enriched,arlington_hotels_zone,1.7 miles,"Hi Rotary House Hotel team,

There's a World Cup game 1.7 miles from Rotary House Hotel, in less than 50 days, and 2× NRG Stadium (145K) worth of fans coming to Houston.

We're CrowdReady - a group of data scientists building actionable reports for Houston businesses. We pulled the numbers for Rotary House Hotel specifically:

- who's coming (countries, ages, spending profile)
- when they'll be near you, hour by hour, on game day
- a Facebook/Instagram ad you can launch before kickoff— copy, audience, budget
- a day-of plan: when to staff up, what to stock, what to price up
- the single move with the highest projected revenue for Rotary House Hotel

Worth taking a look? I can send over a quick Rotary House Hotel snapshot today with the key numbers and the clearest opportunity we see.

If it's useful, 15 minutes on Zoom and I'll show you how to deploy it.

Cheers,
Lucas","Hi Rotary House Hotel team,

There's a World Cup game 1.7 miles from Rotary House Hotel, in less than 50 days, and 2× NRG Stadium (145K) worth of fans coming to Houston.

We're CrowdReady - a group of data scientists building actionable reports for Houston businesses. We pulled the numbers for Rotary House Hotel specifically:

- who's coming (countries, ages, spending profile)
- when they'll be near you, hour by hour, on game day
- a Facebook/Instagram ad you can launch before kickoff— copy, audience, budget
- a day-of plan: when to staff up, what to stock, what to price up
- the single move with the highest projected revenue for Rotary House Hotel

Worth taking a look? I can send over a quick Rotary House Hotel snapshot today with the key numbers and the clearest opportunity we see.

If it's useful, 15 minutes on Zoom and I'll show you how to deploy it.

Cheers,
Anthony","Hi Rotary House Hotel team,

There's a World Cup game 1.7 miles from Rotary House Hotel, in less than 50 days, and 2× NRG Stadium (145K) worth of fans coming to Houston.

We're CrowdReady - a group of data scientists building actionable reports for Houston businesses. We pulled the numbers for Rotary House Hotel specifically:

- who's coming (countries, ages, spending profile)
- when they'll be near you, hour by hour, on game day
- a Facebook/Instagram ad you can launch before kickoff— copy, audience, budget
- a day-of plan: when to staff up, what to stock, what to price up
- the single move with the highest projected revenue for Rotary House Hotel

Worth taking a look? I can send over a quick Rotary House Hotel snapshot today with the key numbers and the clearest opportunity we see.

If it's useful, 15 minutes on Zoom and I'll show you how to deploy it.

Cheers,
Jacob",
FALSE,FALSE,Hotel Granduca,hotel_bar,"1080 Uptown Park Blvd, Houston, TX 77056, USA",Houston,USA,+1 713-418-1000,https://www.granducahouston.com/,sales@granducahouston.com,valid,scraped_website,100,4.5,760,google_places_enriched,arlington_hotels_zone,5.8 miles,"Hi Hotel Granduca team,

There's a World Cup game 5.8 miles from Hotel Granduca, in less than 50 days, and 2× NRG Stadium (145K) worth of fans coming to Houston.

We're CrowdReady - a group of data scientists building actionable reports for Houston businesses. We pulled the numbers for Hotel Granduca specifically:

- who's coming (countries, ages, spending profile)
- when they'll be near you, hour by hour, on game day
- a Facebook/Instagram ad you can launch before kickoff— copy, audience, budget
- a day-of plan: when to staff up, what to stock, what to price up
- the single move with the highest projected revenue for Hotel Granduca

Worth taking a look? I can send over a quick Hotel Granduca snapshot today with the key numbers and the clearest opportunity we see.

If it's useful, 15 minutes on Zoom and I'll show you how to deploy it.

Cheers,
Lucas","Hi Hotel Granduca team,

There's a World Cup game 5.8 miles from Hotel Granduca, in less than 50 days, and 2× NRG Stadium (145K) worth of fans coming to Houston.

We're CrowdReady - a group of data scientists building actionable reports for Houston businesses. We pulled the numbers for Hotel Granduca specifically:

- who's coming (countries, ages, spending profile)
- when they'll be near you, hour by hour, on game day
- a Facebook/Instagram ad you can launch before kickoff— copy, audience, budget
- a day-of plan: when to staff up, what to stock, what to price up
- the single move with the highest projected revenue for Hotel Granduca

Worth taking a look? I can send over a quick Hotel Granduca snapshot today with the key numbers and the clearest opportunity we see.

If it's useful, 15 minutes on Zoom and I'll show you how to deploy it.

Cheers,
Anthony","Hi Hotel Granduca team,

There's a World Cup game 5.8 miles from Hotel Granduca, in less than 50 days, and 2× NRG Stadium (145K) worth of fans coming to Houston.

We're CrowdReady - a group of data scientists building actionable reports for Houston businesses. We pulled the numbers for Hotel Granduca specifically:

- who's coming (countries, ages, spending profile)
- when they'll be near you, hour by hour, on game day
- a Facebook/Instagram ad you can launch before kickoff— copy, audience, budget
- a day-of plan: when to staff up, what to stock, what to price up
- the single move with the highest projected revenue for Hotel Granduca

Worth taking a look? I can send over a quick Hotel Granduca snapshot today with the key numbers and the clearest opportunity we see.

If it's useful, 15 minutes on Zoom and I'll show you how to deploy it.

Cheers,
Jacob",
FALSE,FALSE,Houston Towers Inn,hotel,"2309 Wichita St, Houston, TX 77004, USA",Houston,USA,+1 713-900-7007,http://www.houstontowers.com/,stay@houstontowers.com,accept_all,scraped_website,82,4.3,127,google_places_enriched,arlington_hotels_zone,3.4 miles,"Hi Houston Towers Inn team,

There's a World Cup game 3.4 miles from Houston Towers Inn, in less than 50 days, and 2× NRG Stadium (145K) worth of fans coming to Houston.

We're CrowdReady - a group of data scientists building actionable reports for Houston businesses. We pulled the numbers for Houston Towers Inn specifically:

- who's coming (countries, ages, spending profile)
- when they'll be near you, hour by hour, on game day
- a Facebook/Instagram ad you can launch before kickoff— copy, audience, budget
- a day-of plan: when to staff up, what to stock, what to price up
- the single move with the highest projected revenue for Houston Towers Inn

Worth taking a look? I can send over a quick Houston Towers Inn snapshot today with the key numbers and the clearest opportunity we see.

If it's useful, 15 minutes on Zoom and I'll show you how to deploy it.

Cheers,
Lucas","Hi Houston Towers Inn team,

There's a World Cup game 3.4 miles from Houston Towers Inn, in less than 50 days, and 2× NRG Stadium (145K) worth of fans coming to Houston.

We're CrowdReady - a group of data scientists building actionable reports for Houston businesses. We pulled the numbers for Houston Towers Inn specifically:

- who's coming (countries, ages, spending profile)
- when they'll be near you, hour by hour, on game day
- a Facebook/Instagram ad you can launch before kickoff— copy, audience, budget
- a day-of plan: when to staff up, what to stock, what to price up
- the single move with the highest projected revenue for Houston Towers Inn

Worth taking a look? I can send over a quick Houston Towers Inn snapshot today with the key numbers and the clearest opportunity we see.

If it's useful, 15 minutes on Zoom and I'll show you how to deploy it.

Cheers,
Anthony","Hi Houston Towers Inn team,

There's a World Cup game 3.4 miles from Houston Towers Inn, in less than 50 days, and 2× NRG Stadium (145K) worth of fans coming to Houston.

We're CrowdReady - a group of data scientists building actionable reports for Houston businesses. We pulled the numbers for Houston Towers Inn specifically:

- who's coming (countries, ages, spending profile)
- when they'll be near you, hour by hour, on game day
- a Facebook/Instagram ad you can launch before kickoff— copy, audience, budget
- a day-of plan: when to staff up, what to stock, what to price up
- the single move with the highest projected revenue for Houston Towers Inn

Worth taking a look? I can send over a quick Houston Towers Inn snapshot today with the key numbers and the clearest opportunity we see.

If it's useful, 15 minutes on Zoom and I'll show you how to deploy it.

Cheers,
Jacob",
FALSE,FALSE,Home Place Inn Medical Center,hotel,"10000 S Main St, Houston, TX 77025, USA",Houston,USA,+1 713-239-2818,http://www.homeplaceinnmedicalcenter.com/,stay@homeplaceinnmedicalcenter.com,accept_all,scraped_website,81,4.2,204,google_places_enriched,arlington_hotels_zone,1.2 miles,"Hi Home Place Inn Medical Center team,

There's a World Cup game 1.2 miles from Home Place Inn Medical Center, in less than 50 days, and 2× NRG Stadium (145K) worth of fans coming to Houston.

We're CrowdReady - a group of data scientists building actionable reports for Houston businesses. We pulled the numbers for Home Place Inn Medical Center specifically:

- who's coming (countries, ages, spending profile)
- when they'll be near you, hour by hour, on game day
- a Facebook/Instagram ad you can launch before kickoff— copy, audience, budget
- a day-of plan: when to staff up, what to stock, what to price up
- the single move with the highest projected revenue for Home Place Inn Medical Center

Worth taking a look? I can send over a quick Home Place Inn Medical Center snapshot today with the key numbers and the clearest opportunity we see.

If it's useful, 15 minutes on Zoom and I'll show you how to deploy it.

Cheers,
Lucas","Hi Home Place Inn Medical Center team,

There's a World Cup game 1.2 miles from Home Place Inn Medical Center, in less than 50 days, and 2× NRG Stadium (145K) worth of fans coming to Houston.

We're CrowdReady - a group of data scientists building actionable reports for Houston businesses. We pulled the numbers for Home Place Inn Medical Center specifically:

- who's coming (countries, ages, spending profile)
- when they'll be near you, hour by hour, on game day
- a Facebook/Instagram ad you can launch before kickoff— copy, audience, budget
- a day-of plan: when to staff up, what to stock, what to price up
- the single move with the highest projected revenue for Home Place Inn Medical Center

Worth taking a look? I can send over a quick Home Place Inn Medical Center snapshot today with the key numbers and the clearest opportunity we see.

If it's useful, 15 minutes on Zoom and I'll show you how to deploy it.

Cheers,
Anthony","Hi Home Place Inn Medical Center team,

There's a World Cup game 1.2 miles from Home Place Inn Medical Center, in less than 50 days, and 2× NRG Stadium (145K) worth of fans coming to Houston.

We're CrowdReady - a group of data scientists building actionable reports for Houston businesses. We pulled the numbers for Home Place Inn Medical Center specifically:

- who's coming (countries, ages, spending profile)
- when they'll be near you, hour by hour, on game day
- a Facebook/Instagram ad you can launch before kickoff— copy, audience, budget
- a day-of plan: when to staff up, what to stock, what to price up
- the single move with the highest projected revenue for Home Place Inn Medical Center

Worth taking a look? I can send over a quick Home Place Inn Medical Center snapshot today with the key numbers and the clearest opportunity we see.

If it's useful, 15 minutes on Zoom and I'll show you how to deploy it.

Cheers,
Jacob",
FALSE,FALSE,The Moran Hotel CITYCENTRE,hotel,"800 Sorella Ct, Houston, TX 77024, USA",Houston,USA,+1 713-973-1600,https://themoranhotel.com/?utm_source=google&utm_medium=organic&utm_campaign=gmb,christian.cardenas@themoranhotel.com,valid,hunter_search,99,4.4,1844,google_places_enriched,las_colinas_zone,11 miles,"Hi The Moran Hotel CITYCENTRE team,

There's a World Cup game 11 miles from The Moran Hotel CITYCENTRE, in less than 50 days, and 2× NRG Stadium (145K) worth of fans coming to Houston.

We're CrowdReady - a group of data scientists building actionable reports for Houston businesses. We pulled the numbers for The Moran Hotel CITYCENTRE specifically:

- who's coming (countries, ages, spending profile)
- when they'll be near you, hour by hour, on game day
- a Facebook/Instagram ad you can launch before kickoff— copy, audience, budget
- a day-of plan: when to staff up, what to stock, what to price up
- the single move with the highest projected revenue for The Moran Hotel CITYCENTRE

Worth taking a look? I can send over a quick The Moran Hotel CITYCENTRE snapshot today with the key numbers and the clearest opportunity we see.

If it's useful, 15 minutes on Zoom and I'll show you how to deploy it.

Cheers,
Lucas","Hi The Moran Hotel CITYCENTRE team,

There's a World Cup game 11 miles from The Moran Hotel CITYCENTRE, in less than 50 days, and 2× NRG Stadium (145K) worth of fans coming to Houston.

We're CrowdReady - a group of data scientists building actionable reports for Houston businesses. We pulled the numbers for The Moran Hotel CITYCENTRE specifically:

- who's coming (countries, ages, spending profile)
- when they'll be near you, hour by hour, on game day
- a Facebook/Instagram ad you can launch before kickoff— copy, audience, budget
- a day-of plan: when to staff up, what to stock, what to price up
- the single move with the highest projected revenue for The Moran Hotel CITYCENTRE

Worth taking a look? I can send over a quick The Moran Hotel CITYCENTRE snapshot today with the key numbers and the clearest opportunity we see.

If it's useful, 15 minutes on Zoom and I'll show you how to deploy it.

Cheers,
Anthony","Hi The Moran Hotel CITYCENTRE team,

There's a World Cup game 11 miles from The Moran Hotel CITYCENTRE, in less than 50 days, and 2× NRG Stadium (145K) worth of fans coming to Houston.

We're CrowdReady - a group of data scientists building actionable reports for Houston businesses. We pulled the numbers for The Moran Hotel CITYCENTRE specifically:

- who's coming (countries, ages, spending profile)
- when they'll be near you, hour by hour, on game day
- a Facebook/Instagram ad you can launch before kickoff— copy, audience, budget
- a day-of plan: when to staff up, what to stock, what to price up
- the single move with the highest projected revenue for The Moran Hotel CITYCENTRE

Worth taking a look? I can send over a quick The Moran Hotel CITYCENTRE snapshot today with the key numbers and the clearest opportunity we see.

If it's useful, 15 minutes on Zoom and I'll show you how to deploy it.

Cheers,
Jacob",
FALSE,FALSE,Hotel ZaZa Houston Memorial City,hotel,"9787 Katy Fwy, Houston, TX 77024, USA",Houston,USA,+1 713-465-9292,https://www.hotelzaza.com/houston-memorial-city?utm_campaign=Google%20My%20Business&utm_source=google&utm_medium=Local%20Search,akhan@hotelzaza.com,valid,hunter_search,99,4.5,1240,google_places_enriched,las_colinas_zone,10 miles,"Hi Hotel ZaZa Houston Memorial City team,

There's a World Cup game 10 miles from Hotel ZaZa Houston Memorial City, in less than 50 days, and 2× NRG Stadium (145K) worth of fans coming to Houston.

We're CrowdReady - a group of data scientists building actionable reports for Houston businesses. We pulled the numbers for Hotel ZaZa Houston Memorial City specifically:

- who's coming (countries, ages, spending profile)
- when they'll be near you, hour by hour, on game day
- a Facebook/Instagram ad you can launch before kickoff— copy, audience, budget
- a day-of plan: when to staff up, what to stock, what to price up
- the single move with the highest projected revenue for Hotel ZaZa Houston Memorial City

Worth taking a look? I can send over a quick Hotel ZaZa Houston Memorial City snapshot today with the key numbers and the clearest opportunity we see.

If it's useful, 15 minutes on Zoom and I'll show you how to deploy it.

Cheers,
Lucas","Hi Hotel ZaZa Houston Memorial City team,

There's a World Cup game 10 miles from Hotel ZaZa Houston Memorial City, in less than 50 days, and 2× NRG Stadium (145K) worth of fans coming to Houston.

We're CrowdReady - a group of data scientists building actionable reports for Houston businesses. We pulled the numbers for Hotel ZaZa Houston Memorial City specifically:

- who's coming (countries, ages, spending profile)
- when they'll be near you, hour by hour, on game day
- a Facebook/Instagram ad you can launch before kickoff— copy, audience, budget
- a day-of plan: when to staff up, what to stock, what to price up
- the single move with the highest projected revenue for Hotel ZaZa Houston Memorial City

Worth taking a look? I can send over a quick Hotel ZaZa Houston Memorial City snapshot today with the key numbers and the clearest opportunity we see.

If it's useful, 15 minutes on Zoom and I'll show you how to deploy it.

Cheers,
Anthony","Hi Hotel ZaZa Houston Memorial City team,

There's a World Cup game 10 miles from Hotel ZaZa Houston Memorial City, in less than 50 days, and 2× NRG Stadium (145K) worth of fans coming to Houston.

We're CrowdReady - a group of data scientists building actionable reports for Houston businesses. We pulled the numbers for Hotel ZaZa Houston Memorial City specifically:

- who's coming (countries, ages, spending profile)
- when they'll be near you, hour by hour, on game day
- a Facebook/Instagram ad you can launch before kickoff— copy, audience, budget
- a day-of plan: when to staff up, what to stock, what to price up
- the single move with the highest projected revenue for Hotel ZaZa Houston Memorial City

Worth taking a look? I can send over a quick Hotel ZaZa Houston Memorial City snapshot today with the key numbers and the clearest opportunity we see.

If it's useful, 15 minutes on Zoom and I'll show you how to deploy it.

Cheers,
Jacob",
FALSE,FALSE,The Lancaster Hotel,hotel,"701 Texas Ave, Houston, TX 77002, USA",Houston,USA,+1 713-228-9500,https://thelancaster.com/,concierge@thelancaster.com,valid,scraped_website,100,4.7,973,google_places_enriched,las_colinas_zone,6.0 miles,"Hi The Lancaster Hotel team,

There's a World Cup game 6.0 miles from The Lancaster Hotel, in less than 50 days, and 2× NRG Stadium (145K) worth of fans coming to Houston.

We're CrowdReady - a group of data scientists building actionable reports for Houston businesses. We pulled the numbers for The Lancaster Hotel specifically:

- who's coming (countries, ages, spending profile)
- when they'll be near you, hour by hour, on game day
- a Facebook/Instagram ad you can launch before kickoff— copy, audience, budget
- a day-of plan: when to staff up, what to stock, what to price up
- the single move with the highest projected revenue for The Lancaster Hotel

Worth taking a look? I can send over a quick The Lancaster Hotel snapshot today with the key numbers and the clearest opportunity we see.

If it's useful, 15 minutes on Zoom and I'll show you how to deploy it.

Cheers,
Lucas","Hi The Lancaster Hotel team,

There's a World Cup game 6.0 miles from The Lancaster Hotel, in less than 50 days, and 2× NRG Stadium (145K) worth of fans coming to Houston.

We're CrowdReady - a group of data scientists building actionable reports for Houston businesses. We pulled the numbers for The Lancaster Hotel specifically:

- who's coming (countries, ages, spending profile)
- when they'll be near you, hour by hour, on game day
- a Facebook/Instagram ad you can launch before kickoff— copy, audience, budget
- a day-of plan: when to staff up, what to stock, what to price up
- the single move with the highest projected revenue for The Lancaster Hotel

Worth taking a look? I can send over a quick The Lancaster Hotel snapshot today with the key numbers and the clearest opportunity we see.

If it's useful, 15 minutes on Zoom and I'll show you how to deploy it.

Cheers,
Anthony","Hi The Lancaster Hotel team,

There's a World Cup game 6.0 miles from The Lancaster Hotel, in less than 50 days, and 2× NRG Stadium (145K) worth of fans coming to Houston.

We're CrowdReady - a group of data scientists building actionable reports for Houston businesses. We pulled the numbers for The Lancaster Hotel specifically:

- who's coming (countries, ages, spending profile)
- when they'll be near you, hour by hour, on game day
- a Facebook/Instagram ad you can launch before kickoff— copy, audience, budget
- a day-of plan: when to staff up, what to stock, what to price up
- the single move with the highest projected revenue for The Lancaster Hotel

Worth taking a look? I can send over a quick The Lancaster Hotel snapshot today with the key numbers and the clearest opportunity we see.

If it's useful, 15 minutes on Zoom and I'll show you how to deploy it.

Cheers,
Jacob",
FALSE,FALSE,Sara's Inn on the Boulevard,hotel,"941 Heights Blvd, Houston, TX 77008, USA",Houston,USA,+1 713-868-1130,http://www.saras.com/,events@saras.com,valid,scraped_website,100,4.7,265,google_places_enriched,las_colinas_zone,7.2 miles,"Hi Sara's Inn on the Boulevard team,

There's a World Cup game 7.2 miles from Sara's Inn on the Boulevard, in less than 50 days, and 2× NRG Stadium (145K) worth of fans coming to Houston.

We're CrowdReady - a group of data scientists building actionable reports for Houston businesses. We pulled the numbers for Sara's Inn on the Boulevard specifically:

- who's coming (countries, ages, spending profile)
- when they'll be near you, hour by hour, on game day
- a Facebook/Instagram ad you can launch before kickoff— copy, audience, budget
- a day-of plan: when to staff up, what to stock, what to price up
- the single move with the highest projected revenue for Sara's Inn on the Boulevard

Worth taking a look? I can send over a quick Sara's Inn on the Boulevard snapshot today with the key numbers and the clearest opportunity we see.

If it's useful, 15 minutes on Zoom and I'll show you how to deploy it.

Cheers,
Lucas","Hi Sara's Inn on the Boulevard team,

There's a World Cup game 7.2 miles from Sara's Inn on the Boulevard, in less than 50 days, and 2× NRG Stadium (145K) worth of fans coming to Houston.

We're CrowdReady - a group of data scientists building actionable reports for Houston businesses. We pulled the numbers for Sara's Inn on the Boulevard specifically:

- who's coming (countries, ages, spending profile)
- when they'll be near you, hour by hour, on game day
- a Facebook/Instagram ad you can launch before kickoff— copy, audience, budget
- a day-of plan: when to staff up, what to stock, what to price up
- the single move with the highest projected revenue for Sara's Inn on the Boulevard

Worth taking a look? I can send over a quick Sara's Inn on the Boulevard snapshot today with the key numbers and the clearest opportunity we see.

If it's useful, 15 minutes on Zoom and I'll show you how to deploy it.

Cheers,
Anthony","Hi Sara's Inn on the Boulevard team,

There's a World Cup game 7.2 miles from Sara's Inn on the Boulevard, in less than 50 days, and 2× NRG Stadium (145K) worth of fans coming to Houston.

We're CrowdReady - a group of data scientists building actionable reports for Houston businesses. We pulled the numbers for Sara's Inn on the Boulevard specifically:

- who's coming (countries, ages, spending profile)
- when they'll be near you, hour by hour, on game day
- a Facebook/Instagram ad you can launch before kickoff— copy, audience, budget
- a day-of plan: when to staff up, what to stock, what to price up
- the single move with the highest projected revenue for Sara's Inn on the Boulevard

Worth taking a look? I can send over a quick Sara's Inn on the Boulevard snapshot today with the key numbers and the clearest opportunity we see.

If it's useful, 15 minutes on Zoom and I'll show you how to deploy it.

Cheers,
Jacob",
FALSE,FALSE,"The Houstonian Hotel, Club & Spa",hotel,"111 N Post Oak Ln, Houston, TX 77024, USA",Houston,USA,+1 713-680-2626,https://www.houstonian.com/?utm_source=GMB&utm_medium=Search&utm_campaign=Hotel,reservations@houstonian.com,accept_all,scraped_website,81,4.6,2073,google_places_enriched,las_colinas_zone,6.5 miles,"Hi The Houstonian Hotel, Club & Spa team,

There's a World Cup game 6.5 miles from The Houstonian Hotel, Club & Spa, in less than 50 days, and 2× NRG Stadium (145K) worth of fans coming to Houston.

We're CrowdReady - a group of data scientists building actionable reports for Houston businesses. We pulled the numbers for The Houstonian Hotel, Club & Spa specifically:

- who's coming (countries, ages, spending profile)
- when they'll be near you, hour by hour, on game day
- a Facebook/Instagram ad you can launch before kickoff— copy, audience, budget
- a day-of plan: when to staff up, what to stock, what to price up
- the single move with the highest projected revenue for The Houstonian Hotel, Club & Spa

Worth taking a look? I can send over a quick The Houstonian Hotel, Club & Spa snapshot today with the key numbers and the clearest opportunity we see.

If it's useful, 15 minutes on Zoom and I'll show you how to deploy it.

Cheers,
Lucas","Hi The Houstonian Hotel, Club & Spa team,

There's a World Cup game 6.5 miles from The Houstonian Hotel, Club & Spa, in less than 50 days, and 2× NRG Stadium (145K) worth of fans coming to Houston.

We're CrowdReady - a group of data scientists building actionable reports for Houston businesses. We pulled the numbers for The Houstonian Hotel, Club & Spa specifically:

- who's coming (countries, ages, spending profile)
- when they'll be near you, hour by hour, on game day
- a Facebook/Instagram ad you can launch before kickoff— copy, audience, budget
- a day-of plan: when to staff up, what to stock, what to price up
- the single move with the highest projected revenue for The Houstonian Hotel, Club & Spa

Worth taking a look? I can send over a quick The Houstonian Hotel, Club & Spa snapshot today with the key numbers and the clearest opportunity we see.

If it's useful, 15 minutes on Zoom and I'll show you how to deploy it.

Cheers,
Anthony","Hi The Houstonian Hotel, Club & Spa team,

There's a World Cup game 6.5 miles from The Houstonian Hotel, Club & Spa, in less than 50 days, and 2× NRG Stadium (145K) worth of fans coming to Houston.

We're CrowdReady - a group of data scientists building actionable reports for Houston businesses. We pulled the numbers for The Houstonian Hotel, Club & Spa specifically:

- who's coming (countries, ages, spending profile)
- when they'll be near you, hour by hour, on game day
- a Facebook/Instagram ad you can launch before kickoff— copy, audience, budget
- a day-of plan: when to staff up, what to stock, what to price up
- the single move with the highest projected revenue for The Houstonian Hotel, Club & Spa

Worth taking a look? I can send over a quick The Houstonian Hotel, Club & Spa snapshot today with the key numbers and the clearest opportunity we see.

If it's useful, 15 minutes on Zoom and I'll show you how to deploy it.

Cheers,
Jacob",
FALSE,FALSE,Hotel ZaZa Houston Museum District,hotel,"5701 Main St, Houston, TX 77005, USA",Houston,USA,+1 713-526-1991,https://www.hotelzaza.com/houston-museum-district?utm_campaign=Google%20My%20Business&utm_source=google&utm_medium=Local%20Search,akhan@hotelzaza.com,valid,hunter_search,99,4.5,3058,google_places_enriched,las_colinas_zone,3.0 miles,"Hi Hotel ZaZa Houston Museum District team,

There's a World Cup game 3.0 miles from Hotel ZaZa Houston Museum District, in less than 50 days, and 2× NRG Stadium (145K) worth of fans coming to Houston.

We're CrowdReady - a group of data scientists building actionable reports for Houston businesses. We pulled the numbers for Hotel ZaZa Houston Museum District specifically:

- who's coming (countries, ages, spending profile)
- when they'll be near you, hour by hour, on game day
- a Facebook/Instagram ad you can launch before kickoff— copy, audience, budget
- a day-of plan: when to staff up, what to stock, what to price up
- the single move with the highest projected revenue for Hotel ZaZa Houston Museum District

Worth taking a look? I can send over a quick Hotel ZaZa Houston Museum District snapshot today with the key numbers and the clearest opportunity we see.

If it's useful, 15 minutes on Zoom and I'll show you how to deploy it.

Cheers,
Lucas","Hi Hotel ZaZa Houston Museum District team,

There's a World Cup game 3.0 miles from Hotel ZaZa Houston Museum District, in less than 50 days, and 2× NRG Stadium (145K) worth of fans coming to Houston.

We're CrowdReady - a group of data scientists building actionable reports for Houston businesses. We pulled the numbers for Hotel ZaZa Houston Museum District specifically:

- who's coming (countries, ages, spending profile)
- when they'll be near you, hour by hour, on game day
- a Facebook/Instagram ad you can launch before kickoff— copy, audience, budget
- a day-of plan: when to staff up, what to stock, what to price up
- the single move with the highest projected revenue for Hotel ZaZa Houston Museum District

Worth taking a look? I can send over a quick Hotel ZaZa Houston Museum District snapshot today with the key numbers and the clearest opportunity we see.

If it's useful, 15 minutes on Zoom and I'll show you how to deploy it.

Cheers,
Anthony","Hi Hotel ZaZa Houston Museum District team,

There's a World Cup game 3.0 miles from Hotel ZaZa Houston Museum District, in less than 50 days, and 2× NRG Stadium (145K) worth of fans coming to Houston.

We're CrowdReady - a group of data scientists building actionable reports for Houston businesses. We pulled the numbers for Hotel ZaZa Houston Museum District specifically:

- who's coming (countries, ages, spending profile)
- when they'll be near you, hour by hour, on game day
- a Facebook/Instagram ad you can launch before kickoff— copy, audience, budget
- a day-of plan: when to staff up, what to stock, what to price up
- the single move with the highest projected revenue for Hotel ZaZa Houston Museum District

Worth taking a look? I can send over a quick Hotel ZaZa Houston Museum District snapshot today with the key numbers and the clearest opportunity we see.

If it's useful, 15 minutes on Zoom and I'll show you how to deploy it.

Cheers,
Jacob",
FALSE,FALSE,Signature Inn Houston Galleria,hotel,"9041 Westheimer Rd, Houston, TX 77063, USA",Houston,USA,+1 713-783-1400,https://www.sonesta.com/signature-inn/tx/houston/signature-inn-houston-galleria?utm_source=google&utm_medium=organic&utm_campaign=gmb,lellison@sonesta.com,accept_all,hunter_search,94,4.4,114,google_places_enriched,las_colinas_zone,7.7 miles,"Hi Signature Inn Houston Galleria team,

There's a World Cup game 7.7 miles from Signature Inn Houston Galleria, in less than 50 days, and 2× NRG Stadium (145K) worth of fans coming to Houston.

We're CrowdReady - a group of data scientists building actionable reports for Houston businesses. We pulled the numbers for Signature Inn Houston Galleria specifically:

- who's coming (countries, ages, spending profile)
- when they'll be near you, hour by hour, on game day
- a Facebook/Instagram ad you can launch before kickoff— copy, audience, budget
- a day-of plan: when to staff up, what to stock, what to price up
- the single move with the highest projected revenue for Signature Inn Houston Galleria

Worth taking a look? I can send over a quick Signature Inn Houston Galleria snapshot today with the key numbers and the clearest opportunity we see.

If it's useful, 15 minutes on Zoom and I'll show you how to deploy it.

Cheers,
Lucas","Hi Signature Inn Houston Galleria team,

There's a World Cup game 7.7 miles from Signature Inn Houston Galleria, in less than 50 days, and 2× NRG Stadium (145K) worth of fans coming to Houston.

We're CrowdReady - a group of data scientists building actionable reports for Houston businesses. We pulled the numbers for Signature Inn Houston Galleria specifically:

- who's coming (countries, ages, spending profile)
- when they'll be near you, hour by hour, on game day
- a Facebook/Instagram ad you can launch before kickoff— copy, audience, budget
- a day-of plan: when to staff up, what to stock, what to price up
- the single move with the highest projected revenue for Signature Inn Houston Galleria

Worth taking a look? I can send over a quick Signature Inn Houston Galleria snapshot today with the key numbers and the clearest opportunity we see.

If it's useful, 15 minutes on Zoom and I'll show you how to deploy it.

Cheers,
Anthony","Hi Signature Inn Houston Galleria team,

There's a World Cup game 7.7 miles from Signature Inn Houston Galleria, in less than 50 days, and 2× NRG Stadium (145K) worth of fans coming to Houston.

We're CrowdReady - a group of data scientists building actionable reports for Houston businesses. We pulled the numbers for Signature Inn Houston Galleria specifically:

- who's coming (countries, ages, spending profile)
- when they'll be near you, hour by hour, on game day
- a Facebook/Instagram ad you can launch before kickoff— copy, audience, budget
- a day-of plan: when to staff up, what to stock, what to price up
- the single move with the highest projected revenue for Signature Inn Houston Galleria

Worth taking a look? I can send over a quick Signature Inn Houston Galleria snapshot today with the key numbers and the clearest opportunity we see.

If it's useful, 15 minutes on Zoom and I'll show you how to deploy it.

Cheers,
Jacob",
FALSE,FALSE,Sonesta ES Suites Houston Galleria,hotel,"5190 Hidalgo St, Houston, TX 77056, USA",Houston,USA,+1 713-355-8888,https://www.sonesta.com/sonesta-es-suites/tx/houston/sonesta-es-suites-houston-galleria?utm_source=google&utm_medium=organic&utm_campaign=gmb,lellison@sonesta.com,accept_all,hunter_search,94,4.1,628,google_places_enriched,las_colinas_zone,4.8 miles,"Hi Sonesta ES Suites Houston Galleria team,

There's a World Cup game 4.8 miles from Sonesta ES Suites Houston Galleria, in less than 50 days, and 2× NRG Stadium (145K) worth of fans coming to Houston.

We're CrowdReady - a group of data scientists building actionable reports for Houston businesses. We pulled the numbers for Sonesta ES Suites Houston Galleria specifically:

- who's coming (countries, ages, spending profile)
- when they'll be near you, hour by hour, on game day
- a Facebook/Instagram ad you can launch before kickoff— copy, audience, budget
- a day-of plan: when to staff up, what to stock, what to price up
- the single move with the highest projected revenue for Sonesta ES Suites Houston Galleria

Worth taking a look? I can send over a quick Sonesta ES Suites Houston Galleria snapshot today with the key numbers and the clearest opportunity we see.

If it's useful, 15 minutes on Zoom and I'll show you how to deploy it.

Cheers,
Lucas","Hi Sonesta ES Suites Houston Galleria team,

There's a World Cup game 4.8 miles from Sonesta ES Suites Houston Galleria, in less than 50 days, and 2× NRG Stadium (145K) worth of fans coming to Houston.

We're CrowdReady - a group of data scientists building actionable reports for Houston businesses. We pulled the numbers for Sonesta ES Suites Houston Galleria specifically:

- who's coming (countries, ages, spending profile)
- when they'll be near you, hour by hour, on game day
- a Facebook/Instagram ad you can launch before kickoff— copy, audience, budget
- a day-of plan: when to staff up, what to stock, what to price up
- the single move with the highest projected revenue for Sonesta ES Suites Houston Galleria

Worth taking a look? I can send over a quick Sonesta ES Suites Houston Galleria snapshot today with the key numbers and the clearest opportunity we see.

If it's useful, 15 minutes on Zoom and I'll show you how to deploy it.

Cheers,
Anthony","Hi Sonesta ES Suites Houston Galleria team,

There's a World Cup game 4.8 miles from Sonesta ES Suites Houston Galleria, in less than 50 days, and 2× NRG Stadium (145K) worth of fans coming to Houston.

We're CrowdReady - a group of data scientists building actionable reports for Houston businesses. We pulled the numbers for Sonesta ES Suites Houston Galleria specifically:

- who's coming (countries, ages, spending profile)
- when they'll be near you, hour by hour, on game day
- a Facebook/Instagram ad you can launch before kickoff— copy, audience, budget
- a day-of plan: when to staff up, what to stock, what to price up
- the single move with the highest projected revenue for Sonesta ES Suites Houston Galleria

Worth taking a look? I can send over a quick Sonesta ES Suites Houston Galleria snapshot today with the key numbers and the clearest opportunity we see.

If it's useful, 15 minutes on Zoom and I'll show you how to deploy it.

Cheers,
Jacob",
FALSE,FALSE,The Royal Sonesta Houston Galleria,hotel,"2222 W Loop S, Houston, TX 77027, USA",Houston,USA,+1 713-627-7600,https://www.sonesta.com/royal-sonesta/tx/houston/royal-sonesta-houston-galleria?utm_source=google&utm_medium=organic&utm_campaign=gmb,reservations@sonesta.com,accept_all,scraped_website,81,4.3,3005,google_places_enriched,las_colinas_zone,5.0 miles,"Hi The Royal Sonesta Houston Galleria team,

There's a World Cup game 5.0 miles from The Royal Sonesta Houston Galleria, in less than 50 days, and 2× NRG Stadium (145K) worth of fans coming to Houston.

We're CrowdReady - a group of data scientists building actionable reports for Houston businesses. We pulled the numbers for The Royal Sonesta Houston Galleria specifically:

- who's coming (countries, ages, spending profile)
- when they'll be near you, hour by hour, on game day
- a Facebook/Instagram ad you can launch before kickoff— copy, audience, budget
- a day-of plan: when to staff up, what to stock, what to price up
- the single move with the highest projected revenue for The Royal Sonesta Houston Galleria

Worth taking a look? I can send over a quick The Royal Sonesta Houston Galleria snapshot today with the key numbers and the clearest opportunity we see.

If it's useful, 15 minutes on Zoom and I'll show you how to deploy it.

Cheers,
Lucas","Hi The Royal Sonesta Houston Galleria team,

There's a World Cup game 5.0 miles from The Royal Sonesta Houston Galleria, in less than 50 days, and 2× NRG Stadium (145K) worth of fans coming to Houston.

We're CrowdReady - a group of data scientists building actionable reports for Houston businesses. We pulled the numbers for The Royal Sonesta Houston Galleria specifically:

- who's coming (countries, ages, spending profile)
- when they'll be near you, hour by hour, on game day
- a Facebook/Instagram ad you can launch before kickoff— copy, audience, budget
- a day-of plan: when to staff up, what to stock, what to price up
- the single move with the highest projected revenue for The Royal Sonesta Houston Galleria

Worth taking a look? I can send over a quick The Royal Sonesta Houston Galleria snapshot today with the key numbers and the clearest opportunity we see.

If it's useful, 15 minutes on Zoom and I'll show you how to deploy it.

Cheers,
Anthony","Hi The Royal Sonesta Houston Galleria team,

There's a World Cup game 5.0 miles from The Royal Sonesta Houston Galleria, in less than 50 days, and 2× NRG Stadium (145K) worth of fans coming to Houston.

We're CrowdReady - a group of data scientists building actionable reports for Houston businesses. We pulled the numbers for The Royal Sonesta Houston Galleria specifically:

- who's coming (countries, ages, spending profile)
- when they'll be near you, hour by hour, on game day
- a Facebook/Instagram ad you can launch before kickoff— copy, audience, budget
- a day-of plan: when to staff up, what to stock, what to price up
- the single move with the highest projected revenue for The Royal Sonesta Houston Galleria

Worth taking a look? I can send over a quick The Royal Sonesta Houston Galleria snapshot today with the key numbers and the clearest opportunity we see.

If it's useful, 15 minutes on Zoom and I'll show you how to deploy it.

Cheers,
Jacob",
FALSE,FALSE,Conservatory Galleria,sports_bar,"5353 W Alabama St Suite 100, Houston, TX 77056, USA",Houston,USA,+1 713-832-8887,http://www.conservatorygalleria.com/,info@conservatorygalleria.com,valid,scraped_website,91,4.7,659,google_places_enriched,las_colinas_zone,5.1 miles,"Hi Conservatory Galleria team,

There's a World Cup game 5.1 miles from Conservatory Galleria, in less than 50 days, and 2× NRG Stadium (145K) worth of fans coming to Houston.

We're CrowdReady - a group of data scientists building actionable reports for Houston businesses. We pulled the numbers for Conservatory Galleria specifically:

- who's coming (countries, ages, spending profile)
- when they'll be near you, hour by hour, on game day
- a Facebook/Instagram ad you can launch before kickoff— copy, audience, budget
- a day-of plan: when to staff up, what to stock, what to price up
- the single move with the highest projected revenue for Conservatory Galleria

Worth taking a look? I can send over a quick Conservatory Galleria snapshot today with the key numbers and the clearest opportunity we see.

If it's useful, 15 minutes on Zoom and I'll show you how to deploy it.

Cheers,
Lucas","Hi Conservatory Galleria team,

There's a World Cup game 5.1 miles from Conservatory Galleria, in less than 50 days, and 2× NRG Stadium (145K) worth of fans coming to Houston.

We're CrowdReady - a group of data scientists building actionable reports for Houston businesses. We pulled the numbers for Conservatory Galleria specifically:

- who's coming (countries, ages, spending profile)
- when they'll be near you, hour by hour, on game day
- a Facebook/Instagram ad you can launch before kickoff— copy, audience, budget
- a day-of plan: when to staff up, what to stock, what to price up
- the single move with the highest projected revenue for Conservatory Galleria

Worth taking a look? I can send over a quick Conservatory Galleria snapshot today with the key numbers and the clearest opportunity we see.

If it's useful, 15 minutes on Zoom and I'll show you how to deploy it.

Cheers,
Anthony","Hi Conservatory Galleria team,

There's a World Cup game 5.1 miles from Conservatory Galleria, in less than 50 days, and 2× NRG Stadium (145K) worth of fans coming to Houston.

We're CrowdReady - a group of data scientists building actionable reports for Houston businesses. We pulled the numbers for Conservatory Galleria specifically:

- who's coming (countries, ages, spending profile)
- when they'll be near you, hour by hour, on game day
- a Facebook/Instagram ad you can launch before kickoff— copy, audience, budget
- a day-of plan: when to staff up, what to stock, what to price up
- the single move with the highest projected revenue for Conservatory Galleria

Worth taking a look? I can send over a quick Conservatory Galleria snapshot today with the key numbers and the clearest opportunity we see.

If it's useful, 15 minutes on Zoom and I'll show you how to deploy it.

Cheers,
Jacob",
FALSE,FALSE,Moxies Houston Restaurant,sports_bar,"5000 Westheimer Rd, Houston, TX 77056, USA",Houston,USA,+1 346-571-6164,https://moxies.com/restaurants/houston?utm_source=GMB&utm_medium=google-location-listing&utm_campaign=organic,info@moxies.com,valid,hunter_search,95,4.5,5011,google_places_enriched,las_colinas_zone,5.0 miles,"Hi Moxies Houston Restaurant team,

There's a World Cup game 5.0 miles from Moxies Houston Restaurant, in less than 50 days, and 2× NRG Stadium (145K) worth of fans coming to Houston.

We're CrowdReady - a group of data scientists building actionable reports for Houston businesses. We pulled the numbers for Moxies Houston Restaurant specifically:

- who's coming (countries, ages, spending profile)
- when they'll be near you, hour by hour, on game day
- a Facebook/Instagram ad you can launch before kickoff— copy, audience, budget
- a day-of plan: when to staff up, what to stock, what to price up
- the single move with the highest projected revenue for Moxies Houston Restaurant

Worth taking a look? I can send over a quick Moxies Houston Restaurant snapshot today with the key numbers and the clearest opportunity we see.

If it's useful, 15 minutes on Zoom and I'll show you how to deploy it.

Cheers,
Lucas","Hi Moxies Houston Restaurant team,

There's a World Cup game 5.0 miles from Moxies Houston Restaurant, in less than 50 days, and 2× NRG Stadium (145K) worth of fans coming to Houston.

We're CrowdReady - a group of data scientists building actionable reports for Houston businesses. We pulled the numbers for Moxies Houston Restaurant specifically:

- who's coming (countries, ages, spending profile)
- when they'll be near you, hour by hour, on game day
- a Facebook/Instagram ad you can launch before kickoff— copy, audience, budget
- a day-of plan: when to staff up, what to stock, what to price up
- the single move with the highest projected revenue for Moxies Houston Restaurant

Worth taking a look? I can send over a quick Moxies Houston Restaurant snapshot today with the key numbers and the clearest opportunity we see.

If it's useful, 15 minutes on Zoom and I'll show you how to deploy it.

Cheers,
Anthony","Hi Moxies Houston Restaurant team,

There's a World Cup game 5.0 miles from Moxies Houston Restaurant, in less than 50 days, and 2× NRG Stadium (145K) worth of fans coming to Houston.

We're CrowdReady - a group of data scientists building actionable reports for Houston businesses. We pulled the numbers for Moxies Houston Restaurant specifically:

- who's coming (countries, ages, spending profile)
- when they'll be near you, hour by hour, on game day
- a Facebook/Instagram ad you can launch before kickoff— copy, audience, budget
- a day-of plan: when to staff up, what to stock, what to price up
- the single move with the highest projected revenue for Moxies Houston Restaurant

Worth taking a look? I can send over a quick Moxies Houston Restaurant snapshot today with the key numbers and the clearest opportunity we see.

If it's useful, 15 minutes on Zoom and I'll show you how to deploy it.

Cheers,
Jacob",
FALSE,FALSE,JOEY Uptown,sports_bar,"5045 Westheimer Rd Suite X01, Houston, TX 77056, USA",Houston,USA,+1 346-646-5639,https://joeyrestaurants.com/location/joey-uptown,accessibility@joeyrestaurants.com,valid,scraped_website,100,4.8,11227,google_places_enriched,las_colinas_zone,5.0 miles,"Hi JOEY Uptown team,

There's a World Cup game 5.0 miles from JOEY Uptown, in less than 50 days, and 2× NRG Stadium (145K) worth of fans coming to Houston.

We're CrowdReady - a group of data scientists building actionable reports for Houston businesses. We pulled the numbers for JOEY Uptown specifically:

- who's coming (countries, ages, spending profile)
- when they'll be near you, hour by hour, on game day
- a Facebook/Instagram ad you can launch before kickoff— copy, audience, budget
- a day-of plan: when to staff up, what to stock, what to price up
- the single move with the highest projected revenue for JOEY Uptown

Worth taking a look? I can send over a quick JOEY Uptown snapshot today with the key numbers and the clearest opportunity we see.

If it's useful, 15 minutes on Zoom and I'll show you how to deploy it.

Cheers,
Lucas","Hi JOEY Uptown team,

There's a World Cup game 5.0 miles from JOEY Uptown, in less than 50 days, and 2× NRG Stadium (145K) worth of fans coming to Houston.

We're CrowdReady - a group of data scientists building actionable reports for Houston businesses. We pulled the numbers for JOEY Uptown specifically:

- who's coming (countries, ages, spending profile)
- when they'll be near you, hour by hour, on game day
- a Facebook/Instagram ad you can launch before kickoff— copy, audience, budget
- a day-of plan: when to staff up, what to stock, what to price up
- the single move with the highest projected revenue for JOEY Uptown

Worth taking a look? I can send over a quick JOEY Uptown snapshot today with the key numbers and the clearest opportunity we see.

If it's useful, 15 minutes on Zoom and I'll show you how to deploy it.

Cheers,
Anthony","Hi JOEY Uptown team,

There's a World Cup game 5.0 miles from JOEY Uptown, in less than 50 days, and 2× NRG Stadium (145K) worth of fans coming to Houston.

We're CrowdReady - a group of data scientists building actionable reports for Houston businesses. We pulled the numbers for JOEY Uptown specifically:

- who's coming (countries, ages, spending profile)
- when they'll be near you, hour by hour, on game day
- a Facebook/Instagram ad you can launch before kickoff— copy, audience, budget
- a day-of plan: when to staff up, what to stock, what to price up
- the single move with the highest projected revenue for JOEY Uptown

Worth taking a look? I can send over a quick JOEY Uptown snapshot today with the key numbers and the clearest opportunity we see.

If it's useful, 15 minutes on Zoom and I'll show you how to deploy it.

Cheers,
Jacob",
FALSE,FALSE,The Daily Grill,sports_bar,"5085 Westheimer Rd, Houston, TX 77056, USA",Houston,USA,+1 713-960-5997,https://www.dailygrill.com/,info@dailygrill.com,accept_all,hunter_search,77,4.2,831,google_places_enriched,las_colinas_zone,4.9 miles,"Hi The Daily Grill team,

There's a World Cup game 4.9 miles from The Daily Grill, in less than 50 days, and 2× NRG Stadium (145K) worth of fans coming to Houston.

We're CrowdReady - a group of data scientists building actionable reports for Houston businesses. We pulled the numbers for The Daily Grill specifically:

- who's coming (countries, ages, spending profile)
- when they'll be near you, hour by hour, on game day
- a Facebook/Instagram ad you can launch before kickoff— copy, audience, budget
- a day-of plan: when to staff up, what to stock, what to price up
- the single move with the highest projected revenue for The Daily Grill

Worth taking a look? I can send over a quick The Daily Grill snapshot today with the key numbers and the clearest opportunity we see.

If it's useful, 15 minutes on Zoom and I'll show you how to deploy it.

Cheers,
Lucas","Hi The Daily Grill team,

There's a World Cup game 4.9 miles from The Daily Grill, in less than 50 days, and 2× NRG Stadium (145K) worth of fans coming to Houston.

We're CrowdReady - a group of data scientists building actionable reports for Houston businesses. We pulled the numbers for The Daily Grill specifically:

- who's coming (countries, ages, spending profile)
- when they'll be near you, hour by hour, on game day
- a Facebook/Instagram ad you can launch before kickoff— copy, audience, budget
- a day-of plan: when to staff up, what to stock, what to price up
- the single move with the highest projected revenue for The Daily Grill

Worth taking a look? I can send over a quick The Daily Grill snapshot today with the key numbers and the clearest opportunity we see.

If it's useful, 15 minutes on Zoom and I'll show you how to deploy it.

Cheers,
Anthony","Hi The Daily Grill team,

There's a World Cup game 4.9 miles from The Daily Grill, in less than 50 days, and 2× NRG Stadium (145K) worth of fans coming to Houston.

We're CrowdReady - a group of data scientists building actionable reports for Houston businesses. We pulled the numbers for The Daily Grill specifically:

- who's coming (countries, ages, spending profile)
- when they'll be near you, hour by hour, on game day
- a Facebook/Instagram ad you can launch before kickoff— copy, audience, budget
- a day-of plan: when to staff up, what to stock, what to price up
- the single move with the highest projected revenue for The Daily Grill

Worth taking a look? I can send over a quick The Daily Grill snapshot today with the key numbers and the clearest opportunity we see.

If it's useful, 15 minutes on Zoom and I'll show you how to deploy it.

Cheers,
Jacob",
FALSE,FALSE,Loch Bar,sports_bar,"4444 Westheimer Rd Suite G110, Houston, TX 77027, USA",Houston,USA,+1 832-430-6601,https://lochbar.com/houston/,houston@lochbar.com,valid,scraped_website,100,4.3,1208,google_places_enriched,las_colinas_zone,4.7 miles,"Hi Loch Bar team,

There's a World Cup game 4.7 miles from Loch Bar, in less than 50 days, and 2× NRG Stadium (145K) worth of fans coming to Houston.

We're CrowdReady - a group of data scientists building actionable reports for Houston businesses. We pulled the numbers for Loch Bar specifically:

- who's coming (countries, ages, spending profile)
- when they'll be near you, hour by hour, on game day
- a Facebook/Instagram ad you can launch before kickoff— copy, audience, budget
- a day-of plan: when to staff up, what to stock, what to price up
- the single move with the highest projected revenue for Loch Bar

Worth taking a look? I can send over a quick Loch Bar snapshot today with the key numbers and the clearest opportunity we see.

If it's useful, 15 minutes on Zoom and I'll show you how to deploy it.

Cheers,
Lucas","Hi Loch Bar team,

There's a World Cup game 4.7 miles from Loch Bar, in less than 50 days, and 2× NRG Stadium (145K) worth of fans coming to Houston.

We're CrowdReady - a group of data scientists building actionable reports for Houston businesses. We pulled the numbers for Loch Bar specifically:

- who's coming (countries, ages, spending profile)
- when they'll be near you, hour by hour, on game day
- a Facebook/Instagram ad you can launch before kickoff— copy, audience, budget
- a day-of plan: when to staff up, what to stock, what to price up
- the single move with the highest projected revenue for Loch Bar

Worth taking a look? I can send over a quick Loch Bar snapshot today with the key numbers and the clearest opportunity we see.

If it's useful, 15 minutes on Zoom and I'll show you how to deploy it.

Cheers,
Anthony","Hi Loch Bar team,

There's a World Cup game 4.7 miles from Loch Bar, in less than 50 days, and 2× NRG Stadium (145K) worth of fans coming to Houston.

We're CrowdReady - a group of data scientists building actionable reports for Houston businesses. We pulled the numbers for Loch Bar specifically:

- who's coming (countries, ages, spending profile)
- when they'll be near you, hour by hour, on game day
- a Facebook/Instagram ad you can launch before kickoff— copy, audience, budget
- a day-of plan: when to staff up, what to stock, what to price up
- the single move with the highest projected revenue for Loch Bar

Worth taking a look? I can send over a quick Loch Bar snapshot today with the key numbers and the clearest opportunity we see.

If it's useful, 15 minutes on Zoom and I'll show you how to deploy it.

Cheers,
Jacob",
FALSE,FALSE,The Annie,sports_bar,"1800 Post Oak Blvd Suite 6170, Houston, TX 77056, USA",Houston,USA,+1 713-804-1800,https://www.theanniehouston.com/,eat@theanniehouston.com,valid,hunter_search,99,4.3,934,google_places_enriched,las_colinas_zone,5.3 miles,"Hi The Annie team,

There's a World Cup game 5.3 miles from The Annie, in less than 50 days, and 2× NRG Stadium (145K) worth of fans coming to Houston.

We're CrowdReady - a group of data scientists building actionable reports for Houston businesses. We pulled the numbers for The Annie specifically:

- who's coming (countries, ages, spending profile)
- when they'll be near you, hour by hour, on game day
- a Facebook/Instagram ad you can launch before kickoff— copy, audience, budget
- a day-of plan: when to staff up, what to stock, what to price up
- the single move with the highest projected revenue for The Annie

Worth taking a look? I can send over a quick The Annie snapshot today with the key numbers and the clearest opportunity we see.

If it's useful, 15 minutes on Zoom and I'll show you how to deploy it.

Cheers,
Lucas","Hi The Annie team,

There's a World Cup game 5.3 miles from The Annie, in less than 50 days, and 2× NRG Stadium (145K) worth of fans coming to Houston.

We're CrowdReady - a group of data scientists building actionable reports for Houston businesses. We pulled the numbers for The Annie specifically:

- who's coming (countries, ages, spending profile)
- when they'll be near you, hour by hour, on game day
- a Facebook/Instagram ad you can launch before kickoff— copy, audience, budget
- a day-of plan: when to staff up, what to stock, what to price up
- the single move with the highest projected revenue for The Annie

Worth taking a look? I can send over a quick The Annie snapshot today with the key numbers and the clearest opportunity we see.

If it's useful, 15 minutes on Zoom and I'll show you how to deploy it.

Cheers,
Anthony","Hi The Annie team,

There's a World Cup game 5.3 miles from The Annie, in less than 50 days, and 2× NRG Stadium (145K) worth of fans coming to Houston.

We're CrowdReady - a group of data scientists building actionable reports for Houston businesses. We pulled the numbers for The Annie specifically:

- who's coming (countries, ages, spending profile)
- when they'll be near you, hour by hour, on game day
- a Facebook/Instagram ad you can launch before kickoff— copy, audience, budget
- a day-of plan: when to staff up, what to stock, what to price up
- the single move with the highest projected revenue for The Annie

Worth taking a look? I can send over a quick The Annie snapshot today with the key numbers and the clearest opportunity we see.

If it's useful, 15 minutes on Zoom and I'll show you how to deploy it.

Cheers,
Jacob",
FALSE,FALSE,North Italia,sports_bar,"1700 Post Oak Blvd Ste 190, Houston, TX 77056, USA",Houston,USA,+1 281-605-4030,https://www.northitalia.com/locations/houston-tx-blvd-place/,info@northitalia.com,accept_all,hunter_search,79,4.5,4545,google_places_enriched,las_colinas_zone,5.4 miles,"Hi North Italia team,

There's a World Cup game 5.4 miles from North Italia, in less than 50 days, and 2× NRG Stadium (145K) worth of fans coming to Houston.

We're CrowdReady - a group of data scientists building actionable reports for Houston businesses. We pulled the numbers for North Italia specifically:

- who's coming (countries, ages, spending profile)
- when they'll be near you, hour by hour, on game day
- a Facebook/Instagram ad you can launch before kickoff— copy, audience, budget
- a day-of plan: when to staff up, what to stock, what to price up
- the single move with the highest projected revenue for North Italia

Worth taking a look? I can send over a quick North Italia snapshot today with the key numbers and the clearest opportunity we see.

If it's useful, 15 minutes on Zoom and I'll show you how to deploy it.

Cheers,
Lucas","Hi North Italia team,

There's a World Cup game 5.4 miles from North Italia, in less than 50 days, and 2× NRG Stadium (145K) worth of fans coming to Houston.

We're CrowdReady - a group of data scientists building actionable reports for Houston businesses. We pulled the numbers for North Italia specifically:

- who's coming (countries, ages, spending profile)
- when they'll be near you, hour by hour, on game day
- a Facebook/Instagram ad you can launch before kickoff— copy, audience, budget
- a day-of plan: when to staff up, what to stock, what to price up
- the single move with the highest projected revenue for North Italia

Worth taking a look? I can send over a quick North Italia snapshot today with the key numbers and the clearest opportunity we see.

If it's useful, 15 minutes on Zoom and I'll show you how to deploy it.

Cheers,
Anthony","Hi North Italia team,

There's a World Cup game 5.4 miles from North Italia, in less than 50 days, and 2× NRG Stadium (145K) worth of fans coming to Houston.

We're CrowdReady - a group of data scientists building actionable reports for Houston businesses. We pulled the numbers for North Italia specifically:

- who's coming (countries, ages, spending profile)
- when they'll be near you, hour by hour, on game day
- a Facebook/Instagram ad you can launch before kickoff— copy, audience, budget
- a day-of plan: when to staff up, what to stock, what to price up
- the single move with the highest projected revenue for North Italia

Worth taking a look? I can send over a quick North Italia snapshot today with the key numbers and the clearest opportunity we see.

If it's useful, 15 minutes on Zoom and I'll show you how to deploy it.

Cheers,
Jacob",
FALSE,FALSE,The Rustic,sports_bar,"1121 Uptown Park Blvd STE 4, Houston, TX 77056, USA",Houston,USA,+1 832-321-7775,https://therustic.com/,events@therustic.com,valid,hunter_search,95,4.3,3405,google_places_enriched,las_colinas_zone,5.7 miles,"Hi The Rustic team,

There's a World Cup game 5.7 miles from The Rustic, in less than 50 days, and 2× NRG Stadium (145K) worth of fans coming to Houston.

We're CrowdReady - a group of data scientists building actionable reports for Houston businesses. We pulled the numbers for The Rustic specifically:

- who's coming (countries, ages, spending profile)
- when they'll be near you, hour by hour, on game day
- a Facebook/Instagram ad you can launch before kickoff— copy, audience, budget
- a day-of plan: when to staff up, what to stock, what to price up
- the single move with the highest projected revenue for The Rustic

Worth taking a look? I can send over a quick The Rustic snapshot today with the key numbers and the clearest opportunity we see.

If it's useful, 15 minutes on Zoom and I'll show you how to deploy it.

Cheers,
Lucas","Hi The Rustic team,

There's a World Cup game 5.7 miles from The Rustic, in less than 50 days, and 2× NRG Stadium (145K) worth of fans coming to Houston.

We're CrowdReady - a group of data scientists building actionable reports for Houston businesses. We pulled the numbers for The Rustic specifically:

- who's coming (countries, ages, spending profile)
- when they'll be near you, hour by hour, on game day
- a Facebook/Instagram ad you can launch before kickoff— copy, audience, budget
- a day-of plan: when to staff up, what to stock, what to price up
- the single move with the highest projected revenue for The Rustic

Worth taking a look? I can send over a quick The Rustic snapshot today with the key numbers and the clearest opportunity we see.

If it's useful, 15 minutes on Zoom and I'll show you how to deploy it.

Cheers,
Anthony","Hi The Rustic team,

There's a World Cup game 5.7 miles from The Rustic, in less than 50 days, and 2× NRG Stadium (145K) worth of fans coming to Houston.

We're CrowdReady - a group of data scientists building actionable reports for Houston businesses. We pulled the numbers for The Rustic specifically:

- who's coming (countries, ages, spending profile)
- when they'll be near you, hour by hour, on game day
- a Facebook/Instagram ad you can launch before kickoff— copy, audience, budget
- a day-of plan: when to staff up, what to stock, what to price up
- the single move with the highest projected revenue for The Rustic

Worth taking a look? I can send over a quick The Rustic snapshot today with the key numbers and the clearest opportunity we see.

If it's useful, 15 minutes on Zoom and I'll show you how to deploy it.

Cheers,
Jacob",
FALSE,FALSE,La Reserve Whiskey Lounge,hotel,"4 Riverway Dr, Houston, TX 77056, USA",Houston,USA,+1 713-871-8181,https://www.omnihotels.com/hotels/houston/dining/la-reserve-whiskey-lounge?utm_source=gmblisting&utm_medium=organic,sonya.cook@omnihotels.com,accept_all,hunter_search,94,4.7,27,google_places_enriched,las_colinas_zone,6.0 miles,"Hi La Reserve Whiskey Lounge team,

There's a World Cup game 6.0 miles from La Reserve Whiskey Lounge, in less than 50 days, and 2× NRG Stadium (145K) worth of fans coming to Houston.

We're CrowdReady - a group of data scientists building actionable reports for Houston businesses. We pulled the numbers for La Reserve Whiskey Lounge specifically:

- who's coming (countries, ages, spending profile)
- when they'll be near you, hour by hour, on game day
- a Facebook/Instagram ad you can launch before kickoff— copy, audience, budget
- a day-of plan: when to staff up, what to stock, what to price up
- the single move with the highest projected revenue for La Reserve Whiskey Lounge

Worth taking a look? I can send over a quick La Reserve Whiskey Lounge snapshot today with the key numbers and the clearest opportunity we see.

If it's useful, 15 minutes on Zoom and I'll show you how to deploy it.

Cheers,
Lucas","Hi La Reserve Whiskey Lounge team,

There's a World Cup game 6.0 miles from La Reserve Whiskey Lounge, in less than 50 days, and 2× NRG Stadium (145K) worth of fans coming to Houston.

We're CrowdReady - a group of data scientists building actionable reports for Houston businesses. We pulled the numbers for La Reserve Whiskey Lounge specifically:

- who's coming (countries, ages, spending profile)
- when they'll be near you, hour by hour, on game day
- a Facebook/Instagram ad you can launch before kickoff— copy, audience, budget
- a day-of plan: when to staff up, what to stock, what to price up
- the single move with the highest projected revenue for La Reserve Whiskey Lounge

Worth taking a look? I can send over a quick La Reserve Whiskey Lounge snapshot today with the key numbers and the clearest opportunity we see.

If it's useful, 15 minutes on Zoom and I'll show you how to deploy it.

Cheers,
Anthony","Hi La Reserve Whiskey Lounge team,

There's a World Cup game 6.0 miles from La Reserve Whiskey Lounge, in less than 50 days, and 2× NRG Stadium (145K) worth of fans coming to Houston.

We're CrowdReady - a group of data scientists building actionable reports for Houston businesses. We pulled the numbers for La Reserve Whiskey Lounge specifically:

- who's coming (countries, ages, spending profile)
- when they'll be near you, hour by hour, on game day
- a Facebook/Instagram ad you can launch before kickoff— copy, audience, budget
- a day-of plan: when to staff up, what to stock, what to price up
- the single move with the highest projected revenue for La Reserve Whiskey Lounge

Worth taking a look? I can send over a quick La Reserve Whiskey Lounge snapshot today with the key numbers and the clearest opportunity we see.

If it's useful, 15 minutes on Zoom and I'll show you how to deploy it.

Cheers,
Jacob",
FALSE,FALSE,Nobu Houston,sports_bar,"5115 Westheimer Rd Suite C-3515, Houston, TX 77056, USA",Houston,USA,+1 832-987-2599,https://www.noburestaurants.com/houston/home-2/?utm_source=google&utm_medium=Yext,carlm@noburestaurants.com,valid,hunter_search,99,3.9,789,google_places_enriched,las_colinas_zone,5.0 miles,"Hi Nobu Houston team,

There's a World Cup game 5.0 miles from Nobu Houston, in less than 50 days, and 2× NRG Stadium (145K) worth of fans coming to Houston.

We're CrowdReady - a group of data scientists building actionable reports for Houston businesses. We pulled the numbers for Nobu Houston specifically:

- who's coming (countries, ages, spending profile)
- when they'll be near you, hour by hour, on game day
- a Facebook/Instagram ad you can launch before kickoff— copy, audience, budget
- a day-of plan: when to staff up, what to stock, what to price up
- the single move with the highest projected revenue for Nobu Houston

Worth taking a look? I can send over a quick Nobu Houston snapshot today with the key numbers and the clearest opportunity we see.

If it's useful, 15 minutes on Zoom and I'll show you how to deploy it.

Cheers,
Lucas","Hi Nobu Houston team,

There's a World Cup game 5.0 miles from Nobu Houston, in less than 50 days, and 2× NRG Stadium (145K) worth of fans coming to Houston.

We're CrowdReady - a group of data scientists building actionable reports for Houston businesses. We pulled the numbers for Nobu Houston specifically:

- who's coming (countries, ages, spending profile)
- when they'll be near you, hour by hour, on game day
- a Facebook/Instagram ad you can launch before kickoff— copy, audience, budget
- a day-of plan: when to staff up, what to stock, what to price up
- the single move with the highest projected revenue for Nobu Houston

Worth taking a look? I can send over a quick Nobu Houston snapshot today with the key numbers and the clearest opportunity we see.

If it's useful, 15 minutes on Zoom and I'll show you how to deploy it.

Cheers,
Anthony","Hi Nobu Houston team,

There's a World Cup game 5.0 miles from Nobu Houston, in less than 50 days, and 2× NRG Stadium (145K) worth of fans coming to Houston.

We're CrowdReady - a group of data scientists building actionable reports for Houston businesses. We pulled the numbers for Nobu Houston specifically:

- who's coming (countries, ages, spending profile)
- when they'll be near you, hour by hour, on game day
- a Facebook/Instagram ad you can launch before kickoff— copy, audience, budget
- a day-of plan: when to staff up, what to stock, what to price up
- the single move with the highest projected revenue for Nobu Houston

Worth taking a look? I can send over a quick Nobu Houston snapshot today with the key numbers and the clearest opportunity we see.

If it's useful, 15 minutes on Zoom and I'll show you how to deploy it.

Cheers,
Jacob",
FALSE,FALSE,"Club Quarters Hotel Downtown, Houston",hotel,"1085 Rusk St, Houston, TX 77002, USA",Houston,USA,+1 713-224-6400,https://clubquartershotels.com/houston/downtown,jnichols@clubquartershotels.com,accept_all,hunter_search,94,3.9,2760,google_places_enriched,downtown_zone,5.8 miles,"Hi Club Quarters Hotel Downtown, Houston team,

There's a World Cup game 5.8 miles from Club Quarters Hotel Downtown, Houston, in less than 50 days, and 2× NRG Stadium (145K) worth of fans coming to Houston.

We're CrowdReady - a group of data scientists building actionable reports for Houston businesses. We pulled the numbers for Club Quarters Hotel Downtown, Houston specifically:

- who's coming (countries, ages, spending profile)
- when they'll be near you, hour by hour, on game day
- a Facebook/Instagram ad you can launch before kickoff— copy, audience, budget
- a day-of plan: when to staff up, what to stock, what to price up
- the single move with the highest projected revenue for Club Quarters Hotel Downtown, Houston

Worth taking a look? I can send over a quick Club Quarters Hotel Downtown, Houston snapshot today with the key numbers and the clearest opportunity we see.

If it's useful, 15 minutes on Zoom and I'll show you how to deploy it.

Cheers,
Lucas","Hi Club Quarters Hotel Downtown, Houston team,

There's a World Cup game 5.8 miles from Club Quarters Hotel Downtown, Houston, in less than 50 days, and 2× NRG Stadium (145K) worth of fans coming to Houston.

We're CrowdReady - a group of data scientists building actionable reports for Houston businesses. We pulled the numbers for Club Quarters Hotel Downtown, Houston specifically:

- who's coming (countries, ages, spending profile)
- when they'll be near you, hour by hour, on game day
- a Facebook/Instagram ad you can launch before kickoff— copy, audience, budget
- a day-of plan: when to staff up, what to stock, what to price up
- the single move with the highest projected revenue for Club Quarters Hotel Downtown, Houston

Worth taking a look? I can send over a quick Club Quarters Hotel Downtown, Houston snapshot today with the key numbers and the clearest opportunity we see.

If it's useful, 15 minutes on Zoom and I'll show you how to deploy it.

Cheers,
Anthony","Hi Club Quarters Hotel Downtown, Houston team,

There's a World Cup game 5.8 miles from Club Quarters Hotel Downtown, Houston, in less than 50 days, and 2× NRG Stadium (145K) worth of fans coming to Houston.

We're CrowdReady - a group of data scientists building actionable reports for Houston businesses. We pulled the numbers for Club Quarters Hotel Downtown, Houston specifically:

- who's coming (countries, ages, spending profile)
- when they'll be near you, hour by hour, on game day
- a Facebook/Instagram ad you can launch before kickoff— copy, audience, budget
- a day-of plan: when to staff up, what to stock, what to price up
- the single move with the highest projected revenue for Club Quarters Hotel Downtown, Houston

Worth taking a look? I can send over a quick Club Quarters Hotel Downtown, Houston snapshot today with the key numbers and the clearest opportunity we see.

If it's useful, 15 minutes on Zoom and I'll show you how to deploy it.

Cheers,
Jacob",
FALSE,FALSE,"Heights House Hotel, Ascend Hotel Collection",hotel_bar,"100 W Cavalcade St, Houston, TX 77009, USA",Houston,USA,+1 713-869-7121,https://www.heightshousehotel.com/,info@heightshousehotel.com,valid,hunter_search,81,4.1,705,google_places_enriched,downtown_zone,8.6 miles,"Hi Heights House Hotel, Ascend Hotel Collection team,

There's a World Cup game 8.6 miles from Heights House Hotel, Ascend Hotel Collection, in less than 50 days, and 2× NRG Stadium (145K) worth of fans coming to Houston.

We're CrowdReady - a group of data scientists building actionable reports for Houston businesses. We pulled the numbers for Heights House Hotel, Ascend Hotel Collection specifically:

- who's coming (countries, ages, spending profile)
- when they'll be near you, hour by hour, on game day
- a Facebook/Instagram ad you can launch before kickoff— copy, audience, budget
- a day-of plan: when to staff up, what to stock, what to price up
- the single move with the highest projected revenue for Heights House Hotel, Ascend Hotel Collection

Worth taking a look? I can send over a quick Heights House Hotel, Ascend Hotel Collection snapshot today with the key numbers and the clearest opportunity we see.

If it's useful, 15 minutes on Zoom and I'll show you how to deploy it.

Cheers,
Lucas","Hi Heights House Hotel, Ascend Hotel Collection team,

There's a World Cup game 8.6 miles from Heights House Hotel, Ascend Hotel Collection, in less than 50 days, and 2× NRG Stadium (145K) worth of fans coming to Houston.

We're CrowdReady - a group of data scientists building actionable reports for Houston businesses. We pulled the numbers for Heights House Hotel, Ascend Hotel Collection specifically:

- who's coming (countries, ages, spending profile)
- when they'll be near you, hour by hour, on game day
- a Facebook/Instagram ad you can launch before kickoff— copy, audience, budget
- a day-of plan: when to staff up, what to stock, what to price up
- the single move with the highest projected revenue for Heights House Hotel, Ascend Hotel Collection

Worth taking a look? I can send over a quick Heights House Hotel, Ascend Hotel Collection snapshot today with the key numbers and the clearest opportunity we see.

If it's useful, 15 minutes on Zoom and I'll show you how to deploy it.

Cheers,
Anthony","Hi Heights House Hotel, Ascend Hotel Collection team,

There's a World Cup game 8.6 miles from Heights House Hotel, Ascend Hotel Collection, in less than 50 days, and 2× NRG Stadium (145K) worth of fans coming to Houston.

We're CrowdReady - a group of data scientists building actionable reports for Houston businesses. We pulled the numbers for Heights House Hotel, Ascend Hotel Collection specifically:

- who's coming (countries, ages, spending profile)
- when they'll be near you, hour by hour, on game day
- a Facebook/Instagram ad you can launch before kickoff— copy, audience, budget
- a day-of plan: when to staff up, what to stock, what to price up
- the single move with the highest projected revenue for Heights House Hotel, Ascend Hotel Collection

Worth taking a look? I can send over a quick Heights House Hotel, Ascend Hotel Collection snapshot today with the key numbers and the clearest opportunity we see.

If it's useful, 15 minutes on Zoom and I'll show you how to deploy it.

Cheers,
Jacob",
FALSE,FALSE,The Whitehall,hotel_bar,"1700 Smith St, Houston, TX 77002, USA",Houston,USA,+1 713-739-8800,https://www.thewhitehallhouston.com/?utm_source=google&utm_medium=organic&utm_campaign=business_listing,frontdesk@thewhitehallhouston.com,valid,scraped_website,100,4.5,4103,google_places_enriched,downtown_zone,5.2 miles,"Hi The Whitehall team,

There's a World Cup game 5.2 miles from The Whitehall, in less than 50 days, and 2× NRG Stadium (145K) worth of fans coming to Houston.

We're CrowdReady - a group of data scientists building actionable reports for Houston businesses. We pulled the numbers for The Whitehall specifically:

- who's coming (countries, ages, spending profile)
- when they'll be near you, hour by hour, on game day
- a Facebook/Instagram ad you can launch before kickoff— copy, audience, budget
- a day-of plan: when to staff up, what to stock, what to price up
- the single move with the highest projected revenue for The Whitehall

Worth taking a look? I can send over a quick The Whitehall snapshot today with the key numbers and the clearest opportunity we see.

If it's useful, 15 minutes on Zoom and I'll show you how to deploy it.

Cheers,
Lucas","Hi The Whitehall team,

There's a World Cup game 5.2 miles from The Whitehall, in less than 50 days, and 2× NRG Stadium (145K) worth of fans coming to Houston.

We're CrowdReady - a group of data scientists building actionable reports for Houston businesses. We pulled the numbers for The Whitehall specifically:

- who's coming (countries, ages, spending profile)
- when they'll be near you, hour by hour, on game day
- a Facebook/Instagram ad you can launch before kickoff— copy, audience, budget
- a day-of plan: when to staff up, what to stock, what to price up
- the single move with the highest projected revenue for The Whitehall

Worth taking a look? I can send over a quick The Whitehall snapshot today with the key numbers and the clearest opportunity we see.

If it's useful, 15 minutes on Zoom and I'll show you how to deploy it.

Cheers,
Anthony","Hi The Whitehall team,

There's a World Cup game 5.2 miles from The Whitehall, in less than 50 days, and 2× NRG Stadium (145K) worth of fans coming to Houston.

We're CrowdReady - a group of data scientists building actionable reports for Houston businesses. We pulled the numbers for The Whitehall specifically:

- who's coming (countries, ages, spending profile)
- when they'll be near you, hour by hour, on game day
- a Facebook/Instagram ad you can launch before kickoff— copy, audience, budget
- a day-of plan: when to staff up, what to stock, what to price up
- the single move with the highest projected revenue for The Whitehall

Worth taking a look? I can send over a quick The Whitehall snapshot today with the key numbers and the clearest opportunity we see.

If it's useful, 15 minutes on Zoom and I'll show you how to deploy it.

Cheers,
Jacob",
FALSE,FALSE,Athens Hotel & Suites,hotel,"1308 Clay St, Houston, TX 77002, USA",Houston,USA,+1 713-739-1960,http://www.athenshotelsuites.com/,reservations@athenshotelsuites.com,valid,scraped_website,100,4,625,google_places_enriched,downtown_zone,5.4 miles,"Hi Athens Hotel & Suites team,

There's a World Cup game 5.4 miles from Athens Hotel & Suites, in less than 50 days, and 2× NRG Stadium (145K) worth of fans coming to Houston.

We're CrowdReady - a group of data scientists building actionable reports for Houston businesses. We pulled the numbers for Athens Hotel & Suites specifically:

- who's coming (countries, ages, spending profile)
- when they'll be near you, hour by hour, on game day
- a Facebook/Instagram ad you can launch before kickoff— copy, audience, budget
- a day-of plan: when to staff up, what to stock, what to price up
- the single move with the highest projected revenue for Athens Hotel & Suites

Worth taking a look? I can send over a quick Athens Hotel & Suites snapshot today with the key numbers and the clearest opportunity we see.

If it's useful, 15 minutes on Zoom and I'll show you how to deploy it.

Cheers,
Lucas","Hi Athens Hotel & Suites team,

There's a World Cup game 5.4 miles from Athens Hotel & Suites, in less than 50 days, and 2× NRG Stadium (145K) worth of fans coming to Houston.

We're CrowdReady - a group of data scientists building actionable reports for Houston businesses. We pulled the numbers for Athens Hotel & Suites specifically:

- who's coming (countries, ages, spending profile)
- when they'll be near you, hour by hour, on game day
- a Facebook/Instagram ad you can launch before kickoff— copy, audience, budget
- a day-of plan: when to staff up, what to stock, what to price up
- the single move with the highest projected revenue for Athens Hotel & Suites

Worth taking a look? I can send over a quick Athens Hotel & Suites snapshot today with the key numbers and the clearest opportunity we see.

If it's useful, 15 minutes on Zoom and I'll show you how to deploy it.

Cheers,
Anthony","Hi Athens Hotel & Suites team,

There's a World Cup game 5.4 miles from Athens Hotel & Suites, in less than 50 days, and 2× NRG Stadium (145K) worth of fans coming to Houston.

We're CrowdReady - a group of data scientists building actionable reports for Houston businesses. We pulled the numbers for Athens Hotel & Suites specifically:

- who's coming (countries, ages, spending profile)
- when they'll be near you, hour by hour, on game day
- a Facebook/Instagram ad you can launch before kickoff— copy, audience, budget
- a day-of plan: when to staff up, what to stock, what to price up
- the single move with the highest projected revenue for Athens Hotel & Suites

Worth taking a look? I can send over a quick Athens Hotel & Suites snapshot today with the key numbers and the clearest opportunity we see.

If it's useful, 15 minutes on Zoom and I'll show you how to deploy it.

Cheers,
Jacob",
FALSE,FALSE,Sunset Rooftop Lounge,sports_bar,"2119 Dallas St 3rd Floor, Houston, TX 77003, USA",Houston,USA,+1 832-530-4270,http://sunsetrooftoplounge.com/,events@sunsetrooftoplounge.com,valid,scraped_website,100,4.3,748,google_places_enriched,downtown_zone,5.6 miles,"Hi Sunset Rooftop Lounge team,

There's a World Cup game 5.6 miles from Sunset Rooftop Lounge, in less than 50 days, and 2× NRG Stadium (145K) worth of fans coming to Houston.

We're CrowdReady - a group of data scientists building actionable reports for Houston businesses. We pulled the numbers for Sunset Rooftop Lounge specifically:

- who's coming (countries, ages, spending profile)
- when they'll be near you, hour by hour, on game day
- a Facebook/Instagram ad you can launch before kickoff— copy, audience, budget
- a day-of plan: when to staff up, what to stock, what to price up
- the single move with the highest projected revenue for Sunset Rooftop Lounge

Worth taking a look? I can send over a quick Sunset Rooftop Lounge snapshot today with the key numbers and the clearest opportunity we see.

If it's useful, 15 minutes on Zoom and I'll show you how to deploy it.

Cheers,
Lucas","Hi Sunset Rooftop Lounge team,

There's a World Cup game 5.6 miles from Sunset Rooftop Lounge, in less than 50 days, and 2× NRG Stadium (145K) worth of fans coming to Houston.

We're CrowdReady - a group of data scientists building actionable reports for Houston businesses. We pulled the numbers for Sunset Rooftop Lounge specifically:

- who's coming (countries, ages, spending profile)
- when they'll be near you, hour by hour, on game day
- a Facebook/Instagram ad you can launch before kickoff— copy, audience, budget
- a day-of plan: when to staff up, what to stock, what to price up
- the single move with the highest projected revenue for Sunset Rooftop Lounge

Worth taking a look? I can send over a quick Sunset Rooftop Lounge snapshot today with the key numbers and the clearest opportunity we see.

If it's useful, 15 minutes on Zoom and I'll show you how to deploy it.

Cheers,
Anthony","Hi Sunset Rooftop Lounge team,

There's a World Cup game 5.6 miles from Sunset Rooftop Lounge, in less than 50 days, and 2× NRG Stadium (145K) worth of fans coming to Houston.

We're CrowdReady - a group of data scientists building actionable reports for Houston businesses. We pulled the numbers for Sunset Rooftop Lounge specifically:

- who's coming (countries, ages, spending profile)
- when they'll be near you, hour by hour, on game day
- a Facebook/Instagram ad you can launch before kickoff— copy, audience, budget
- a day-of plan: when to staff up, what to stock, what to price up
- the single move with the highest projected revenue for Sunset Rooftop Lounge

Worth taking a look? I can send over a quick Sunset Rooftop Lounge snapshot today with the key numbers and the clearest opportunity we see.

If it's useful, 15 minutes on Zoom and I'll show you how to deploy it.

Cheers,
Jacob",
FALSE,FALSE,R24 Rooftop Lounge,sports_bar,"1600 Lamar St 24th Floor, Houston, TX 77010, USA",Houston,USA,+1 713-739-8000,https://www.hilton.com/en/hotels/houcvhh-hilton-americas-houston/dining/r24-rooftop-lounge/?y_source=1_MTAxMDI3NTQ1Ni03MTUtbG9jYXRpb24ud2Vic2l0ZQ%3D%3D,williams.sharona@hilton.com,valid,hunter_search,99,4.4,52,google_places_enriched,downtown_zone,5.5 miles,"Hi R24 Rooftop Lounge team,

There's a World Cup game 5.5 miles from R24 Rooftop Lounge, in less than 50 days, and 2× NRG Stadium (145K) worth of fans coming to Houston.

We're CrowdReady - a group of data scientists building actionable reports for Houston businesses. We pulled the numbers for R24 Rooftop Lounge specifically:

- who's coming (countries, ages, spending profile)
- when they'll be near you, hour by hour, on game day
- a Facebook/Instagram ad you can launch before kickoff— copy, audience, budget
- a day-of plan: when to staff up, what to stock, what to price up
- the single move with the highest projected revenue for R24 Rooftop Lounge

Worth taking a look? I can send over a quick R24 Rooftop Lounge snapshot today with the key numbers and the clearest opportunity we see.

If it's useful, 15 minutes on Zoom and I'll show you how to deploy it.

Cheers,
Lucas","Hi R24 Rooftop Lounge team,

There's a World Cup game 5.5 miles from R24 Rooftop Lounge, in less than 50 days, and 2× NRG Stadium (145K) worth of fans coming to Houston.

We're CrowdReady - a group of data scientists building actionable reports for Houston businesses. We pulled the numbers for R24 Rooftop Lounge specifically:

- who's coming (countries, ages, spending profile)
- when they'll be near you, hour by hour, on game day
- a Facebook/Instagram ad you can launch before kickoff— copy, audience, budget
- a day-of plan: when to staff up, what to stock, what to price up
- the single move with the highest projected revenue for R24 Rooftop Lounge

Worth taking a look? I can send over a quick R24 Rooftop Lounge snapshot today with the key numbers and the clearest opportunity we see.

If it's useful, 15 minutes on Zoom and I'll show you how to deploy it.

Cheers,
Anthony","Hi R24 Rooftop Lounge team,

There's a World Cup game 5.5 miles from R24 Rooftop Lounge, in less than 50 days, and 2× NRG Stadium (145K) worth of fans coming to Houston.

We're CrowdReady - a group of data scientists building actionable reports for Houston businesses. We pulled the numbers for R24 Rooftop Lounge specifically:

- who's coming (countries, ages, spending profile)
- when they'll be near you, hour by hour, on game day
- a Facebook/Instagram ad you can launch before kickoff— copy, audience, budget
- a day-of plan: when to staff up, what to stock, what to price up
- the single move with the highest projected revenue for R24 Rooftop Lounge

Worth taking a look? I can send over a quick R24 Rooftop Lounge snapshot today with the key numbers and the clearest opportunity we see.

If it's useful, 15 minutes on Zoom and I'll show you how to deploy it.

Cheers,
Jacob",
FALSE,FALSE,77 Degrees,sports_bar,"2416 Brazos St STE 200, Houston, TX 77006, USA",Houston,USA,+1 713-882-1116,http://www.77-degrees.com/,info@77-degrees.com,valid,scraped_website,100,4,844,google_places_enriched,downtown_zone,4.8 miles,"Hi 77 Degrees team,

There's a World Cup game 4.8 miles from 77 Degrees, in less than 50 days, and 2× NRG Stadium (145K) worth of fans coming to Houston.

We're CrowdReady - a group of data scientists building actionable reports for Houston businesses. We pulled the numbers for 77 Degrees specifically:

- who's coming (countries, ages, spending profile)
- when they'll be near you, hour by hour, on game day
- a Facebook/Instagram ad you can launch before kickoff— copy, audience, budget
- a day-of plan: when to staff up, what to stock, what to price up
- the single move with the highest projected revenue for 77 Degrees

Worth taking a look? I can send over a quick 77 Degrees snapshot today with the key numbers and the clearest opportunity we see.

If it's useful, 15 minutes on Zoom and I'll show you how to deploy it.

Cheers,
Lucas","Hi 77 Degrees team,

There's a World Cup game 4.8 miles from 77 Degrees, in less than 50 days, and 2× NRG Stadium (145K) worth of fans coming to Houston.

We're CrowdReady - a group of data scientists building actionable reports for Houston businesses. We pulled the numbers for 77 Degrees specifically:

- who's coming (countries, ages, spending profile)
- when they'll be near you, hour by hour, on game day
- a Facebook/Instagram ad you can launch before kickoff— copy, audience, budget
- a day-of plan: when to staff up, what to stock, what to price up
- the single move with the highest projected revenue for 77 Degrees

Worth taking a look? I can send over a quick 77 Degrees snapshot today with the key numbers and the clearest opportunity we see.

If it's useful, 15 minutes on Zoom and I'll show you how to deploy it.

Cheers,
Anthony","Hi 77 Degrees team,

There's a World Cup game 4.8 miles from 77 Degrees, in less than 50 days, and 2× NRG Stadium (145K) worth of fans coming to Houston.

We're CrowdReady - a group of data scientists building actionable reports for Houston businesses. We pulled the numbers for 77 Degrees specifically:

- who's coming (countries, ages, spending profile)
- when they'll be near you, hour by hour, on game day
- a Facebook/Instagram ad you can launch before kickoff— copy, audience, budget
- a day-of plan: when to staff up, what to stock, what to price up
- the single move with the highest projected revenue for 77 Degrees

Worth taking a look? I can send over a quick 77 Degrees snapshot today with the key numbers and the clearest opportunity we see.

If it's useful, 15 minutes on Zoom and I'll show you how to deploy it.

Cheers,
Jacob",
FALSE,FALSE,Skylawn,sports_bar,"401 Franklin St, Houston, TX 77201, USA",Houston,USA,+1 713-999-2550,https://www.posthtx.com/skylawn,hello@posthtx.com,valid,scraped_website,100,4.5,362,google_places_enriched,downtown_zone,6.3 miles,"Hi Skylawn team,

There's a World Cup game 6.3 miles from Skylawn, in less than 50 days, and 2× NRG Stadium (145K) worth of fans coming to Houston.

We're CrowdReady - a group of data scientists building actionable reports for Houston businesses. We pulled the numbers for Skylawn specifically:

- who's coming (countries, ages, spending profile)
- when they'll be near you, hour by hour, on game day
- a Facebook/Instagram ad you can launch before kickoff— copy, audience, budget
- a day-of plan: when to staff up, what to stock, what to price up
- the single move with the highest projected revenue for Skylawn

Worth taking a look? I can send over a quick Skylawn snapshot today with the key numbers and the clearest opportunity we see.

If it's useful, 15 minutes on Zoom and I'll show you how to deploy it.

Cheers,
Lucas","Hi Skylawn team,

There's a World Cup game 6.3 miles from Skylawn, in less than 50 days, and 2× NRG Stadium (145K) worth of fans coming to Houston.

We're CrowdReady - a group of data scientists building actionable reports for Houston businesses. We pulled the numbers for Skylawn specifically:

- who's coming (countries, ages, spending profile)
- when they'll be near you, hour by hour, on game day
- a Facebook/Instagram ad you can launch before kickoff— copy, audience, budget
- a day-of plan: when to staff up, what to stock, what to price up
- the single move with the highest projected revenue for Skylawn

Worth taking a look? I can send over a quick Skylawn snapshot today with the key numbers and the clearest opportunity we see.

If it's useful, 15 minutes on Zoom and I'll show you how to deploy it.

Cheers,
Anthony","Hi Skylawn team,

There's a World Cup game 6.3 miles from Skylawn, in less than 50 days, and 2× NRG Stadium (145K) worth of fans coming to Houston.

We're CrowdReady - a group of data scientists building actionable reports for Houston businesses. We pulled the numbers for Skylawn specifically:

- who's coming (countries, ages, spending profile)
- when they'll be near you, hour by hour, on game day
- a Facebook/Instagram ad you can launch before kickoff— copy, audience, budget
- a day-of plan: when to staff up, what to stock, what to price up
- the single move with the highest projected revenue for Skylawn

Worth taking a look? I can send over a quick Skylawn snapshot today with the key numbers and the clearest opportunity we see.

If it's useful, 15 minutes on Zoom and I'll show you how to deploy it.

Cheers,
Jacob",
FALSE,FALSE,The Deck at The Laura Hotel,sports_bar,"1070 Dallas St, Houston, TX 77002, USA",Houston,USA,+1 713-242-8555,https://thelaurahotel.com/dining/the-deck/,reservations@thelaurahotel.com,valid,hunter_search,95,5,8,google_places_enriched,downtown_zone,5.6 miles,"Hi The Deck at The Laura Hotel team,

There's a World Cup game 5.6 miles from The Deck at The Laura Hotel, in less than 50 days, and 2× NRG Stadium (145K) worth of fans coming to Houston.

We're CrowdReady - a group of data scientists building actionable reports for Houston businesses. We pulled the numbers for The Deck at The Laura Hotel specifically:

- who's coming (countries, ages, spending profile)
- when they'll be near you, hour by hour, on game day
- a Facebook/Instagram ad you can launch before kickoff— copy, audience, budget
- a day-of plan: when to staff up, what to stock, what to price up
- the single move with the highest projected revenue for The Deck at The Laura Hotel

Worth taking a look? I can send over a quick The Deck at The Laura Hotel snapshot today with the key numbers and the clearest opportunity we see.

If it's useful, 15 minutes on Zoom and I'll show you how to deploy it.

Cheers,
Lucas","Hi The Deck at The Laura Hotel team,

There's a World Cup game 5.6 miles from The Deck at The Laura Hotel, in less than 50 days, and 2× NRG Stadium (145K) worth of fans coming to Houston.

We're CrowdReady - a group of data scientists building actionable reports for Houston businesses. We pulled the numbers for The Deck at The Laura Hotel specifically:

- who's coming (countries, ages, spending profile)
- when they'll be near you, hour by hour, on game day
- a Facebook/Instagram ad you can launch before kickoff— copy, audience, budget
- a day-of plan: when to staff up, what to stock, what to price up
- the single move with the highest projected revenue for The Deck at The Laura Hotel

Worth taking a look? I can send over a quick The Deck at The Laura Hotel snapshot today with the key numbers and the clearest opportunity we see.

If it's useful, 15 minutes on Zoom and I'll show you how to deploy it.

Cheers,
Anthony","Hi The Deck at The Laura Hotel team,

There's a World Cup game 5.6 miles from The Deck at The Laura Hotel, in less than 50 days, and 2× NRG Stadium (145K) worth of fans coming to Houston.

We're CrowdReady - a group of data scientists building actionable reports for Houston businesses. We pulled the numbers for The Deck at The Laura Hotel specifically:

- who's coming (countries, ages, spending profile)
- when they'll be near you, hour by hour, on game day
- a Facebook/Instagram ad you can launch before kickoff— copy, audience, budget
- a day-of plan: when to staff up, what to stock, what to price up
- the single move with the highest projected revenue for The Deck at The Laura Hotel

Worth taking a look? I can send over a quick The Deck at The Laura Hotel snapshot today with the key numbers and the clearest opportunity we see.

If it's useful, 15 minutes on Zoom and I'll show you how to deploy it.

Cheers,
Jacob",
FALSE,FALSE,"3 Stories, a Rooftop",sports_bar,"2206 Emancipation Ave, Houston, TX 77003, USA",Houston,USA,+1 713-533-1455,https://the3stories.com/,events@the3stories.com,valid,scraped_website,100,4.9,61,google_places_enriched,downtown_zone,4.9 miles,"Hi 3 Stories, a Rooftop team,

There's a World Cup game 4.9 miles from 3 Stories, a Rooftop, in less than 50 days, and 2× NRG Stadium (145K) worth of fans coming to Houston.

We're CrowdReady - a group of data scientists building actionable reports for Houston businesses. We pulled the numbers for 3 Stories, a Rooftop specifically:

- who's coming (countries, ages, spending profile)
- when they'll be near you, hour by hour, on game day
- a Facebook/Instagram ad you can launch before kickoff— copy, audience, budget
- a day-of plan: when to staff up, what to stock, what to price up
- the single move with the highest projected revenue for 3 Stories, a Rooftop

Worth taking a look? I can send over a quick 3 Stories, a Rooftop snapshot today with the key numbers and the clearest opportunity we see.

If it's useful, 15 minutes on Zoom and I'll show you how to deploy it.

Cheers,
Lucas","Hi 3 Stories, a Rooftop team,

There's a World Cup game 4.9 miles from 3 Stories, a Rooftop, in less than 50 days, and 2× NRG Stadium (145K) worth of fans coming to Houston.

We're CrowdReady - a group of data scientists building actionable reports for Houston businesses. We pulled the numbers for 3 Stories, a Rooftop specifically:

- who's coming (countries, ages, spending profile)
- when they'll be near you, hour by hour, on game day
- a Facebook/Instagram ad you can launch before kickoff— copy, audience, budget
- a day-of plan: when to staff up, what to stock, what to price up
- the single move with the highest projected revenue for 3 Stories, a Rooftop

Worth taking a look? I can send over a quick 3 Stories, a Rooftop snapshot today with the key numbers and the clearest opportunity we see.

If it's useful, 15 minutes on Zoom and I'll show you how to deploy it.

Cheers,
Anthony","Hi 3 Stories, a Rooftop team,

There's a World Cup game 4.9 miles from 3 Stories, a Rooftop, in less than 50 days, and 2× NRG Stadium (145K) worth of fans coming to Houston.

We're CrowdReady - a group of data scientists building actionable reports for Houston businesses. We pulled the numbers for 3 Stories, a Rooftop specifically:

- who's coming (countries, ages, spending profile)
- when they'll be near you, hour by hour, on game day
- a Facebook/Instagram ad you can launch before kickoff— copy, audience, budget
- a day-of plan: when to staff up, what to stock, what to price up
- the single move with the highest projected revenue for 3 Stories, a Rooftop

Worth taking a look? I can send over a quick 3 Stories, a Rooftop snapshot today with the key numbers and the clearest opportunity we see.

If it's useful, 15 minutes on Zoom and I'll show you how to deploy it.

Cheers,
Jacob",
FALSE,FALSE,Bayou & Bottle,sports_bar,"1300 Lamar St, Houston, TX 77010, USA",Houston,USA,+1 713-276-4715,https://www.fourseasons.com/houston/dining/lounges/bayou-and-bottle/?utm_source=google&utm_medium=organicsearch&utm_campaign=tor-hfs-fab-mid-seo-na&utm_content=na-na&utm_term=na,nicola.frizzale@fourseasons.com,valid,hunter_search,99,4.6,345,google_places_enriched,downtown_zone,5.6 miles,"Hi Bayou & Bottle team,

There's a World Cup game 5.6 miles from Bayou & Bottle, in less than 50 days, and 2× NRG Stadium (145K) worth of fans coming to Houston.

We're CrowdReady - a group of data scientists building actionable reports for Houston businesses. We pulled the numbers for Bayou & Bottle specifically:

- who's coming (countries, ages, spending profile)
- when they'll be near you, hour by hour, on game day
- a Facebook/Instagram ad you can launch before kickoff— copy, audience, budget
- a day-of plan: when to staff up, what to stock, what to price up
- the single move with the highest projected revenue for Bayou & Bottle

Worth taking a look? I can send over a quick Bayou & Bottle snapshot today with the key numbers and the clearest opportunity we see.

If it's useful, 15 minutes on Zoom and I'll show you how to deploy it.

Cheers,
Lucas","Hi Bayou & Bottle team,

There's a World Cup game 5.6 miles from Bayou & Bottle, in less than 50 days, and 2× NRG Stadium (145K) worth of fans coming to Houston.

We're CrowdReady - a group of data scientists building actionable reports for Houston businesses. We pulled the numbers for Bayou & Bottle specifically:

- who's coming (countries, ages, spending profile)
- when they'll be near you, hour by hour, on game day
- a Facebook/Instagram ad you can launch before kickoff— copy, audience, budget
- a day-of plan: when to staff up, what to stock, what to price up
- the single move with the highest projected revenue for Bayou & Bottle

Worth taking a look? I can send over a quick Bayou & Bottle snapshot today with the key numbers and the clearest opportunity we see.

If it's useful, 15 minutes on Zoom and I'll show you how to deploy it.

Cheers,
Anthony","Hi Bayou & Bottle team,

There's a World Cup game 5.6 miles from Bayou & Bottle, in less than 50 days, and 2× NRG Stadium (145K) worth of fans coming to Houston.

We're CrowdReady - a group of data scientists building actionable reports for Houston businesses. We pulled the numbers for Bayou & Bottle specifically:

- who's coming (countries, ages, spending profile)
- when they'll be near you, hour by hour, on game day
- a Facebook/Instagram ad you can launch before kickoff— copy, audience, budget
- a day-of plan: when to staff up, what to stock, what to price up
- the single move with the highest projected revenue for Bayou & Bottle

Worth taking a look? I can send over a quick Bayou & Bottle snapshot today with the key numbers and the clearest opportunity we see.

If it's useful, 15 minutes on Zoom and I'll show you how to deploy it.

Cheers,
Jacob",
FALSE,FALSE,The Moonshiners Southern Table + Bar,sports_bar,"1000 Prairie St, Houston, TX 77002, USA",Houston,USA,+1 713-226-7717,http://www.themoonshinershouston.com/,info@themoonshinershouston.com,valid,scraped_website,100,4.3,2676,google_places_enriched,downtown_zone,6.0 miles,"Hi The Moonshiners Southern Table + Bar team,

There's a World Cup game 6.0 miles from The Moonshiners Southern Table + Bar, in less than 50 days, and 2× NRG Stadium (145K) worth of fans coming to Houston.

We're CrowdReady - a group of data scientists building actionable reports for Houston businesses. We pulled the numbers for The Moonshiners Southern Table + Bar specifically:

- who's coming (countries, ages, spending profile)
- when they'll be near you, hour by hour, on game day
- a Facebook/Instagram ad you can launch before kickoff— copy, audience, budget
- a day-of plan: when to staff up, what to stock, what to price up
- the single move with the highest projected revenue for The Moonshiners Southern Table + Bar

Worth taking a look? I can send over a quick The Moonshiners Southern Table + Bar snapshot today with the key numbers and the clearest opportunity we see.

If it's useful, 15 minutes on Zoom and I'll show you how to deploy it.

Cheers,
Lucas","Hi The Moonshiners Southern Table + Bar team,

There's a World Cup game 6.0 miles from The Moonshiners Southern Table + Bar, in less than 50 days, and 2× NRG Stadium (145K) worth of fans coming to Houston.

We're CrowdReady - a group of data scientists building actionable reports for Houston businesses. We pulled the numbers for The Moonshiners Southern Table + Bar specifically:

- who's coming (countries, ages, spending profile)
- when they'll be near you, hour by hour, on game day
- a Facebook/Instagram ad you can launch before kickoff— copy, audience, budget
- a day-of plan: when to staff up, what to stock, what to price up
- the single move with the highest projected revenue for The Moonshiners Southern Table + Bar

Worth taking a look? I can send over a quick The Moonshiners Southern Table + Bar snapshot today with the key numbers and the clearest opportunity we see.

If it's useful, 15 minutes on Zoom and I'll show you how to deploy it.

Cheers,
Anthony","Hi The Moonshiners Southern Table + Bar team,

There's a World Cup game 6.0 miles from The Moonshiners Southern Table + Bar, in less than 50 days, and 2× NRG Stadium (145K) worth of fans coming to Houston.

We're CrowdReady - a group of data scientists building actionable reports for Houston businesses. We pulled the numbers for The Moonshiners Southern Table + Bar specifically:

- who's coming (countries, ages, spending profile)
- when they'll be near you, hour by hour, on game day
- a Facebook/Instagram ad you can launch before kickoff— copy, audience, budget
- a day-of plan: when to staff up, what to stock, what to price up
- the single move with the highest projected revenue for The Moonshiners Southern Table + Bar

Worth taking a look? I can send over a quick The Moonshiners Southern Table + Bar snapshot today with the key numbers and the clearest opportunity we see.

If it's useful, 15 minutes on Zoom and I'll show you how to deploy it.

Cheers,
Jacob",
FALSE,FALSE,Reserve 101,sports_bar,"1201 Caroline St STE 100, Houston, TX 77002, USA",Houston,USA,+1 713-480-1579,http://www.reserve101.com/,info@reserve101.com,valid,scraped_website,100,4.6,808,google_places_enriched,downtown_zone,5.5 miles,"Hi Reserve 101 team,

There's a World Cup game 5.5 miles from Reserve 101, in less than 50 days, and 2× NRG Stadium (145K) worth of fans coming to Houston.

We're CrowdReady - a group of data scientists building actionable reports for Houston businesses. We pulled the numbers for Reserve 101 specifically:

- who's coming (countries, ages, spending profile)
- when they'll be near you, hour by hour, on game day
- a Facebook/Instagram ad you can launch before kickoff— copy, audience, budget
- a day-of plan: when to staff up, what to stock, what to price up
- the single move with the highest projected revenue for Reserve 101

Worth taking a look? I can send over a quick Reserve 101 snapshot today with the key numbers and the clearest opportunity we see.

If it's useful, 15 minutes on Zoom and I'll show you how to deploy it.

Cheers,
Lucas","Hi Reserve 101 team,

There's a World Cup game 5.5 miles from Reserve 101, in less than 50 days, and 2× NRG Stadium (145K) worth of fans coming to Houston.

We're CrowdReady - a group of data scientists building actionable reports for Houston businesses. We pulled the numbers for Reserve 101 specifically:

- who's coming (countries, ages, spending profile)
- when they'll be near you, hour by hour, on game day
- a Facebook/Instagram ad you can launch before kickoff— copy, audience, budget
- a day-of plan: when to staff up, what to stock, what to price up
- the single move with the highest projected revenue for Reserve 101

Worth taking a look? I can send over a quick Reserve 101 snapshot today with the key numbers and the clearest opportunity we see.

If it's useful, 15 minutes on Zoom and I'll show you how to deploy it.

Cheers,
Anthony","Hi Reserve 101 team,

There's a World Cup game 5.5 miles from Reserve 101, in less than 50 days, and 2× NRG Stadium (145K) worth of fans coming to Houston.

We're CrowdReady - a group of data scientists building actionable reports for Houston businesses. We pulled the numbers for Reserve 101 specifically:

- who's coming (countries, ages, spending profile)
- when they'll be near you, hour by hour, on game day
- a Facebook/Instagram ad you can launch before kickoff— copy, audience, budget
- a day-of plan: when to staff up, what to stock, what to price up
- the single move with the highest projected revenue for Reserve 101

Worth taking a look? I can send over a quick Reserve 101 snapshot today with the key numbers and the clearest opportunity we see.

If it's useful, 15 minutes on Zoom and I'll show you how to deploy it.

Cheers,
Jacob",
FALSE,FALSE,Lyric Bar,sports_bar,"411 Smith St, Houston, TX 77002, USA",Houston,USA,,https://www.lyricmarket.com/lyric-bar/,m.hunt@lyricmarket.com,valid,hunter_search,60,4.6,96,google_places_enriched,downtown_zone,6.1 miles,"Hi Lyric Bar team,

There's a World Cup game 6.1 miles from Lyric Bar, in less than 50 days, and 2× NRG Stadium (145K) worth of fans coming to Houston.

We're CrowdReady - a group of data scientists building actionable reports for Houston businesses. We pulled the numbers for Lyric Bar specifically:

- who's coming (countries, ages, spending profile)
- when they'll be near you, hour by hour, on game day
- a Facebook/Instagram ad you can launch before kickoff— copy, audience, budget
- a day-of plan: when to staff up, what to stock, what to price up
- the single move with the highest projected revenue for Lyric Bar

Worth taking a look? I can send over a quick Lyric Bar snapshot today with the key numbers and the clearest opportunity we see.

If it's useful, 15 minutes on Zoom and I'll show you how to deploy it.

Cheers,
Lucas","Hi Lyric Bar team,

There's a World Cup game 6.1 miles from Lyric Bar, in less than 50 days, and 2× NRG Stadium (145K) worth of fans coming to Houston.

We're CrowdReady - a group of data scientists building actionable reports for Houston businesses. We pulled the numbers for Lyric Bar specifically:

- who's coming (countries, ages, spending profile)
- when they'll be near you, hour by hour, on game day
- a Facebook/Instagram ad you can launch before kickoff— copy, audience, budget
- a day-of plan: when to staff up, what to stock, what to price up
- the single move with the highest projected revenue for Lyric Bar

Worth taking a look? I can send over a quick Lyric Bar snapshot today with the key numbers and the clearest opportunity we see.

If it's useful, 15 minutes on Zoom and I'll show you how to deploy it.

Cheers,
Anthony","Hi Lyric Bar team,

There's a World Cup game 6.1 miles from Lyric Bar, in less than 50 days, and 2× NRG Stadium (145K) worth of fans coming to Houston.

We're CrowdReady - a group of data scientists building actionable reports for Houston businesses. We pulled the numbers for Lyric Bar specifically:

- who's coming (countries, ages, spending profile)
- when they'll be near you, hour by hour, on game day
- a Facebook/Instagram ad you can launch before kickoff— copy, audience, budget
- a day-of plan: when to staff up, what to stock, what to price up
- the single move with the highest projected revenue for Lyric Bar

Worth taking a look? I can send over a quick Lyric Bar snapshot today with the key numbers and the clearest opportunity we see.

If it's useful, 15 minutes on Zoom and I'll show you how to deploy it.

Cheers,
Jacob",
FALSE,FALSE,Little Woodrow's EaDo,sports_bar,"801 St Emanuel St, Houston, TX 77003, USA",Houston,USA,+1 346-335-3329,https://littlewoodrows.com/locations/eado/,brandon@littlewoodrows.com,valid,hunter_search,99,4.2,1203,google_places_enriched,downtown_zone,5.8 miles,"Hi Little Woodrow's EaDo team,

There's a World Cup game 5.8 miles from Little Woodrow's EaDo, in less than 50 days, and 2× NRG Stadium (145K) worth of fans coming to Houston.

We're CrowdReady - a group of data scientists building actionable reports for Houston businesses. We pulled the numbers for Little Woodrow's EaDo specifically:

- who's coming (countries, ages, spending profile)
- when they'll be near you, hour by hour, on game day
- a Facebook/Instagram ad you can launch before kickoff— copy, audience, budget
- a day-of plan: when to staff up, what to stock, what to price up
- the single move with the highest projected revenue for Little Woodrow's EaDo

Worth taking a look? I can send over a quick Little Woodrow's EaDo snapshot today with the key numbers and the clearest opportunity we see.

If it's useful, 15 minutes on Zoom and I'll show you how to deploy it.

Cheers,
Lucas","Hi Little Woodrow's EaDo team,

There's a World Cup game 5.8 miles from Little Woodrow's EaDo, in less than 50 days, and 2× NRG Stadium (145K) worth of fans coming to Houston.

We're CrowdReady - a group of data scientists building actionable reports for Houston businesses. We pulled the numbers for Little Woodrow's EaDo specifically:

- who's coming (countries, ages, spending profile)
- when they'll be near you, hour by hour, on game day
- a Facebook/Instagram ad you can launch before kickoff— copy, audience, budget
- a day-of plan: when to staff up, what to stock, what to price up
- the single move with the highest projected revenue for Little Woodrow's EaDo

Worth taking a look? I can send over a quick Little Woodrow's EaDo snapshot today with the key numbers and the clearest opportunity we see.

If it's useful, 15 minutes on Zoom and I'll show you how to deploy it.

Cheers,
Anthony","Hi Little Woodrow's EaDo team,

There's a World Cup game 5.8 miles from Little Woodrow's EaDo, in less than 50 days, and 2× NRG Stadium (145K) worth of fans coming to Houston.

We're CrowdReady - a group of data scientists building actionable reports for Houston businesses. We pulled the numbers for Little Woodrow's EaDo specifically:

- who's coming (countries, ages, spending profile)
- when they'll be near you, hour by hour, on game day
- a Facebook/Instagram ad you can launch before kickoff— copy, audience, budget
- a day-of plan: when to staff up, what to stock, what to price up
- the single move with the highest projected revenue for Little Woodrow's EaDo

Worth taking a look? I can send over a quick Little Woodrow's EaDo snapshot today with the key numbers and the clearest opportunity we see.

If it's useful, 15 minutes on Zoom and I'll show you how to deploy it.

Cheers,
Jacob",
FALSE,FALSE,Boheme,sports_bar,"307 Fairview St, Houston, TX 77006, USA",Houston,USA,+1 832-462-7455,https://www.barboheme.com/?utm_source=local&utm_medium=organic&utm_campaign=gmb,sayli@barboheme.com,valid,hunter_search,81,4.3,2801,google_places_enriched,uptown_zone,4.6 miles,"Hi Boheme team,

There's a World Cup game 4.6 miles from Boheme, in less than 50 days, and 2× NRG Stadium (145K) worth of fans coming to Houston.

We're CrowdReady - a group of data scientists building actionable reports for Houston businesses. We pulled the numbers for Boheme specifically:

- who's coming (countries, ages, spending profile)
- when they'll be near you, hour by hour, on game day
- a Facebook/Instagram ad you can launch before kickoff— copy, audience, budget
- a day-of plan: when to staff up, what to stock, what to price up
- the single move with the highest projected revenue for Boheme

Worth taking a look? I can send over a quick Boheme snapshot today with the key numbers and the clearest opportunity we see.

If it's useful, 15 minutes on Zoom and I'll show you how to deploy it.

Cheers,
Lucas","Hi Boheme team,

There's a World Cup game 4.6 miles from Boheme, in less than 50 days, and 2× NRG Stadium (145K) worth of fans coming to Houston.

We're CrowdReady - a group of data scientists building actionable reports for Houston businesses. We pulled the numbers for Boheme specifically:

- who's coming (countries, ages, spending profile)
- when they'll be near you, hour by hour, on game day
- a Facebook/Instagram ad you can launch before kickoff— copy, audience, budget
- a day-of plan: when to staff up, what to stock, what to price up
- the single move with the highest projected revenue for Boheme

Worth taking a look? I can send over a quick Boheme snapshot today with the key numbers and the clearest opportunity we see.

If it's useful, 15 minutes on Zoom and I'll show you how to deploy it.

Cheers,
Anthony","Hi Boheme team,

There's a World Cup game 4.6 miles from Boheme, in less than 50 days, and 2× NRG Stadium (145K) worth of fans coming to Houston.

We're CrowdReady - a group of data scientists building actionable reports for Houston businesses. We pulled the numbers for Boheme specifically:

- who's coming (countries, ages, spending profile)
- when they'll be near you, hour by hour, on game day
- a Facebook/Instagram ad you can launch before kickoff— copy, audience, budget
- a day-of plan: when to staff up, what to stock, what to price up
- the single move with the highest projected revenue for Boheme

Worth taking a look? I can send over a quick Boheme snapshot today with the key numbers and the clearest opportunity we see.

If it's useful, 15 minutes on Zoom and I'll show you how to deploy it.

Cheers,
Jacob",
FALSE,FALSE,Clarkwood,cocktail_bar,"3201 Allen Pkwy Suite 190, Houston, TX 77019, USA",Houston,USA,+1 346-506-1294,https://www.clarkwoodhtx.com/,info@clarkwoodhtx.com,accept_all,scraped_website,79,4.4,1496,google_places_enriched,uptown_zone,5.2 miles,"Hi Clarkwood team,

There's a World Cup game 5.2 miles from Clarkwood, in less than 50 days, and 2× NRG Stadium (145K) worth of fans coming to Houston.

We're CrowdReady - a group of data scientists building actionable reports for Houston businesses. We pulled the numbers for Clarkwood specifically:

- who's coming (countries, ages, spending profile)
- when they'll be near you, hour by hour, on game day
- a Facebook/Instagram ad you can launch before kickoff— copy, audience, budget
- a day-of plan: when to staff up, what to stock, what to price up
- the single move with the highest projected revenue for Clarkwood

Worth taking a look? I can send over a quick Clarkwood snapshot today with the key numbers and the clearest opportunity we see.

If it's useful, 15 minutes on Zoom and I'll show you how to deploy it.

Cheers,
Lucas","Hi Clarkwood team,

There's a World Cup game 5.2 miles from Clarkwood, in less than 50 days, and 2× NRG Stadium (145K) worth of fans coming to Houston.

We're CrowdReady - a group of data scientists building actionable reports for Houston businesses. We pulled the numbers for Clarkwood specifically:

- who's coming (countries, ages, spending profile)
- when they'll be near you, hour by hour, on game day
- a Facebook/Instagram ad you can launch before kickoff— copy, audience, budget
- a day-of plan: when to staff up, what to stock, what to price up
- the single move with the highest projected revenue for Clarkwood

Worth taking a look? I can send over a quick Clarkwood snapshot today with the key numbers and the clearest opportunity we see.

If it's useful, 15 minutes on Zoom and I'll show you how to deploy it.

Cheers,
Anthony","Hi Clarkwood team,

There's a World Cup game 5.2 miles from Clarkwood, in less than 50 days, and 2× NRG Stadium (145K) worth of fans coming to Houston.

We're CrowdReady - a group of data scientists building actionable reports for Houston businesses. We pulled the numbers for Clarkwood specifically:

- who's coming (countries, ages, spending profile)
- when they'll be near you, hour by hour, on game day
- a Facebook/Instagram ad you can launch before kickoff— copy, audience, budget
- a day-of plan: when to staff up, what to stock, what to price up
- the single move with the highest projected revenue for Clarkwood

Worth taking a look? I can send over a quick Clarkwood snapshot today with the key numbers and the clearest opportunity we see.

If it's useful, 15 minutes on Zoom and I'll show you how to deploy it.

Cheers,
Jacob",
FALSE,FALSE,Grand Prize,cocktail_bar,"1010 Banks St, Houston, TX 77006, USA",Houston,USA,,https://www.instagram.com/grandprizebar/?hl=en,soniaalam@instagram.com,accept_all,hunter_search,94,4.5,1177,google_places_enriched,uptown_zone,3.4 miles,"Hi Grand Prize team,

There's a World Cup game 3.4 miles from Grand Prize, in less than 50 days, and 2× NRG Stadium (145K) worth of fans coming to Houston.

We're CrowdReady - a group of data scientists building actionable reports for Houston businesses. We pulled the numbers for Grand Prize specifically:

- who's coming (countries, ages, spending profile)
- when they'll be near you, hour by hour, on game day
- a Facebook/Instagram ad you can launch before kickoff— copy, audience, budget
- a day-of plan: when to staff up, what to stock, what to price up
- the single move with the highest projected revenue for Grand Prize

Worth taking a look? I can send over a quick Grand Prize snapshot today with the key numbers and the clearest opportunity we see.

If it's useful, 15 minutes on Zoom and I'll show you how to deploy it.

Cheers,
Lucas","Hi Grand Prize team,

There's a World Cup game 3.4 miles from Grand Prize, in less than 50 days, and 2× NRG Stadium (145K) worth of fans coming to Houston.

We're CrowdReady - a group of data scientists building actionable reports for Houston businesses. We pulled the numbers for Grand Prize specifically:

- who's coming (countries, ages, spending profile)
- when they'll be near you, hour by hour, on game day
- a Facebook/Instagram ad you can launch before kickoff— copy, audience, budget
- a day-of plan: when to staff up, what to stock, what to price up
- the single move with the highest projected revenue for Grand Prize

Worth taking a look? I can send over a quick Grand Prize snapshot today with the key numbers and the clearest opportunity we see.

If it's useful, 15 minutes on Zoom and I'll show you how to deploy it.

Cheers,
Anthony","Hi Grand Prize team,

There's a World Cup game 3.4 miles from Grand Prize, in less than 50 days, and 2× NRG Stadium (145K) worth of fans coming to Houston.

We're CrowdReady - a group of data scientists building actionable reports for Houston businesses. We pulled the numbers for Grand Prize specifically:

- who's coming (countries, ages, spending profile)
- when they'll be near you, hour by hour, on game day
- a Facebook/Instagram ad you can launch before kickoff— copy, audience, budget
- a day-of plan: when to staff up, what to stock, what to price up
- the single move with the highest projected revenue for Grand Prize

Worth taking a look? I can send over a quick Grand Prize snapshot today with the key numbers and the clearest opportunity we see.

If it's useful, 15 minutes on Zoom and I'll show you how to deploy it.

Cheers,
Jacob",
FALSE,FALSE,13 celsius,sports_bar,"3000 Caroline St, Houston, TX 77004, USA",Houston,USA,+1 713-529-8466,https://13celsius.com/,info@13celsius.com,accept_all,scraped_website,78,4.7,829,google_places_enriched,uptown_zone,4.5 miles,"Hi 13 celsius team,

There's a World Cup game 4.5 miles from 13 celsius, in less than 50 days, and 2× NRG Stadium (145K) worth of fans coming to Houston.

We're CrowdReady - a group of data scientists building actionable reports for Houston businesses. We pulled the numbers for 13 celsius specifically:

- who's coming (countries, ages, spending profile)
- when they'll be near you, hour by hour, on game day
- a Facebook/Instagram ad you can launch before kickoff— copy, audience, budget
- a day-of plan: when to staff up, what to stock, what to price up
- the single move with the highest projected revenue for 13 celsius

Worth taking a look? I can send over a quick 13 celsius snapshot today with the key numbers and the clearest opportunity we see.

If it's useful, 15 minutes on Zoom and I'll show you how to deploy it.

Cheers,
Lucas","Hi 13 celsius team,

There's a World Cup game 4.5 miles from 13 celsius, in less than 50 days, and 2× NRG Stadium (145K) worth of fans coming to Houston.

We're CrowdReady - a group of data scientists building actionable reports for Houston businesses. We pulled the numbers for 13 celsius specifically:

- who's coming (countries, ages, spending profile)
- when they'll be near you, hour by hour, on game day
- a Facebook/Instagram ad you can launch before kickoff— copy, audience, budget
- a day-of plan: when to staff up, what to stock, what to price up
- the single move with the highest projected revenue for 13 celsius

Worth taking a look? I can send over a quick 13 celsius snapshot today with the key numbers and the clearest opportunity we see.

If it's useful, 15 minutes on Zoom and I'll show you how to deploy it.

Cheers,
Anthony","Hi 13 celsius team,

There's a World Cup game 4.5 miles from 13 celsius, in less than 50 days, and 2× NRG Stadium (145K) worth of fans coming to Houston.

We're CrowdReady - a group of data scientists building actionable reports for Houston businesses. We pulled the numbers for 13 celsius specifically:

- who's coming (countries, ages, spending profile)
- when they'll be near you, hour by hour, on game day
- a Facebook/Instagram ad you can launch before kickoff— copy, audience, budget
- a day-of plan: when to staff up, what to stock, what to price up
- the single move with the highest projected revenue for 13 celsius

Worth taking a look? I can send over a quick 13 celsius snapshot today with the key numbers and the clearest opportunity we see.

If it's useful, 15 minutes on Zoom and I'll show you how to deploy it.

Cheers,
Jacob",
FALSE,FALSE,Second Draught,sports_bar,"4201 Main St Suite 130, Houston, TX 77002, USA",Houston,USA,+1 713-485-4221,http://www.seconddraughthtx.com/,beer@seconddraughthtx.com,valid,scraped_website,100,4.8,36,google_places_enriched,uptown_zone,3.8 miles,"Hi Second Draught team,

There's a World Cup game 3.8 miles from Second Draught, in less than 50 days, and 2× NRG Stadium (145K) worth of fans coming to Houston.

We're CrowdReady - a group of data scientists building actionable reports for Houston businesses. We pulled the numbers for Second Draught specifically:

- who's coming (countries, ages, spending profile)
- when they'll be near you, hour by hour, on game day
- a Facebook/Instagram ad you can launch before kickoff— copy, audience, budget
- a day-of plan: when to staff up, what to stock, what to price up
- the single move with the highest projected revenue for Second Draught

Worth taking a look? I can send over a quick Second Draught snapshot today with the key numbers and the clearest opportunity we see.

If it's useful, 15 minutes on Zoom and I'll show you how to deploy it.

Cheers,
Lucas","Hi Second Draught team,

There's a World Cup game 3.8 miles from Second Draught, in less than 50 days, and 2× NRG Stadium (145K) worth of fans coming to Houston.

We're CrowdReady - a group of data scientists building actionable reports for Houston businesses. We pulled the numbers for Second Draught specifically:

- who's coming (countries, ages, spending profile)
- when they'll be near you, hour by hour, on game day
- a Facebook/Instagram ad you can launch before kickoff— copy, audience, budget
- a day-of plan: when to staff up, what to stock, what to price up
- the single move with the highest projected revenue for Second Draught

Worth taking a look? I can send over a quick Second Draught snapshot today with the key numbers and the clearest opportunity we see.

If it's useful, 15 minutes on Zoom and I'll show you how to deploy it.

Cheers,
Anthony","Hi Second Draught team,

There's a World Cup game 3.8 miles from Second Draught, in less than 50 days, and 2× NRG Stadium (145K) worth of fans coming to Houston.

We're CrowdReady - a group of data scientists building actionable reports for Houston businesses. We pulled the numbers for Second Draught specifically:

- who's coming (countries, ages, spending profile)
- when they'll be near you, hour by hour, on game day
- a Facebook/Instagram ad you can launch before kickoff— copy, audience, budget
- a day-of plan: when to staff up, what to stock, what to price up
- the single move with the highest projected revenue for Second Draught

Worth taking a look? I can send over a quick Second Draught snapshot today with the key numbers and the clearest opportunity we see.

If it's useful, 15 minutes on Zoom and I'll show you how to deploy it.

Cheers,
Jacob",
FALSE,FALSE,Pour Behavior,sports_bar,"2211 Travis St, Houston, TX 77002, USA",Houston,USA,+1 833-623-4283,https://www.pourbehaviortx.com/,stormy@pourbehaviortx.com,valid,hunter_search,99,4.1,1762,google_places_enriched,uptown_zone,4.9 miles,"Hi Pour Behavior team,

There's a World Cup game 4.9 miles from Pour Behavior, in less than 50 days, and 2× NRG Stadium (145K) worth of fans coming to Houston.

We're CrowdReady - a group of data scientists building actionable reports for Houston businesses. We pulled the numbers for Pour Behavior specifically:

- who's coming (countries, ages, spending profile)
- when they'll be near you, hour by hour, on game day
- a Facebook/Instagram ad you can launch before kickoff— copy, audience, budget
- a day-of plan: when to staff up, what to stock, what to price up
- the single move with the highest projected revenue for Pour Behavior

Worth taking a look? I can send over a quick Pour Behavior snapshot today with the key numbers and the clearest opportunity we see.

If it's useful, 15 minutes on Zoom and I'll show you how to deploy it.

Cheers,
Lucas","Hi Pour Behavior team,

There's a World Cup game 4.9 miles from Pour Behavior, in less than 50 days, and 2× NRG Stadium (145K) worth of fans coming to Houston.

We're CrowdReady - a group of data scientists building actionable reports for Houston businesses. We pulled the numbers for Pour Behavior specifically:

- who's coming (countries, ages, spending profile)
- when they'll be near you, hour by hour, on game day
- a Facebook/Instagram ad you can launch before kickoff— copy, audience, budget
- a day-of plan: when to staff up, what to stock, what to price up
- the single move with the highest projected revenue for Pour Behavior

Worth taking a look? I can send over a quick Pour Behavior snapshot today with the key numbers and the clearest opportunity we see.

If it's useful, 15 minutes on Zoom and I'll show you how to deploy it.

Cheers,
Anthony","Hi Pour Behavior team,

There's a World Cup game 4.9 miles from Pour Behavior, in less than 50 days, and 2× NRG Stadium (145K) worth of fans coming to Houston.

We're CrowdReady - a group of data scientists building actionable reports for Houston businesses. We pulled the numbers for Pour Behavior specifically:

- who's coming (countries, ages, spending profile)
- when they'll be near you, hour by hour, on game day
- a Facebook/Instagram ad you can launch before kickoff— copy, audience, budget
- a day-of plan: when to staff up, what to stock, what to price up
- the single move with the highest projected revenue for Pour Behavior

Worth taking a look? I can send over a quick Pour Behavior snapshot today with the key numbers and the clearest opportunity we see.

If it's useful, 15 minutes on Zoom and I'll show you how to deploy it.

Cheers,
Jacob",
FALSE,FALSE,Eight Row Flint East End,sports_bar,"3501 Harrisburg Blvd Suite A, Houston, TX 77003, USA",Houston,USA,+1 832-409-1850,https://www.agricolehospitality.com/eight-row-flint-east,morgan@agricolehospitality.com,valid,hunter_search,98,4.4,325,google_places_enriched,uptown_zone,6.1 miles,"Hi Eight Row Flint East End team,

There's a World Cup game 6.1 miles from Eight Row Flint East End, in less than 50 days, and 2× NRG Stadium (145K) worth of fans coming to Houston.

We're CrowdReady - a group of data scientists building actionable reports for Houston businesses. We pulled the numbers for Eight Row Flint East End specifically:

- who's coming (countries, ages, spending profile)
- when they'll be near you, hour by hour, on game day
- a Facebook/Instagram ad you can launch before kickoff— copy, audience, budget
- a day-of plan: when to staff up, what to stock, what to price up
- the single move with the highest projected revenue for Eight Row Flint East End

Worth taking a look? I can send over a quick Eight Row Flint East End snapshot today with the key numbers and the clearest opportunity we see.

If it's useful, 15 minutes on Zoom and I'll show you how to deploy it.

Cheers,
Lucas","Hi Eight Row Flint East End team,

There's a World Cup game 6.1 miles from Eight Row Flint East End, in less than 50 days, and 2× NRG Stadium (145K) worth of fans coming to Houston.

We're CrowdReady - a group of data scientists building actionable reports for Houston businesses. We pulled the numbers for Eight Row Flint East End specifically:

- who's coming (countries, ages, spending profile)
- when they'll be near you, hour by hour, on game day
- a Facebook/Instagram ad you can launch before kickoff— copy, audience, budget
- a day-of plan: when to staff up, what to stock, what to price up
- the single move with the highest projected revenue for Eight Row Flint East End

Worth taking a look? I can send over a quick Eight Row Flint East End snapshot today with the key numbers and the clearest opportunity we see.

If it's useful, 15 minutes on Zoom and I'll show you how to deploy it.

Cheers,
Anthony","Hi Eight Row Flint East End team,

There's a World Cup game 6.1 miles from Eight Row Flint East End, in less than 50 days, and 2× NRG Stadium (145K) worth of fans coming to Houston.

We're CrowdReady - a group of data scientists building actionable reports for Houston businesses. We pulled the numbers for Eight Row Flint East End specifically:

- who's coming (countries, ages, spending profile)
- when they'll be near you, hour by hour, on game day
- a Facebook/Instagram ad you can launch before kickoff— copy, audience, budget
- a day-of plan: when to staff up, what to stock, what to price up
- the single move with the highest projected revenue for Eight Row Flint East End

Worth taking a look? I can send over a quick Eight Row Flint East End snapshot today with the key numbers and the clearest opportunity we see.

If it's useful, 15 minutes on Zoom and I'll show you how to deploy it.

Cheers,
Jacob",
FALSE,FALSE,"Good God, Nadine's",sports_bar,"33 Waugh Dr, Houston, TX 77007, USA",Houston,USA,+1 713-864-8084,https://goodgodnadines.com/,info@goodgodnadines.com,valid,scraped_website,100,4.8,172,google_places_enriched,uptown_zone,5.8 miles,"Hi Good God, Nadine's team,

There's a World Cup game 5.8 miles from Good God, Nadine's, in less than 50 days, and 2× NRG Stadium (145K) worth of fans coming to Houston.

We're CrowdReady - a group of data scientists building actionable reports for Houston businesses. We pulled the numbers for Good God, Nadine's specifically:

- who's coming (countries, ages, spending profile)
- when they'll be near you, hour by hour, on game day
- a Facebook/Instagram ad you can launch before kickoff— copy, audience, budget
- a day-of plan: when to staff up, what to stock, what to price up
- the single move with the highest projected revenue for Good God, Nadine's

Worth taking a look? I can send over a quick Good God, Nadine's snapshot today with the key numbers and the clearest opportunity we see.

If it's useful, 15 minutes on Zoom and I'll show you how to deploy it.

Cheers,
Lucas","Hi Good God, Nadine's team,

There's a World Cup game 5.8 miles from Good God, Nadine's, in less than 50 days, and 2× NRG Stadium (145K) worth of fans coming to Houston.

We're CrowdReady - a group of data scientists building actionable reports for Houston businesses. We pulled the numbers for Good God, Nadine's specifically:

- who's coming (countries, ages, spending profile)
- when they'll be near you, hour by hour, on game day
- a Facebook/Instagram ad you can launch before kickoff— copy, audience, budget
- a day-of plan: when to staff up, what to stock, what to price up
- the single move with the highest projected revenue for Good God, Nadine's

Worth taking a look? I can send over a quick Good God, Nadine's snapshot today with the key numbers and the clearest opportunity we see.

If it's useful, 15 minutes on Zoom and I'll show you how to deploy it.

Cheers,
Anthony","Hi Good God, Nadine's team,

There's a World Cup game 5.8 miles from Good God, Nadine's, in less than 50 days, and 2× NRG Stadium (145K) worth of fans coming to Houston.

We're CrowdReady - a group of data scientists building actionable reports for Houston businesses. We pulled the numbers for Good God, Nadine's specifically:

- who's coming (countries, ages, spending profile)
- when they'll be near you, hour by hour, on game day
- a Facebook/Instagram ad you can launch before kickoff— copy, audience, budget
- a day-of plan: when to staff up, what to stock, what to price up
- the single move with the highest projected revenue for Good God, Nadine's

Worth taking a look? I can send over a quick Good God, Nadine's snapshot today with the key numbers and the clearest opportunity we see.

If it's useful, 15 minutes on Zoom and I'll show you how to deploy it.

Cheers,
Jacob",
FALSE,FALSE,Under the Radar Brewery,sports_bar,"1506 Truxillo St, Houston, TX 77004, USA",Houston,USA,+1 346-345-4765,https://www.undertheradarbrewery.com/,info@undertheradarbrewery.com,valid,hunter_search,99,4.7,441,google_places_enriched,uptown_zone,4.0 miles,"Hi Under the Radar Brewery team,

There's a World Cup game 4.0 miles from Under the Radar Brewery, in less than 50 days, and 2× NRG Stadium (145K) worth of fans coming to Houston.

We're CrowdReady - a group of data scientists building actionable reports for Houston businesses. We pulled the numbers for Under the Radar Brewery specifically:

- who's coming (countries, ages, spending profile)
- when they'll be near you, hour by hour, on game day
- a Facebook/Instagram ad you can launch before kickoff— copy, audience, budget
- a day-of plan: when to staff up, what to stock, what to price up
- the single move with the highest projected revenue for Under the Radar Brewery

Worth taking a look? I can send over a quick Under the Radar Brewery snapshot today with the key numbers and the clearest opportunity we see.

If it's useful, 15 minutes on Zoom and I'll show you how to deploy it.

Cheers,
Lucas","Hi Under the Radar Brewery team,

There's a World Cup game 4.0 miles from Under the Radar Brewery, in less than 50 days, and 2× NRG Stadium (145K) worth of fans coming to Houston.

We're CrowdReady - a group of data scientists building actionable reports for Houston businesses. We pulled the numbers for Under the Radar Brewery specifically:

- who's coming (countries, ages, spending profile)
- when they'll be near you, hour by hour, on game day
- a Facebook/Instagram ad you can launch before kickoff— copy, audience, budget
- a day-of plan: when to staff up, what to stock, what to price up
- the single move with the highest projected revenue for Under the Radar Brewery

Worth taking a look? I can send over a quick Under the Radar Brewery snapshot today with the key numbers and the clearest opportunity we see.

If it's useful, 15 minutes on Zoom and I'll show you how to deploy it.

Cheers,
Anthony","Hi Under the Radar Brewery team,

There's a World Cup game 4.0 miles from Under the Radar Brewery, in less than 50 days, and 2× NRG Stadium (145K) worth of fans coming to Houston.

We're CrowdReady - a group of data scientists building actionable reports for Houston businesses. We pulled the numbers for Under the Radar Brewery specifically:

- who's coming (countries, ages, spending profile)
- when they'll be near you, hour by hour, on game day
- a Facebook/Instagram ad you can launch before kickoff— copy, audience, budget
- a day-of plan: when to staff up, what to stock, what to price up
- the single move with the highest projected revenue for Under the Radar Brewery

Worth taking a look? I can send over a quick Under the Radar Brewery snapshot today with the key numbers and the clearest opportunity we see.

If it's useful, 15 minutes on Zoom and I'll show you how to deploy it.

Cheers,
Jacob",
FALSE,FALSE,The Spot EaDo,sports_bar,"2003 Emancipation Ave, Houston, TX 77003, USA",Houston,USA,,https://www.thespot-houston.com/,community@thespot-houston.com,accept_all,hunter_search,75,4.5,306,google_places_enriched,deep_ellum_zone,5.0 miles,"Hi The Spot EaDo team,

There's a World Cup game 5.0 miles from The Spot EaDo, in less than 50 days, and 2× NRG Stadium (145K) worth of fans coming to Houston.

We're CrowdReady - a group of data scientists building actionable reports for Houston businesses. We pulled the numbers for The Spot EaDo specifically:

- who's coming (countries, ages, spending profile)
- when they'll be near you, hour by hour, on game day
- a Facebook/Instagram ad you can launch before kickoff— copy, audience, budget
- a day-of plan: when to staff up, what to stock, what to price up
- the single move with the highest projected revenue for The Spot EaDo

Worth taking a look? I can send over a quick The Spot EaDo snapshot today with the key numbers and the clearest opportunity we see.

If it's useful, 15 minutes on Zoom and I'll show you how to deploy it.

Cheers,
Lucas","Hi The Spot EaDo team,

There's a World Cup game 5.0 miles from The Spot EaDo, in less than 50 days, and 2× NRG Stadium (145K) worth of fans coming to Houston.

We're CrowdReady - a group of data scientists building actionable reports for Houston businesses. We pulled the numbers for The Spot EaDo specifically:

- who's coming (countries, ages, spending profile)
- when they'll be near you, hour by hour, on game day
- a Facebook/Instagram ad you can launch before kickoff— copy, audience, budget
- a day-of plan: when to staff up, what to stock, what to price up
- the single move with the highest projected revenue for The Spot EaDo

Worth taking a look? I can send over a quick The Spot EaDo snapshot today with the key numbers and the clearest opportunity we see.

If it's useful, 15 minutes on Zoom and I'll show you how to deploy it.

Cheers,
Anthony","Hi The Spot EaDo team,

There's a World Cup game 5.0 miles from The Spot EaDo, in less than 50 days, and 2× NRG Stadium (145K) worth of fans coming to Houston.

We're CrowdReady - a group of data scientists building actionable reports for Houston businesses. We pulled the numbers for The Spot EaDo specifically:

- who's coming (countries, ages, spending profile)
- when they'll be near you, hour by hour, on game day
- a Facebook/Instagram ad you can launch before kickoff— copy, audience, budget
- a day-of plan: when to staff up, what to stock, what to price up
- the single move with the highest projected revenue for The Spot EaDo

Worth taking a look? I can send over a quick The Spot EaDo snapshot today with the key numbers and the clearest opportunity we see.

If it's useful, 15 minutes on Zoom and I'll show you how to deploy it.

Cheers,
Jacob",
FALSE,FALSE,J-Bar-M Barbecue,sports_bar,"2201 Leeland St, Houston, TX 77003, USA",Houston,USA,+1 713-534-1024,https://www.jbarmbbq.com/,hoffie.ferreira@jbarmbbq.com,valid,hunter_search,99,4.4,1418,google_places_enriched,deep_ellum_zone,5.3 miles,"Hi J-Bar-M Barbecue team,

There's a World Cup game 5.3 miles from J-Bar-M Barbecue, in less than 50 days, and 2× NRG Stadium (145K) worth of fans coming to Houston.

We're CrowdReady - a group of data scientists building actionable reports for Houston businesses. We pulled the numbers for J-Bar-M Barbecue specifically:

- who's coming (countries, ages, spending profile)
- when they'll be near you, hour by hour, on game day
- a Facebook/Instagram ad you can launch before kickoff— copy, audience, budget
- a day-of plan: when to staff up, what to stock, what to price up
- the single move with the highest projected revenue for J-Bar-M Barbecue

Worth taking a look? I can send over a quick J-Bar-M Barbecue snapshot today with the key numbers and the clearest opportunity we see.

If it's useful, 15 minutes on Zoom and I'll show you how to deploy it.

Cheers,
Lucas","Hi J-Bar-M Barbecue team,

There's a World Cup game 5.3 miles from J-Bar-M Barbecue, in less than 50 days, and 2× NRG Stadium (145K) worth of fans coming to Houston.

We're CrowdReady - a group of data scientists building actionable reports for Houston businesses. We pulled the numbers for J-Bar-M Barbecue specifically:

- who's coming (countries, ages, spending profile)
- when they'll be near you, hour by hour, on game day
- a Facebook/Instagram ad you can launch before kickoff— copy, audience, budget
- a day-of plan: when to staff up, what to stock, what to price up
- the single move with the highest projected revenue for J-Bar-M Barbecue

Worth taking a look? I can send over a quick J-Bar-M Barbecue snapshot today with the key numbers and the clearest opportunity we see.

If it's useful, 15 minutes on Zoom and I'll show you how to deploy it.

Cheers,
Anthony","Hi J-Bar-M Barbecue team,

There's a World Cup game 5.3 miles from J-Bar-M Barbecue, in less than 50 days, and 2× NRG Stadium (145K) worth of fans coming to Houston.

We're CrowdReady - a group of data scientists building actionable reports for Houston businesses. We pulled the numbers for J-Bar-M Barbecue specifically:

- who's coming (countries, ages, spending profile)
- when they'll be near you, hour by hour, on game day
- a Facebook/Instagram ad you can launch before kickoff— copy, audience, budget
- a day-of plan: when to staff up, what to stock, what to price up
- the single move with the highest projected revenue for J-Bar-M Barbecue

Worth taking a look? I can send over a quick J-Bar-M Barbecue snapshot today with the key numbers and the clearest opportunity we see.

If it's useful, 15 minutes on Zoom and I'll show you how to deploy it.

Cheers,
Jacob",
FALSE,FALSE,8th Wonder Brewery + Cannabis,sports_bar,"2202 Dallas St, Houston, TX 77003, USA",Houston,USA,+1 832-371-1666,https://8thwonder.com/,taproom@8thwonder.com,valid,scraped_website,100,4.6,1569,google_places_enriched,deep_ellum_zone,5.5 miles,"Hi 8th Wonder Brewery + Cannabis team,

There's a World Cup game 5.5 miles from 8th Wonder Brewery + Cannabis, in less than 50 days, and 2× NRG Stadium (145K) worth of fans coming to Houston.

We're CrowdReady - a group of data scientists building actionable reports for Houston businesses. We pulled the numbers for 8th Wonder Brewery + Cannabis specifically:

- who's coming (countries, ages, spending profile)
- when they'll be near you, hour by hour, on game day
- a Facebook/Instagram ad you can launch before kickoff— copy, audience, budget
- a day-of plan: when to staff up, what to stock, what to price up
- the single move with the highest projected revenue for 8th Wonder Brewery + Cannabis

Worth taking a look? I can send over a quick 8th Wonder Brewery + Cannabis snapshot today with the key numbers and the clearest opportunity we see.

If it's useful, 15 minutes on Zoom and I'll show you how to deploy it.

Cheers,
Lucas","Hi 8th Wonder Brewery + Cannabis team,

There's a World Cup game 5.5 miles from 8th Wonder Brewery + Cannabis, in less than 50 days, and 2× NRG Stadium (145K) worth of fans coming to Houston.

We're CrowdReady - a group of data scientists building actionable reports for Houston businesses. We pulled the numbers for 8th Wonder Brewery + Cannabis specifically:

- who's coming (countries, ages, spending profile)
- when they'll be near you, hour by hour, on game day
- a Facebook/Instagram ad you can launch before kickoff— copy, audience, budget
- a day-of plan: when to staff up, what to stock, what to price up
- the single move with the highest projected revenue for 8th Wonder Brewery + Cannabis

Worth taking a look? I can send over a quick 8th Wonder Brewery + Cannabis snapshot today with the key numbers and the clearest opportunity we see.

If it's useful, 15 minutes on Zoom and I'll show you how to deploy it.

Cheers,
Anthony","Hi 8th Wonder Brewery + Cannabis team,

There's a World Cup game 5.5 miles from 8th Wonder Brewery + Cannabis, in less than 50 days, and 2× NRG Stadium (145K) worth of fans coming to Houston.

We're CrowdReady - a group of data scientists building actionable reports for Houston businesses. We pulled the numbers for 8th Wonder Brewery + Cannabis specifically:

- who's coming (countries, ages, spending profile)
- when they'll be near you, hour by hour, on game day
- a Facebook/Instagram ad you can launch before kickoff— copy, audience, budget
- a day-of plan: when to staff up, what to stock, what to price up
- the single move with the highest projected revenue for 8th Wonder Brewery + Cannabis

Worth taking a look? I can send over a quick 8th Wonder Brewery + Cannabis snapshot today with the key numbers and the clearest opportunity we see.

If it's useful, 15 minutes on Zoom and I'll show you how to deploy it.

Cheers,
Jacob",
FALSE,FALSE,Last Concert Cafe,sports_bar,"1403 Nance St, Houston, TX 77002, USA",Houston,USA,+1 832-607-4053,https://www.lastconcert.com/,events@lastconcert.com,accept_all,scraped_website,80,4.5,1324,google_places_enriched,deep_ellum_zone,6.7 miles,"Hi Last Concert Cafe team,

There's a World Cup game 6.7 miles from Last Concert Cafe, in less than 50 days, and 2× NRG Stadium (145K) worth of fans coming to Houston.

We're CrowdReady - a group of data scientists building actionable reports for Houston businesses. We pulled the numbers for Last Concert Cafe specifically:

- who's coming (countries, ages, spending profile)
- when they'll be near you, hour by hour, on game day
- a Facebook/Instagram ad you can launch before kickoff— copy, audience, budget
- a day-of plan: when to staff up, what to stock, what to price up
- the single move with the highest projected revenue for Last Concert Cafe

Worth taking a look? I can send over a quick Last Concert Cafe snapshot today with the key numbers and the clearest opportunity we see.

If it's useful, 15 minutes on Zoom and I'll show you how to deploy it.

Cheers,
Lucas","Hi Last Concert Cafe team,

There's a World Cup game 6.7 miles from Last Concert Cafe, in less than 50 days, and 2× NRG Stadium (145K) worth of fans coming to Houston.

We're CrowdReady - a group of data scientists building actionable reports for Houston businesses. We pulled the numbers for Last Concert Cafe specifically:

- who's coming (countries, ages, spending profile)
- when they'll be near you, hour by hour, on game day
- a Facebook/Instagram ad you can launch before kickoff— copy, audience, budget
- a day-of plan: when to staff up, what to stock, what to price up
- the single move with the highest projected revenue for Last Concert Cafe

Worth taking a look? I can send over a quick Last Concert Cafe snapshot today with the key numbers and the clearest opportunity we see.

If it's useful, 15 minutes on Zoom and I'll show you how to deploy it.

Cheers,
Anthony","Hi Last Concert Cafe team,

There's a World Cup game 6.7 miles from Last Concert Cafe, in less than 50 days, and 2× NRG Stadium (145K) worth of fans coming to Houston.

We're CrowdReady - a group of data scientists building actionable reports for Houston businesses. We pulled the numbers for Last Concert Cafe specifically:

- who's coming (countries, ages, spending profile)
- when they'll be near you, hour by hour, on game day
- a Facebook/Instagram ad you can launch before kickoff— copy, audience, budget
- a day-of plan: when to staff up, what to stock, what to price up
- the single move with the highest projected revenue for Last Concert Cafe

Worth taking a look? I can send over a quick Last Concert Cafe snapshot today with the key numbers and the clearest opportunity we see.

If it's useful, 15 minutes on Zoom and I'll show you how to deploy it.

Cheers,
Jacob",
FALSE,FALSE,White Swan Live,sports_bar,"4419 Navigation Blvd, Houston, TX 77011, USA",Houston,USA,+1 713-923-2837,http://www.whiteswanlive.com/,booking@whiteswanlive.com,valid,hunter_search,89,4.5,359,google_places_enriched,deep_ellum_zone,6.9 miles,"Hi White Swan Live team,

There's a World Cup game 6.9 miles from White Swan Live, in less than 50 days, and 2× NRG Stadium (145K) worth of fans coming to Houston.

We're CrowdReady - a group of data scientists building actionable reports for Houston businesses. We pulled the numbers for White Swan Live specifically:

- who's coming (countries, ages, spending profile)
- when they'll be near you, hour by hour, on game day
- a Facebook/Instagram ad you can launch before kickoff— copy, audience, budget
- a day-of plan: when to staff up, what to stock, what to price up
- the single move with the highest projected revenue for White Swan Live

Worth taking a look? I can send over a quick White Swan Live snapshot today with the key numbers and the clearest opportunity we see.

If it's useful, 15 minutes on Zoom and I'll show you how to deploy it.

Cheers,
Lucas","Hi White Swan Live team,

There's a World Cup game 6.9 miles from White Swan Live, in less than 50 days, and 2× NRG Stadium (145K) worth of fans coming to Houston.

We're CrowdReady - a group of data scientists building actionable reports for Houston businesses. We pulled the numbers for White Swan Live specifically:

- who's coming (countries, ages, spending profile)
- when they'll be near you, hour by hour, on game day
- a Facebook/Instagram ad you can launch before kickoff— copy, audience, budget
- a day-of plan: when to staff up, what to stock, what to price up
- the single move with the highest projected revenue for White Swan Live

Worth taking a look? I can send over a quick White Swan Live snapshot today with the key numbers and the clearest opportunity we see.

If it's useful, 15 minutes on Zoom and I'll show you how to deploy it.

Cheers,
Anthony","Hi White Swan Live team,

There's a World Cup game 6.9 miles from White Swan Live, in less than 50 days, and 2× NRG Stadium (145K) worth of fans coming to Houston.

We're CrowdReady - a group of data scientists building actionable reports for Houston businesses. We pulled the numbers for White Swan Live specifically:

- who's coming (countries, ages, spending profile)
- when they'll be near you, hour by hour, on game day
- a Facebook/Instagram ad you can launch before kickoff— copy, audience, budget
- a day-of plan: when to staff up, what to stock, what to price up
- the single move with the highest projected revenue for White Swan Live

Worth taking a look? I can send over a quick White Swan Live snapshot today with the key numbers and the clearest opportunity we see.

If it's useful, 15 minutes on Zoom and I'll show you how to deploy it.

Cheers,
Jacob",
FALSE,FALSE,Stereo Live,sports_bar,"6400 Richmond Ave, Houston, TX 77057, USA",Houston,USA,,http://www.stereolive.com/,houston@stereolive.com,valid,scraped_website,100,4.3,1773,google_places_enriched,deep_ellum_zone,6.2 miles,"Hi Stereo Live team,

There's a World Cup game 6.2 miles from Stereo Live, in less than 50 days, and 2× NRG Stadium (145K) worth of fans coming to Houston.

We're CrowdReady - a group of data scientists building actionable reports for Houston businesses. We pulled the numbers for Stereo Live specifically:

- who's coming (countries, ages, spending profile)
- when they'll be near you, hour by hour, on game day
- a Facebook/Instagram ad you can launch before kickoff— copy, audience, budget
- a day-of plan: when to staff up, what to stock, what to price up
- the single move with the highest projected revenue for Stereo Live

Worth taking a look? I can send over a quick Stereo Live snapshot today with the key numbers and the clearest opportunity we see.

If it's useful, 15 minutes on Zoom and I'll show you how to deploy it.

Cheers,
Lucas","Hi Stereo Live team,

There's a World Cup game 6.2 miles from Stereo Live, in less than 50 days, and 2× NRG Stadium (145K) worth of fans coming to Houston.

We're CrowdReady - a group of data scientists building actionable reports for Houston businesses. We pulled the numbers for Stereo Live specifically:

- who's coming (countries, ages, spending profile)
- when they'll be near you, hour by hour, on game day
- a Facebook/Instagram ad you can launch before kickoff— copy, audience, budget
- a day-of plan: when to staff up, what to stock, what to price up
- the single move with the highest projected revenue for Stereo Live

Worth taking a look? I can send over a quick Stereo Live snapshot today with the key numbers and the clearest opportunity we see.

If it's useful, 15 minutes on Zoom and I'll show you how to deploy it.

Cheers,
Anthony","Hi Stereo Live team,

There's a World Cup game 6.2 miles from Stereo Live, in less than 50 days, and 2× NRG Stadium (145K) worth of fans coming to Houston.

We're CrowdReady - a group of data scientists building actionable reports for Houston businesses. We pulled the numbers for Stereo Live specifically:

- who's coming (countries, ages, spending profile)
- when they'll be near you, hour by hour, on game day
- a Facebook/Instagram ad you can launch before kickoff— copy, audience, budget
- a day-of plan: when to staff up, what to stock, what to price up
- the single move with the highest projected revenue for Stereo Live

Worth taking a look? I can send over a quick Stereo Live snapshot today with the key numbers and the clearest opportunity we see.

If it's useful, 15 minutes on Zoom and I'll show you how to deploy it.

Cheers,
Jacob",
FALSE,FALSE,White Oak Music Hall,sports_bar,"2915 N Main St, Houston, TX 77009, USA",Houston,USA,+1 713-237-0370,http://www.whiteoakmusichall.com/,events@whiteoakmusichall.com,valid,hunter_search,95,4.4,4817,google_places_enriched,deep_ellum_zone,7.5 miles,"Hi White Oak Music Hall team,

There's a World Cup game 7.5 miles from White Oak Music Hall, in less than 50 days, and 2× NRG Stadium (145K) worth of fans coming to Houston.

We're CrowdReady - a group of data scientists building actionable reports for Houston businesses. We pulled the numbers for White Oak Music Hall specifically:

- who's coming (countries, ages, spending profile)
- when they'll be near you, hour by hour, on game day
- a Facebook/Instagram ad you can launch before kickoff— copy, audience, budget
- a day-of plan: when to staff up, what to stock, what to price up
- the single move with the highest projected revenue for White Oak Music Hall

Worth taking a look? I can send over a quick White Oak Music Hall snapshot today with the key numbers and the clearest opportunity we see.

If it's useful, 15 minutes on Zoom and I'll show you how to deploy it.

Cheers,
Lucas","Hi White Oak Music Hall team,

There's a World Cup game 7.5 miles from White Oak Music Hall, in less than 50 days, and 2× NRG Stadium (145K) worth of fans coming to Houston.

We're CrowdReady - a group of data scientists building actionable reports for Houston businesses. We pulled the numbers for White Oak Music Hall specifically:

- who's coming (countries, ages, spending profile)
- when they'll be near you, hour by hour, on game day
- a Facebook/Instagram ad you can launch before kickoff— copy, audience, budget
- a day-of plan: when to staff up, what to stock, what to price up
- the single move with the highest projected revenue for White Oak Music Hall

Worth taking a look? I can send over a quick White Oak Music Hall snapshot today with the key numbers and the clearest opportunity we see.

If it's useful, 15 minutes on Zoom and I'll show you how to deploy it.

Cheers,
Anthony","Hi White Oak Music Hall team,

There's a World Cup game 7.5 miles from White Oak Music Hall, in less than 50 days, and 2× NRG Stadium (145K) worth of fans coming to Houston.

We're CrowdReady - a group of data scientists building actionable reports for Houston businesses. We pulled the numbers for White Oak Music Hall specifically:

- who's coming (countries, ages, spending profile)
- when they'll be near you, hour by hour, on game day
- a Facebook/Instagram ad you can launch before kickoff— copy, audience, budget
- a day-of plan: when to staff up, what to stock, what to price up
- the single move with the highest projected revenue for White Oak Music Hall

Worth taking a look? I can send over a quick White Oak Music Hall snapshot today with the key numbers and the clearest opportunity we see.

If it's useful, 15 minutes on Zoom and I'll show you how to deploy it.

Cheers,
Jacob",
FALSE,FALSE,True Anomaly Brewing Company,sports_bar,"2012 Dallas St, Houston, TX 77003, USA",Houston,USA,+1 713-364-6258,http://trueanomalybrewing.com/,founders@trueanomalybrewing.com,valid,hunter_search,88,4.7,416,google_places_enriched,deep_ellum_zone,5.5 miles,"Hi True Anomaly Brewing Company team,

There's a World Cup game 5.5 miles from True Anomaly Brewing Company, in less than 50 days, and 2× NRG Stadium (145K) worth of fans coming to Houston.

We're CrowdReady - a group of data scientists building actionable reports for Houston businesses. We pulled the numbers for True Anomaly Brewing Company specifically:

- who's coming (countries, ages, spending profile)
- when they'll be near you, hour by hour, on game day
- a Facebook/Instagram ad you can launch before kickoff— copy, audience, budget
- a day-of plan: when to staff up, what to stock, what to price up
- the single move with the highest projected revenue for True Anomaly Brewing Company

Worth taking a look? I can send over a quick True Anomaly Brewing Company snapshot today with the key numbers and the clearest opportunity we see.

If it's useful, 15 minutes on Zoom and I'll show you how to deploy it.

Cheers,
Lucas","Hi True Anomaly Brewing Company team,

There's a World Cup game 5.5 miles from True Anomaly Brewing Company, in less than 50 days, and 2× NRG Stadium (145K) worth of fans coming to Houston.

We're CrowdReady - a group of data scientists building actionable reports for Houston businesses. We pulled the numbers for True Anomaly Brewing Company specifically:

- who's coming (countries, ages, spending profile)
- when they'll be near you, hour by hour, on game day
- a Facebook/Instagram ad you can launch before kickoff— copy, audience, budget
- a day-of plan: when to staff up, what to stock, what to price up
- the single move with the highest projected revenue for True Anomaly Brewing Company

Worth taking a look? I can send over a quick True Anomaly Brewing Company snapshot today with the key numbers and the clearest opportunity we see.

If it's useful, 15 minutes on Zoom and I'll show you how to deploy it.

Cheers,
Anthony","Hi True Anomaly Brewing Company team,

There's a World Cup game 5.5 miles from True Anomaly Brewing Company, in less than 50 days, and 2× NRG Stadium (145K) worth of fans coming to Houston.

We're CrowdReady - a group of data scientists building actionable reports for Houston businesses. We pulled the numbers for True Anomaly Brewing Company specifically:

- who's coming (countries, ages, spending profile)
- when they'll be near you, hour by hour, on game day
- a Facebook/Instagram ad you can launch before kickoff— copy, audience, budget
- a day-of plan: when to staff up, what to stock, what to price up
- the single move with the highest projected revenue for True Anomaly Brewing Company

Worth taking a look? I can send over a quick True Anomaly Brewing Company snapshot today with the key numbers and the clearest opportunity we see.

If it's useful, 15 minutes on Zoom and I'll show you how to deploy it.

Cheers,
Jacob",
FALSE,FALSE,Equal Parts Brewing,sports_bar,"3118 Harrisburg Blvd #108, Houston, TX 77003, USA",Houston,USA,+1 346-352-3190,https://equalpartsbrewing.com/,sales@equalpartsbrewing.com,valid,hunter_search,96,4.7,523,google_places_enriched,deep_ellum_zone,6.0 miles,"Hi Equal Parts Brewing team,

There's a World Cup game 6.0 miles from Equal Parts Brewing, in less than 50 days, and 2× NRG Stadium (145K) worth of fans coming to Houston.

We're CrowdReady - a group of data scientists building actionable reports for Houston businesses. We pulled the numbers for Equal Parts Brewing specifically:

- who's coming (countries, ages, spending profile)
- when they'll be near you, hour by hour, on game day
- a Facebook/Instagram ad you can launch before kickoff— copy, audience, budget
- a day-of plan: when to staff up, what to stock, what to price up
- the single move with the highest projected revenue for Equal Parts Brewing

Worth taking a look? I can send over a quick Equal Parts Brewing snapshot today with the key numbers and the clearest opportunity we see.

If it's useful, 15 minutes on Zoom and I'll show you how to deploy it.

Cheers,
Lucas","Hi Equal Parts Brewing team,

There's a World Cup game 6.0 miles from Equal Parts Brewing, in less than 50 days, and 2× NRG Stadium (145K) worth of fans coming to Houston.

We're CrowdReady - a group of data scientists building actionable reports for Houston businesses. We pulled the numbers for Equal Parts Brewing specifically:

- who's coming (countries, ages, spending profile)
- when they'll be near you, hour by hour, on game day
- a Facebook/Instagram ad you can launch before kickoff— copy, audience, budget
- a day-of plan: when to staff up, what to stock, what to price up
- the single move with the highest projected revenue for Equal Parts Brewing

Worth taking a look? I can send over a quick Equal Parts Brewing snapshot today with the key numbers and the clearest opportunity we see.

If it's useful, 15 minutes on Zoom and I'll show you how to deploy it.

Cheers,
Anthony","Hi Equal Parts Brewing team,

There's a World Cup game 6.0 miles from Equal Parts Brewing, in less than 50 days, and 2× NRG Stadium (145K) worth of fans coming to Houston.

We're CrowdReady - a group of data scientists building actionable reports for Houston businesses. We pulled the numbers for Equal Parts Brewing specifically:

- who's coming (countries, ages, spending profile)
- when they'll be near you, hour by hour, on game day
- a Facebook/Instagram ad you can launch before kickoff— copy, audience, budget
- a day-of plan: when to staff up, what to stock, what to price up
- the single move with the highest projected revenue for Equal Parts Brewing

Worth taking a look? I can send over a quick Equal Parts Brewing snapshot today with the key numbers and the clearest opportunity we see.

If it's useful, 15 minutes on Zoom and I'll show you how to deploy it.

Cheers,
Jacob",
FALSE,FALSE,D & Q The Beer Station,sports_bar,"806 Richmond Ave, Houston, TX 77006, USA",Houston,USA,+1 832-686-1862,https://twitter.com/TheBeerStation,rickyjoyce@twitter.com,valid,hunter_search,94,4.8,515,google_places_enriched,deep_ellum_zone,3.7 miles,"Hi D & Q The Beer Station team,

There's a World Cup game 3.7 miles from D & Q The Beer Station, in less than 50 days, and 2× NRG Stadium (145K) worth of fans coming to Houston.

We're CrowdReady - a group of data scientists building actionable reports for Houston businesses. We pulled the numbers for D & Q The Beer Station specifically:

- who's coming (countries, ages, spending profile)
- when they'll be near you, hour by hour, on game day
- a Facebook/Instagram ad you can launch before kickoff— copy, audience, budget
- a day-of plan: when to staff up, what to stock, what to price up
- the single move with the highest projected revenue for D & Q The Beer Station

Worth taking a look? I can send over a quick D & Q The Beer Station snapshot today with the key numbers and the clearest opportunity we see.

If it's useful, 15 minutes on Zoom and I'll show you how to deploy it.

Cheers,
Lucas","Hi D & Q The Beer Station team,

There's a World Cup game 3.7 miles from D & Q The Beer Station, in less than 50 days, and 2× NRG Stadium (145K) worth of fans coming to Houston.

We're CrowdReady - a group of data scientists building actionable reports for Houston businesses. We pulled the numbers for D & Q The Beer Station specifically:

- who's coming (countries, ages, spending profile)
- when they'll be near you, hour by hour, on game day
- a Facebook/Instagram ad you can launch before kickoff— copy, audience, budget
- a day-of plan: when to staff up, what to stock, what to price up
- the single move with the highest projected revenue for D & Q The Beer Station

Worth taking a look? I can send over a quick D & Q The Beer Station snapshot today with the key numbers and the clearest opportunity we see.

If it's useful, 15 minutes on Zoom and I'll show you how to deploy it.

Cheers,
Anthony","Hi D & Q The Beer Station team,

There's a World Cup game 3.7 miles from D & Q The Beer Station, in less than 50 days, and 2× NRG Stadium (145K) worth of fans coming to Houston.

We're CrowdReady - a group of data scientists building actionable reports for Houston businesses. We pulled the numbers for D & Q The Beer Station specifically:

- who's coming (countries, ages, spending profile)
- when they'll be near you, hour by hour, on game day
- a Facebook/Instagram ad you can launch before kickoff— copy, audience, budget
- a day-of plan: when to staff up, what to stock, what to price up
- the single move with the highest projected revenue for D & Q The Beer Station

Worth taking a look? I can send over a quick D & Q The Beer Station snapshot today with the key numbers and the clearest opportunity we see.

If it's useful, 15 minutes on Zoom and I'll show you how to deploy it.

Cheers,
Jacob",
FALSE,FALSE,Bad Astronaut Brewing Co.,sports_bar,"1519 Fulton St, Houston, TX 77009, USA",Houston,USA,+1 346-980-8829,https://www.badastronautbeer.com/,info@badastronautbeer.com,valid,scraped_website,100,4.6,1037,google_places_enriched,deep_ellum_zone,7.0 miles,"Hi Bad Astronaut Brewing Co. team,

There's a World Cup game 7.0 miles from Bad Astronaut Brewing Co., in less than 50 days, and 2× NRG Stadium (145K) worth of fans coming to Houston.

We're CrowdReady - a group of data scientists building actionable reports for Houston businesses. We pulled the numbers for Bad Astronaut Brewing Co. specifically:

- who's coming (countries, ages, spending profile)
- when they'll be near you, hour by hour, on game day
- a Facebook/Instagram ad you can launch before kickoff— copy, audience, budget
- a day-of plan: when to staff up, what to stock, what to price up
- the single move with the highest projected revenue for Bad Astronaut Brewing Co.

Worth taking a look? I can send over a quick Bad Astronaut Brewing Co. snapshot today with the key numbers and the clearest opportunity we see.

If it's useful, 15 minutes on Zoom and I'll show you how to deploy it.

Cheers,
Lucas","Hi Bad Astronaut Brewing Co. team,

There's a World Cup game 7.0 miles from Bad Astronaut Brewing Co., in less than 50 days, and 2× NRG Stadium (145K) worth of fans coming to Houston.

We're CrowdReady - a group of data scientists building actionable reports for Houston businesses. We pulled the numbers for Bad Astronaut Brewing Co. specifically:

- who's coming (countries, ages, spending profile)
- when they'll be near you, hour by hour, on game day
- a Facebook/Instagram ad you can launch before kickoff— copy, audience, budget
- a day-of plan: when to staff up, what to stock, what to price up
- the single move with the highest projected revenue for Bad Astronaut Brewing Co.

Worth taking a look? I can send over a quick Bad Astronaut Brewing Co. snapshot today with the key numbers and the clearest opportunity we see.

If it's useful, 15 minutes on Zoom and I'll show you how to deploy it.

Cheers,
Anthony","Hi Bad Astronaut Brewing Co. team,

There's a World Cup game 7.0 miles from Bad Astronaut Brewing Co., in less than 50 days, and 2× NRG Stadium (145K) worth of fans coming to Houston.

We're CrowdReady - a group of data scientists building actionable reports for Houston businesses. We pulled the numbers for Bad Astronaut Brewing Co. specifically:

- who's coming (countries, ages, spending profile)
- when they'll be near you, hour by hour, on game day
- a Facebook/Instagram ad you can launch before kickoff— copy, audience, budget
- a day-of plan: when to staff up, what to stock, what to price up
- the single move with the highest projected revenue for Bad Astronaut Brewing Co.

Worth taking a look? I can send over a quick Bad Astronaut Brewing Co. snapshot today with the key numbers and the clearest opportunity we see.

If it's useful, 15 minutes on Zoom and I'll show you how to deploy it.

Cheers,
Jacob",
FALSE,FALSE,Lot District Beer Hall,sports_bar,"2534 Madison Ave, Kansas City, MO 64108, USA",Kansas City,USA,+1 816-701-7247,https://www.boulevard.com/visit-us/,r.newcomer@boulevard.com,valid,hunter_search,99,4.3,1385,seeded_real,texas_live_zone,0.5 miles,"Hi Lot District Beer Hall team,

There's a World Cup game 0.5 miles from Lot District Beer Hall, in less than 50 days, and 2× Arrowhead Stadium (155K) worth of fans coming to Kansas City.

We're CrowdReady - a group of data scientists building actionable reports for Kansas City businesses. We pulled the numbers for Lot District Beer Hall specifically:

- who's coming (countries, ages, spending profile)
- when they'll be near you, hour by hour, on game day
- a Facebook/Instagram ad you can launch before kickoff— copy, audience, budget
- a day-of plan: when to staff up, what to stock, what to price up
- the single move with the highest projected revenue for Lot District Beer Hall

Worth taking a look? I can send over a quick Lot District Beer Hall snapshot today with the key numbers and the clearest opportunity we see.

If it's useful, 15 minutes on Zoom and I'll show you how to deploy it.

Cheers,
Lucas","Hi Lot District Beer Hall team,

There's a World Cup game 0.5 miles from Lot District Beer Hall, in less than 50 days, and 2× Arrowhead Stadium (155K) worth of fans coming to Kansas City.

We're CrowdReady - a group of data scientists building actionable reports for Kansas City businesses. We pulled the numbers for Lot District Beer Hall specifically:

- who's coming (countries, ages, spending profile)
- when they'll be near you, hour by hour, on game day
- a Facebook/Instagram ad you can launch before kickoff— copy, audience, budget
- a day-of plan: when to staff up, what to stock, what to price up
- the single move with the highest projected revenue for Lot District Beer Hall

Worth taking a look? I can send over a quick Lot District Beer Hall snapshot today with the key numbers and the clearest opportunity we see.

If it's useful, 15 minutes on Zoom and I'll show you how to deploy it.

Cheers,
Anthony","Hi Lot District Beer Hall team,

There's a World Cup game 0.5 miles from Lot District Beer Hall, in less than 50 days, and 2× Arrowhead Stadium (155K) worth of fans coming to Kansas City.

We're CrowdReady - a group of data scientists building actionable reports for Kansas City businesses. We pulled the numbers for Lot District Beer Hall specifically:

- who's coming (countries, ages, spending profile)
- when they'll be near you, hour by hour, on game day
- a Facebook/Instagram ad you can launch before kickoff— copy, audience, budget
- a day-of plan: when to staff up, what to stock, what to price up
- the single move with the highest projected revenue for Lot District Beer Hall

Worth taking a look? I can send over a quick Lot District Beer Hall snapshot today with the key numbers and the clearest opportunity we see.

If it's useful, 15 minutes on Zoom and I'll show you how to deploy it.

Cheers,
Jacob",
FALSE,FALSE,Rally House Taproom,sports_bar,"18701 East 39th St S, Independence, MO 64057, USA",Kansas City,USA,+1 816-399-0023,https://www.rallyhouse.com/stores/independence/18701-east-39th-street-south?utm_source=gbp&utm_medium=organic,mpeyton@rallyhouse.com,valid,hunter_search,99,4.5,700,seeded_real,texas_live_zone,0.6 miles,"Hi Rally House Taproom team,

There's a World Cup game 0.6 miles from Rally House Taproom, in less than 50 days, and 2× Arrowhead Stadium (155K) worth of fans coming to Kansas City.

We're CrowdReady - a group of data scientists building actionable reports for Kansas City businesses. We pulled the numbers for Rally House Taproom specifically:

- who's coming (countries, ages, spending profile)
- when they'll be near you, hour by hour, on game day
- a Facebook/Instagram ad you can launch before kickoff— copy, audience, budget
- a day-of plan: when to staff up, what to stock, what to price up
- the single move with the highest projected revenue for Rally House Taproom

Worth taking a look? I can send over a quick Rally House Taproom snapshot today with the key numbers and the clearest opportunity we see.

If it's useful, 15 minutes on Zoom and I'll show you how to deploy it.

Cheers,
Lucas","Hi Rally House Taproom team,

There's a World Cup game 0.6 miles from Rally House Taproom, in less than 50 days, and 2× Arrowhead Stadium (155K) worth of fans coming to Kansas City.

We're CrowdReady - a group of data scientists building actionable reports for Kansas City businesses. We pulled the numbers for Rally House Taproom specifically:

- who's coming (countries, ages, spending profile)
- when they'll be near you, hour by hour, on game day
- a Facebook/Instagram ad you can launch before kickoff— copy, audience, budget
- a day-of plan: when to staff up, what to stock, what to price up
- the single move with the highest projected revenue for Rally House Taproom

Worth taking a look? I can send over a quick Rally House Taproom snapshot today with the key numbers and the clearest opportunity we see.

If it's useful, 15 minutes on Zoom and I'll show you how to deploy it.

Cheers,
Anthony","Hi Rally House Taproom team,

There's a World Cup game 0.6 miles from Rally House Taproom, in less than 50 days, and 2× Arrowhead Stadium (155K) worth of fans coming to Kansas City.

We're CrowdReady - a group of data scientists building actionable reports for Kansas City businesses. We pulled the numbers for Rally House Taproom specifically:

- who's coming (countries, ages, spending profile)
- when they'll be near you, hour by hour, on game day
- a Facebook/Instagram ad you can launch before kickoff— copy, audience, budget
- a day-of plan: when to staff up, what to stock, what to price up
- the single move with the highest projected revenue for Rally House Taproom

Worth taking a look? I can send over a quick Rally House Taproom snapshot today with the key numbers and the clearest opportunity we see.

If it's useful, 15 minutes on Zoom and I'll show you how to deploy it.

Cheers,
Jacob",
FALSE,FALSE,Whistle Stop Kitchen,restaurant,"227 SE Main St, Lee's Summit, MO 64063, USA",Kansas City,USA,+1 816-525-4545,http://www.whistlestopcoffee.com/,vicki@whistlestopcoffee.com,valid,hunter_search,95,4.2,812,seeded_real,texas_live_zone,0.3 miles,"Hi Whistle Stop Kitchen team,

There's a World Cup game 0.3 miles from Whistle Stop Kitchen, in less than 50 days, and 2× Arrowhead Stadium (155K) worth of fans coming to Kansas City.

We're CrowdReady - a group of data scientists building actionable reports for Kansas City businesses. We pulled the numbers for Whistle Stop Kitchen specifically:

- who's coming (countries, ages, spending profile)
- when they'll be near you, hour by hour, on game day
- a Facebook/Instagram ad you can launch before kickoff— copy, audience, budget
- a day-of plan: when to staff up, what to stock, what to price up
- the single move with the highest projected revenue for Whistle Stop Kitchen

Worth taking a look? I can send over a quick Whistle Stop Kitchen snapshot today with the key numbers and the clearest opportunity we see.

If it's useful, 15 minutes on Zoom and I'll show you how to deploy it.

Cheers,
Lucas","Hi Whistle Stop Kitchen team,

There's a World Cup game 0.3 miles from Whistle Stop Kitchen, in less than 50 days, and 2× Arrowhead Stadium (155K) worth of fans coming to Kansas City.

We're CrowdReady - a group of data scientists building actionable reports for Kansas City businesses. We pulled the numbers for Whistle Stop Kitchen specifically:

- who's coming (countries, ages, spending profile)
- when they'll be near you, hour by hour, on game day
- a Facebook/Instagram ad you can launch before kickoff— copy, audience, budget
- a day-of plan: when to staff up, what to stock, what to price up
- the single move with the highest projected revenue for Whistle Stop Kitchen

Worth taking a look? I can send over a quick Whistle Stop Kitchen snapshot today with the key numbers and the clearest opportunity we see.

If it's useful, 15 minutes on Zoom and I'll show you how to deploy it.

Cheers,
Anthony","Hi Whistle Stop Kitchen team,

There's a World Cup game 0.3 miles from Whistle Stop Kitchen, in less than 50 days, and 2× Arrowhead Stadium (155K) worth of fans coming to Kansas City.

We're CrowdReady - a group of data scientists building actionable reports for Kansas City businesses. We pulled the numbers for Whistle Stop Kitchen specifically:

- who's coming (countries, ages, spending profile)
- when they'll be near you, hour by hour, on game day
- a Facebook/Instagram ad you can launch before kickoff— copy, audience, budget
- a day-of plan: when to staff up, what to stock, what to price up
- the single move with the highest projected revenue for Whistle Stop Kitchen

Worth taking a look? I can send over a quick Whistle Stop Kitchen snapshot today with the key numbers and the clearest opportunity we see.

If it's useful, 15 minutes on Zoom and I'll show you how to deploy it.

Cheers,
Jacob",
FALSE,FALSE,Drury Stadium Suites,hotel,"1000 Knipp St, Columbia, MO 65203, USA",Kansas City,USA,+1 573-445-1800,https://www.druryhotels.com/locations/Columbia-MO/Drury-Inn-and-Suites-Columbia-Stadium-Boulevard?utm_campaign=gmb&utm_medium=organic&utm_source=local2,kate.scheer@druryhotels.com,valid,hunter_search,99,4.5,980,seeded_real,arlington_hotels_zone,0.7 miles,"Hi Drury Stadium Suites team,

There's a World Cup game 0.7 miles from Drury Stadium Suites, in less than 50 days, and 2× Arrowhead Stadium (155K) worth of fans coming to Kansas City.

We're CrowdReady - a group of data scientists building actionable reports for Kansas City businesses. We pulled the numbers for Drury Stadium Suites specifically:

- who's coming (countries, ages, spending profile)
- when they'll be near you, hour by hour, on game day
- a Facebook/Instagram ad you can launch before kickoff— copy, audience, budget
- a day-of plan: when to staff up, what to stock, what to price up
- the single move with the highest projected revenue for Drury Stadium Suites

Worth taking a look? I can send over a quick Drury Stadium Suites snapshot today with the key numbers and the clearest opportunity we see.

If it's useful, 15 minutes on Zoom and I'll show you how to deploy it.

Cheers,
Lucas","Hi Drury Stadium Suites team,

There's a World Cup game 0.7 miles from Drury Stadium Suites, in less than 50 days, and 2× Arrowhead Stadium (155K) worth of fans coming to Kansas City.

We're CrowdReady - a group of data scientists building actionable reports for Kansas City businesses. We pulled the numbers for Drury Stadium Suites specifically:

- who's coming (countries, ages, spending profile)
- when they'll be near you, hour by hour, on game day
- a Facebook/Instagram ad you can launch before kickoff— copy, audience, budget
- a day-of plan: when to staff up, what to stock, what to price up
- the single move with the highest projected revenue for Drury Stadium Suites

Worth taking a look? I can send over a quick Drury Stadium Suites snapshot today with the key numbers and the clearest opportunity we see.

If it's useful, 15 minutes on Zoom and I'll show you how to deploy it.

Cheers,
Anthony","Hi Drury Stadium Suites team,

There's a World Cup game 0.7 miles from Drury Stadium Suites, in less than 50 days, and 2× Arrowhead Stadium (155K) worth of fans coming to Kansas City.

We're CrowdReady - a group of data scientists building actionable reports for Kansas City businesses. We pulled the numbers for Drury Stadium Suites specifically:

- who's coming (countries, ages, spending profile)
- when they'll be near you, hour by hour, on game day
- a Facebook/Instagram ad you can launch before kickoff— copy, audience, budget
- a day-of plan: when to staff up, what to stock, what to price up
- the single move with the highest projected revenue for Drury Stadium Suites

Worth taking a look? I can send over a quick Drury Stadium Suites snapshot today with the key numbers and the clearest opportunity we see.

If it's useful, 15 minutes on Zoom and I'll show you how to deploy it.

Cheers,
Jacob",
FALSE,FALSE,No Other Pub,sports_bar,"Located in the, 1370 Grand Blvd, Kansas City, MO 64106, USA",Kansas City,USA,+1 816-541-2300,http://www.powerandlightdistrict.com/eat-and-drink/no-other-pub,events@powerandlightdistrict.com,accept_all,hunter_search,79,4.4,1005,seeded_real,downtown_zone,6.1 miles,"Hi No Other Pub team,

There's a World Cup game 6.1 miles from No Other Pub, in less than 50 days, and 2× Arrowhead Stadium (155K) worth of fans coming to Kansas City.

We're CrowdReady - a group of data scientists building actionable reports for Kansas City businesses. We pulled the numbers for No Other Pub specifically:

- who's coming (countries, ages, spending profile)
- when they'll be near you, hour by hour, on game day
- a Facebook/Instagram ad you can launch before kickoff— copy, audience, budget
- a day-of plan: when to staff up, what to stock, what to price up
- the single move with the highest projected revenue for No Other Pub

Worth taking a look? I can send over a quick No Other Pub snapshot today with the key numbers and the clearest opportunity we see.

If it's useful, 15 minutes on Zoom and I'll show you how to deploy it.

Cheers,
Lucas","Hi No Other Pub team,

There's a World Cup game 6.1 miles from No Other Pub, in less than 50 days, and 2× Arrowhead Stadium (155K) worth of fans coming to Kansas City.

We're CrowdReady - a group of data scientists building actionable reports for Kansas City businesses. We pulled the numbers for No Other Pub specifically:

- who's coming (countries, ages, spending profile)
- when they'll be near you, hour by hour, on game day
- a Facebook/Instagram ad you can launch before kickoff— copy, audience, budget
- a day-of plan: when to staff up, what to stock, what to price up
- the single move with the highest projected revenue for No Other Pub

Worth taking a look? I can send over a quick No Other Pub snapshot today with the key numbers and the clearest opportunity we see.

If it's useful, 15 minutes on Zoom and I'll show you how to deploy it.

Cheers,
Anthony","Hi No Other Pub team,

There's a World Cup game 6.1 miles from No Other Pub, in less than 50 days, and 2× Arrowhead Stadium (155K) worth of fans coming to Kansas City.

We're CrowdReady - a group of data scientists building actionable reports for Kansas City businesses. We pulled the numbers for No Other Pub specifically:

- who's coming (countries, ages, spending profile)
- when they'll be near you, hour by hour, on game day
- a Facebook/Instagram ad you can launch before kickoff— copy, audience, budget
- a day-of plan: when to staff up, what to stock, what to price up
- the single move with the highest projected revenue for No Other Pub

Worth taking a look? I can send over a quick No Other Pub snapshot today with the key numbers and the clearest opportunity we see.

If it's useful, 15 minutes on Zoom and I'll show you how to deploy it.

Cheers,
Jacob",
FALSE,FALSE,Parlor KC,sports_bar,"1707 Locust St, Kansas City, MO 64108, USA",Kansas City,USA,+1 816-875-4813,http://www.parlorkcmo.com/,info@parlorkcmo.com,valid,hunter_search,83,4.5,2522,seeded_real,downtown_zone,6.2 miles,"Hi Parlor KC team,

There's a World Cup game 6.2 miles from Parlor KC, in less than 50 days, and 2× Arrowhead Stadium (155K) worth of fans coming to Kansas City.

We're CrowdReady - a group of data scientists building actionable reports for Kansas City businesses. We pulled the numbers for Parlor KC specifically:

- who's coming (countries, ages, spending profile)
- when they'll be near you, hour by hour, on game day
- a Facebook/Instagram ad you can launch before kickoff— copy, audience, budget
- a day-of plan: when to staff up, what to stock, what to price up
- the single move with the highest projected revenue for Parlor KC

Worth taking a look? I can send over a quick Parlor KC snapshot today with the key numbers and the clearest opportunity we see.

If it's useful, 15 minutes on Zoom and I'll show you how to deploy it.

Cheers,
Lucas","Hi Parlor KC team,

There's a World Cup game 6.2 miles from Parlor KC, in less than 50 days, and 2× Arrowhead Stadium (155K) worth of fans coming to Kansas City.

We're CrowdReady - a group of data scientists building actionable reports for Kansas City businesses. We pulled the numbers for Parlor KC specifically:

- who's coming (countries, ages, spending profile)
- when they'll be near you, hour by hour, on game day
- a Facebook/Instagram ad you can launch before kickoff— copy, audience, budget
- a day-of plan: when to staff up, what to stock, what to price up
- the single move with the highest projected revenue for Parlor KC

Worth taking a look? I can send over a quick Parlor KC snapshot today with the key numbers and the clearest opportunity we see.

If it's useful, 15 minutes on Zoom and I'll show you how to deploy it.

Cheers,
Anthony","Hi Parlor KC team,

There's a World Cup game 6.2 miles from Parlor KC, in less than 50 days, and 2× Arrowhead Stadium (155K) worth of fans coming to Kansas City.

We're CrowdReady - a group of data scientists building actionable reports for Kansas City businesses. We pulled the numbers for Parlor KC specifically:

- who's coming (countries, ages, spending profile)
- when they'll be near you, hour by hour, on game day
- a Facebook/Instagram ad you can launch before kickoff— copy, audience, budget
- a day-of plan: when to staff up, what to stock, what to price up
- the single move with the highest projected revenue for Parlor KC

Worth taking a look? I can send over a quick Parlor KC snapshot today with the key numbers and the clearest opportunity we see.

If it's useful, 15 minutes on Zoom and I'll show you how to deploy it.

Cheers,
Jacob",
FALSE,FALSE,Lifted Spirits,cocktail_bar,"1734 Cherry St, Kansas City, MO 64108, USA",Kansas City,USA,+1 816-866-1734,http://www.liftedspiritskc.com/?utm_source=Google&utm_medium=Maps&utm_campaign=Google%20Maps,info@liftedspiritskc.com,valid,hunter_search,95,4.5,430,seeded_real,uptown_zone,6.3 miles,"Hi Lifted Spirits team,

There's a World Cup game 6.3 miles from Lifted Spirits, in less than 50 days, and 2× Arrowhead Stadium (155K) worth of fans coming to Kansas City.

We're CrowdReady - a group of data scientists building actionable reports for Kansas City businesses. We pulled the numbers for Lifted Spirits specifically:

- who's coming (countries, ages, spending profile)
- when they'll be near you, hour by hour, on game day
- a Facebook/Instagram ad you can launch before kickoff— copy, audience, budget
- a day-of plan: when to staff up, what to stock, what to price up
- the single move with the highest projected revenue for Lifted Spirits

Worth taking a look? I can send over a quick Lifted Spirits snapshot today with the key numbers and the clearest opportunity we see.

If it's useful, 15 minutes on Zoom and I'll show you how to deploy it.

Cheers,
Lucas","Hi Lifted Spirits team,

There's a World Cup game 6.3 miles from Lifted Spirits, in less than 50 days, and 2× Arrowhead Stadium (155K) worth of fans coming to Kansas City.

We're CrowdReady - a group of data scientists building actionable reports for Kansas City businesses. We pulled the numbers for Lifted Spirits specifically:

- who's coming (countries, ages, spending profile)
- when they'll be near you, hour by hour, on game day
- a Facebook/Instagram ad you can launch before kickoff— copy, audience, budget
- a day-of plan: when to staff up, what to stock, what to price up
- the single move with the highest projected revenue for Lifted Spirits

Worth taking a look? I can send over a quick Lifted Spirits snapshot today with the key numbers and the clearest opportunity we see.

If it's useful, 15 minutes on Zoom and I'll show you how to deploy it.

Cheers,
Anthony","Hi Lifted Spirits team,

There's a World Cup game 6.3 miles from Lifted Spirits, in less than 50 days, and 2× Arrowhead Stadium (155K) worth of fans coming to Kansas City.

We're CrowdReady - a group of data scientists building actionable reports for Kansas City businesses. We pulled the numbers for Lifted Spirits specifically:

- who's coming (countries, ages, spending profile)
- when they'll be near you, hour by hour, on game day
- a Facebook/Instagram ad you can launch before kickoff— copy, audience, budget
- a day-of plan: when to staff up, what to stock, what to price up
- the single move with the highest projected revenue for Lifted Spirits

Worth taking a look? I can send over a quick Lifted Spirits snapshot today with the key numbers and the clearest opportunity we see.

If it's useful, 15 minutes on Zoom and I'll show you how to deploy it.

Cheers,
Jacob",
FALSE,FALSE,Westport Ale House,sports_bar,"4128 Broadway Blvd, Kansas City, MO 64111, USA",Kansas City,USA,+1 816-756-5277,https://westportalehouse.com/,info@westportalehouse.com,valid,hunter_search,99,4.3,854,seeded_real,deep_ellum_zone,5.5 miles,"Hi Westport Ale House team,

There's a World Cup game 5.5 miles from Westport Ale House, in less than 50 days, and 2× Arrowhead Stadium (155K) worth of fans coming to Kansas City.

We're CrowdReady - a group of data scientists building actionable reports for Kansas City businesses. We pulled the numbers for Westport Ale House specifically:

- who's coming (countries, ages, spending profile)
- when they'll be near you, hour by hour, on game day
- a Facebook/Instagram ad you can launch before kickoff— copy, audience, budget
- a day-of plan: when to staff up, what to stock, what to price up
- the single move with the highest projected revenue for Westport Ale House

Worth taking a look? I can send over a quick Westport Ale House snapshot today with the key numbers and the clearest opportunity we see.

If it's useful, 15 minutes on Zoom and I'll show you how to deploy it.

Cheers,
Lucas","Hi Westport Ale House team,

There's a World Cup game 5.5 miles from Westport Ale House, in less than 50 days, and 2× Arrowhead Stadium (155K) worth of fans coming to Kansas City.

We're CrowdReady - a group of data scientists building actionable reports for Kansas City businesses. We pulled the numbers for Westport Ale House specifically:

- who's coming (countries, ages, spending profile)
- when they'll be near you, hour by hour, on game day
- a Facebook/Instagram ad you can launch before kickoff— copy, audience, budget
- a day-of plan: when to staff up, what to stock, what to price up
- the single move with the highest projected revenue for Westport Ale House

Worth taking a look? I can send over a quick Westport Ale House snapshot today with the key numbers and the clearest opportunity we see.

If it's useful, 15 minutes on Zoom and I'll show you how to deploy it.

Cheers,
Anthony","Hi Westport Ale House team,

There's a World Cup game 5.5 miles from Westport Ale House, in less than 50 days, and 2× Arrowhead Stadium (155K) worth of fans coming to Kansas City.

We're CrowdReady - a group of data scientists building actionable reports for Kansas City businesses. We pulled the numbers for Westport Ale House specifically:

- who's coming (countries, ages, spending profile)
- when they'll be near you, hour by hour, on game day
- a Facebook/Instagram ad you can launch before kickoff— copy, audience, budget
- a day-of plan: when to staff up, what to stock, what to price up
- the single move with the highest projected revenue for Westport Ale House

Worth taking a look? I can send over a quick Westport Ale House snapshot today with the key numbers and the clearest opportunity we see.

If it's useful, 15 minutes on Zoom and I'll show you how to deploy it.

Cheers,
Jacob",
FALSE,FALSE,Pegah's Family Diner,restaurant,"410 Rte 291, Lee's Summit, MO 64063, USA",Kansas City,USA,+1 816-600-2034,http://pegahs.com/,rameen@pegahs.com,valid,hunter_search,99,4.3,366,seeded_real,local_zone,4.7 miles,"Hi Pegah's Family Diner team,

There's a World Cup game 4.7 miles from Pegah's Family Diner, in less than 50 days, and 2× Arrowhead Stadium (155K) worth of fans coming to Kansas City.

We're CrowdReady - a group of data scientists building actionable reports for Kansas City businesses. We pulled the numbers for Pegah's Family Diner specifically:

- who's coming (countries, ages, spending profile)
- when they'll be near you, hour by hour, on game day
- a Facebook/Instagram ad you can launch before kickoff— copy, audience, budget
- a day-of plan: when to staff up, what to stock, what to price up
- the single move with the highest projected revenue for Pegah's Family Diner

Worth taking a look? I can send over a quick Pegah's Family Diner snapshot today with the key numbers and the clearest opportunity we see.

If it's useful, 15 minutes on Zoom and I'll show you how to deploy it.

Cheers,
Lucas","Hi Pegah's Family Diner team,

There's a World Cup game 4.7 miles from Pegah's Family Diner, in less than 50 days, and 2× Arrowhead Stadium (155K) worth of fans coming to Kansas City.

We're CrowdReady - a group of data scientists building actionable reports for Kansas City businesses. We pulled the numbers for Pegah's Family Diner specifically:

- who's coming (countries, ages, spending profile)
- when they'll be near you, hour by hour, on game day
- a Facebook/Instagram ad you can launch before kickoff— copy, audience, budget
- a day-of plan: when to staff up, what to stock, what to price up
- the single move with the highest projected revenue for Pegah's Family Diner

Worth taking a look? I can send over a quick Pegah's Family Diner snapshot today with the key numbers and the clearest opportunity we see.

If it's useful, 15 minutes on Zoom and I'll show you how to deploy it.

Cheers,
Anthony","Hi Pegah's Family Diner team,

There's a World Cup game 4.7 miles from Pegah's Family Diner, in less than 50 days, and 2× Arrowhead Stadium (155K) worth of fans coming to Kansas City.

We're CrowdReady - a group of data scientists building actionable reports for Kansas City businesses. We pulled the numbers for Pegah's Family Diner specifically:

- who's coming (countries, ages, spending profile)
- when they'll be near you, hour by hour, on game day
- a Facebook/Instagram ad you can launch before kickoff— copy, audience, budget
- a day-of plan: when to staff up, what to stock, what to price up
- the single move with the highest projected revenue for Pegah's Family Diner

Worth taking a look? I can send over a quick Pegah's Family Diner snapshot today with the key numbers and the clearest opportunity we see.

If it's useful, 15 minutes on Zoom and I'll show you how to deploy it.

Cheers,
Jacob",
FALSE,FALSE,Tanner's Independence,sports_bar,"18001 E US Hwy 24, Independence, MO 64056, USA",Kansas City,USA,+1 816-796-0880,http://cosentinos.com/,loud@cosentinos.com,valid,hunter_search,99,4.1,910,seeded_real,local_zone,4.7 miles,"Hi Tanner's Independence team,

There's a World Cup game 4.7 miles from Tanner's Independence, in less than 50 days, and 2× Arrowhead Stadium (155K) worth of fans coming to Kansas City.

We're CrowdReady - a group of data scientists building actionable reports for Kansas City businesses. We pulled the numbers for Tanner's Independence specifically:

- who's coming (countries, ages, spending profile)
- when they'll be near you, hour by hour, on game day
- a Facebook/Instagram ad you can launch before kickoff— copy, audience, budget
- a day-of plan: when to staff up, what to stock, what to price up
- the single move with the highest projected revenue for Tanner's Independence

Worth taking a look? I can send over a quick Tanner's Independence snapshot today with the key numbers and the clearest opportunity we see.

If it's useful, 15 minutes on Zoom and I'll show you how to deploy it.

Cheers,
Lucas","Hi Tanner's Independence team,

There's a World Cup game 4.7 miles from Tanner's Independence, in less than 50 days, and 2× Arrowhead Stadium (155K) worth of fans coming to Kansas City.

We're CrowdReady - a group of data scientists building actionable reports for Kansas City businesses. We pulled the numbers for Tanner's Independence specifically:

- who's coming (countries, ages, spending profile)
- when they'll be near you, hour by hour, on game day
- a Facebook/Instagram ad you can launch before kickoff— copy, audience, budget
- a day-of plan: when to staff up, what to stock, what to price up
- the single move with the highest projected revenue for Tanner's Independence

Worth taking a look? I can send over a quick Tanner's Independence snapshot today with the key numbers and the clearest opportunity we see.

If it's useful, 15 minutes on Zoom and I'll show you how to deploy it.

Cheers,
Anthony","Hi Tanner's Independence team,

There's a World Cup game 4.7 miles from Tanner's Independence, in less than 50 days, and 2× Arrowhead Stadium (155K) worth of fans coming to Kansas City.

We're CrowdReady - a group of data scientists building actionable reports for Kansas City businesses. We pulled the numbers for Tanner's Independence specifically:

- who's coming (countries, ages, spending profile)
- when they'll be near you, hour by hour, on game day
- a Facebook/Instagram ad you can launch before kickoff— copy, audience, budget
- a day-of plan: when to staff up, what to stock, what to price up
- the single move with the highest projected revenue for Tanner's Independence

Worth taking a look? I can send over a quick Tanner's Independence snapshot today with the key numbers and the clearest opportunity we see.

If it's useful, 15 minutes on Zoom and I'll show you how to deploy it.

Cheers,
Jacob",
FALSE,FALSE,The Fontaine,hotel,"901 W 48th Pl, Kansas City, MO 64112, USA",Kansas City,USA,+1 816-753-8800,https://www.thefontainehotel.com/?utm_source=google-gbp&utm_medium=organic&utm_campaign=gbp,info@thefontainehotel.com,valid,hunter_search,95,4.5,1971,seeded_real,las_colinas_zone,5.7 miles,"Hi The Fontaine team,

There's a World Cup game 5.7 miles from The Fontaine, in less than 50 days, and 2× Arrowhead Stadium (155K) worth of fans coming to Kansas City.

We're CrowdReady - a group of data scientists building actionable reports for Kansas City businesses. We pulled the numbers for The Fontaine specifically:

- who's coming (countries, ages, spending profile)
- when they'll be near you, hour by hour, on game day
- a Facebook/Instagram ad you can launch before kickoff— copy, audience, budget
- a day-of plan: when to staff up, what to stock, what to price up
- the single move with the highest projected revenue for The Fontaine

Worth taking a look? I can send over a quick The Fontaine snapshot today with the key numbers and the clearest opportunity we see.

If it's useful, 15 minutes on Zoom and I'll show you how to deploy it.

Cheers,
Lucas","Hi The Fontaine team,

There's a World Cup game 5.7 miles from The Fontaine, in less than 50 days, and 2× Arrowhead Stadium (155K) worth of fans coming to Kansas City.

We're CrowdReady - a group of data scientists building actionable reports for Kansas City businesses. We pulled the numbers for The Fontaine specifically:

- who's coming (countries, ages, spending profile)
- when they'll be near you, hour by hour, on game day
- a Facebook/Instagram ad you can launch before kickoff— copy, audience, budget
- a day-of plan: when to staff up, what to stock, what to price up
- the single move with the highest projected revenue for The Fontaine

Worth taking a look? I can send over a quick The Fontaine snapshot today with the key numbers and the clearest opportunity we see.

If it's useful, 15 minutes on Zoom and I'll show you how to deploy it.

Cheers,
Anthony","Hi The Fontaine team,

There's a World Cup game 5.7 miles from The Fontaine, in less than 50 days, and 2× Arrowhead Stadium (155K) worth of fans coming to Kansas City.

We're CrowdReady - a group of data scientists building actionable reports for Kansas City businesses. We pulled the numbers for The Fontaine specifically:

- who's coming (countries, ages, spending profile)
- when they'll be near you, hour by hour, on game day
- a Facebook/Instagram ad you can launch before kickoff— copy, audience, budget
- a day-of plan: when to staff up, what to stock, what to price up
- the single move with the highest projected revenue for The Fontaine

Worth taking a look? I can send over a quick The Fontaine snapshot today with the key numbers and the clearest opportunity we see.

If it's useful, 15 minutes on Zoom and I'll show you how to deploy it.

Cheers,
Jacob",
FALSE,FALSE,Crossroads Hotel KC,hotel,"2101 Central St, Kansas City, MO 64108, USA",Kansas City,USA,+1 816-897-8100,https://crossroadshotelkc.com/?utm_source=google-gbp&utm_medium=organic&utm_campaign=gbp,sales@crossroadshotelkc.com,valid,hunter_search,77,4.5,1082,seeded_real,downtown_zone,6.0 miles,"Hi Crossroads Hotel KC team,

There's a World Cup game 6.0 miles from Crossroads Hotel KC, in less than 50 days, and 2× Arrowhead Stadium (155K) worth of fans coming to Kansas City.

We're CrowdReady - a group of data scientists building actionable reports for Kansas City businesses. We pulled the numbers for Crossroads Hotel KC specifically:

- who's coming (countries, ages, spending profile)
- when they'll be near you, hour by hour, on game day
- a Facebook/Instagram ad you can launch before kickoff— copy, audience, budget
- a day-of plan: when to staff up, what to stock, what to price up
- the single move with the highest projected revenue for Crossroads Hotel KC

Worth taking a look? I can send over a quick Crossroads Hotel KC snapshot today with the key numbers and the clearest opportunity we see.

If it's useful, 15 minutes on Zoom and I'll show you how to deploy it.

Cheers,
Lucas","Hi Crossroads Hotel KC team,

There's a World Cup game 6.0 miles from Crossroads Hotel KC, in less than 50 days, and 2× Arrowhead Stadium (155K) worth of fans coming to Kansas City.

We're CrowdReady - a group of data scientists building actionable reports for Kansas City businesses. We pulled the numbers for Crossroads Hotel KC specifically:

- who's coming (countries, ages, spending profile)
- when they'll be near you, hour by hour, on game day
- a Facebook/Instagram ad you can launch before kickoff— copy, audience, budget
- a day-of plan: when to staff up, what to stock, what to price up
- the single move with the highest projected revenue for Crossroads Hotel KC

Worth taking a look? I can send over a quick Crossroads Hotel KC snapshot today with the key numbers and the clearest opportunity we see.

If it's useful, 15 minutes on Zoom and I'll show you how to deploy it.

Cheers,
Anthony","Hi Crossroads Hotel KC team,

There's a World Cup game 6.0 miles from Crossroads Hotel KC, in less than 50 days, and 2× Arrowhead Stadium (155K) worth of fans coming to Kansas City.

We're CrowdReady - a group of data scientists building actionable reports for Kansas City businesses. We pulled the numbers for Crossroads Hotel KC specifically:

- who's coming (countries, ages, spending profile)
- when they'll be near you, hour by hour, on game day
- a Facebook/Instagram ad you can launch before kickoff— copy, audience, budget
- a day-of plan: when to staff up, what to stock, what to price up
- the single move with the highest projected revenue for Crossroads Hotel KC

Worth taking a look? I can send over a quick Crossroads Hotel KC snapshot today with the key numbers and the clearest opportunity we see.

If it's useful, 15 minutes on Zoom and I'll show you how to deploy it.

Cheers,
Jacob",
FALSE,FALSE,Union Station Lobby Bar,hotel_bar,"1820 Market St, St. Louis, MO 63103, USA",Kansas City,USA,+1 314-621-5262,https://www.stlouisunionstation.com/grand-hall,info@stlouisunionstation.com,accept_all,hunter_search,94,4.3,300,seeded_real,downtown_zone,6.0 miles,"Hi Union Station Lobby Bar team,

There's a World Cup game 6.0 miles from Union Station Lobby Bar, in less than 50 days, and 2× Arrowhead Stadium (155K) worth of fans coming to Kansas City.

We're CrowdReady - a group of data scientists building actionable reports for Kansas City businesses. We pulled the numbers for Union Station Lobby Bar specifically:

- who's coming (countries, ages, spending profile)
- when they'll be near you, hour by hour, on game day
- a Facebook/Instagram ad you can launch before kickoff— copy, audience, budget
- a day-of plan: when to staff up, what to stock, what to price up
- the single move with the highest projected revenue for Union Station Lobby Bar

Worth taking a look? I can send over a quick Union Station Lobby Bar snapshot today with the key numbers and the clearest opportunity we see.

If it's useful, 15 minutes on Zoom and I'll show you how to deploy it.

Cheers,
Lucas","Hi Union Station Lobby Bar team,

There's a World Cup game 6.0 miles from Union Station Lobby Bar, in less than 50 days, and 2× Arrowhead Stadium (155K) worth of fans coming to Kansas City.

We're CrowdReady - a group of data scientists building actionable reports for Kansas City businesses. We pulled the numbers for Union Station Lobby Bar specifically:

- who's coming (countries, ages, spending profile)
- when they'll be near you, hour by hour, on game day
- a Facebook/Instagram ad you can launch before kickoff— copy, audience, budget
- a day-of plan: when to staff up, what to stock, what to price up
- the single move with the highest projected revenue for Union Station Lobby Bar

Worth taking a look? I can send over a quick Union Station Lobby Bar snapshot today with the key numbers and the clearest opportunity we see.

If it's useful, 15 minutes on Zoom and I'll show you how to deploy it.

Cheers,
Anthony","Hi Union Station Lobby Bar team,

There's a World Cup game 6.0 miles from Union Station Lobby Bar, in less than 50 days, and 2× Arrowhead Stadium (155K) worth of fans coming to Kansas City.

We're CrowdReady - a group of data scientists building actionable reports for Kansas City businesses. We pulled the numbers for Union Station Lobby Bar specifically:

- who's coming (countries, ages, spending profile)
- when they'll be near you, hour by hour, on game day
- a Facebook/Instagram ad you can launch before kickoff— copy, audience, budget
- a day-of plan: when to staff up, what to stock, what to price up
- the single move with the highest projected revenue for Union Station Lobby Bar

Worth taking a look? I can send over a quick Union Station Lobby Bar snapshot today with the key numbers and the clearest opportunity we see.

If it's useful, 15 minutes on Zoom and I'll show you how to deploy it.

Cheers,
Jacob",
FALSE,FALSE,Brooksider Sportsbar & Grill,sports_bar,"6330 Brookside Plaza, Kansas City, MO 64113, USA",Kansas City,USA,+1 816-363-4070,https://brooksider.com/,events@brooksider.com,valid,scraped_website,100,4.3,654,google_places_enriched,texas_live_zone,6.3 miles,"Hi Brooksider Sportsbar & Grill team,

There's a World Cup game 6.3 miles from Brooksider Sportsbar & Grill, in less than 50 days, and 2× Arrowhead Stadium (155K) worth of fans coming to Kansas City.

We're CrowdReady - a group of data scientists building actionable reports for Kansas City businesses. We pulled the numbers for Brooksider Sportsbar & Grill specifically:

- who's coming (countries, ages, spending profile)
- when they'll be near you, hour by hour, on game day
- a Facebook/Instagram ad you can launch before kickoff— copy, audience, budget
- a day-of plan: when to staff up, what to stock, what to price up
- the single move with the highest projected revenue for Brooksider Sportsbar & Grill

Worth taking a look? I can send over a quick Brooksider Sportsbar & Grill snapshot today with the key numbers and the clearest opportunity we see.

If it's useful, 15 minutes on Zoom and I'll show you how to deploy it.

Cheers,
Lucas","Hi Brooksider Sportsbar & Grill team,

There's a World Cup game 6.3 miles from Brooksider Sportsbar & Grill, in less than 50 days, and 2× Arrowhead Stadium (155K) worth of fans coming to Kansas City.

We're CrowdReady - a group of data scientists building actionable reports for Kansas City businesses. We pulled the numbers for Brooksider Sportsbar & Grill specifically:

- who's coming (countries, ages, spending profile)
- when they'll be near you, hour by hour, on game day
- a Facebook/Instagram ad you can launch before kickoff— copy, audience, budget
- a day-of plan: when to staff up, what to stock, what to price up
- the single move with the highest projected revenue for Brooksider Sportsbar & Grill

Worth taking a look? I can send over a quick Brooksider Sportsbar & Grill snapshot today with the key numbers and the clearest opportunity we see.

If it's useful, 15 minutes on Zoom and I'll show you how to deploy it.

Cheers,
Anthony","Hi Brooksider Sportsbar & Grill team,

There's a World Cup game 6.3 miles from Brooksider Sportsbar & Grill, in less than 50 days, and 2× Arrowhead Stadium (155K) worth of fans coming to Kansas City.

We're CrowdReady - a group of data scientists building actionable reports for Kansas City businesses. We pulled the numbers for Brooksider Sportsbar & Grill specifically:

- who's coming (countries, ages, spending profile)
- when they'll be near you, hour by hour, on game day
- a Facebook/Instagram ad you can launch before kickoff— copy, audience, budget
- a day-of plan: when to staff up, what to stock, what to price up
- the single move with the highest projected revenue for Brooksider Sportsbar & Grill

Worth taking a look? I can send over a quick Brooksider Sportsbar & Grill snapshot today with the key numbers and the clearest opportunity we see.

If it's useful, 15 minutes on Zoom and I'll show you how to deploy it.

Cheers,
Jacob",
FALSE,FALSE,No Other Pub by Sporting KC,sports_bar,"Located in the, 1370 Grand Blvd, Kansas City, MO 64106, USA",Kansas City,USA,+1 816-541-2300,http://www.powerandlightdistrict.com/eat-and-drink/no-other-pub,events@powerandlightdistrict.com,accept_all,hunter_search,79,4.3,1005,google_places_enriched,texas_live_zone,6.2 miles,"Hi No Other Pub by Sporting KC team,

There's a World Cup game 6.2 miles from No Other Pub by Sporting KC, in less than 50 days, and 2× Arrowhead Stadium (155K) worth of fans coming to Kansas City.

We're CrowdReady - a group of data scientists building actionable reports for Kansas City businesses. We pulled the numbers for No Other Pub by Sporting KC specifically:

- who's coming (countries, ages, spending profile)
- when they'll be near you, hour by hour, on game day
- a Facebook/Instagram ad you can launch before kickoff— copy, audience, budget
- a day-of plan: when to staff up, what to stock, what to price up
- the single move with the highest projected revenue for No Other Pub by Sporting KC

Worth taking a look? I can send over a quick No Other Pub by Sporting KC snapshot today with the key numbers and the clearest opportunity we see.

If it's useful, 15 minutes on Zoom and I'll show you how to deploy it.

Cheers,
Lucas","Hi No Other Pub by Sporting KC team,

There's a World Cup game 6.2 miles from No Other Pub by Sporting KC, in less than 50 days, and 2× Arrowhead Stadium (155K) worth of fans coming to Kansas City.

We're CrowdReady - a group of data scientists building actionable reports for Kansas City businesses. We pulled the numbers for No Other Pub by Sporting KC specifically:

- who's coming (countries, ages, spending profile)
- when they'll be near you, hour by hour, on game day
- a Facebook/Instagram ad you can launch before kickoff— copy, audience, budget
- a day-of plan: when to staff up, what to stock, what to price up
- the single move with the highest projected revenue for No Other Pub by Sporting KC

Worth taking a look? I can send over a quick No Other Pub by Sporting KC snapshot today with the key numbers and the clearest opportunity we see.

If it's useful, 15 minutes on Zoom and I'll show you how to deploy it.

Cheers,
Anthony","Hi No Other Pub by Sporting KC team,

There's a World Cup game 6.2 miles from No Other Pub by Sporting KC, in less than 50 days, and 2× Arrowhead Stadium (155K) worth of fans coming to Kansas City.

We're CrowdReady - a group of data scientists building actionable reports for Kansas City businesses. We pulled the numbers for No Other Pub by Sporting KC specifically:

- who's coming (countries, ages, spending profile)
- when they'll be near you, hour by hour, on game day
- a Facebook/Instagram ad you can launch before kickoff— copy, audience, budget
- a day-of plan: when to staff up, what to stock, what to price up
- the single move with the highest projected revenue for No Other Pub by Sporting KC

Worth taking a look? I can send over a quick No Other Pub by Sporting KC snapshot today with the key numbers and the clearest opportunity we see.

If it's useful, 15 minutes on Zoom and I'll show you how to deploy it.

Cheers,
Jacob",
FALSE,FALSE,Amerisports Brew Pub,sports_bar,"3200 North Ameristar Drive, Kansas City, MO 64161, USA",Kansas City,USA,+1 816-414-7171,https://ameristarkansascity.boydgaming.com/dine/amerisports-brew-pub,lisawamsley@boydgaming.com,accept_all,hunter_search,94,4.1,590,google_places_enriched,texas_live_zone,7.0 miles,"Hi Amerisports Brew Pub team,

There's a World Cup game 7.0 miles from Amerisports Brew Pub, in less than 50 days, and 2× Arrowhead Stadium (155K) worth of fans coming to Kansas City.

We're CrowdReady - a group of data scientists building actionable reports for Kansas City businesses. We pulled the numbers for Amerisports Brew Pub specifically:

- who's coming (countries, ages, spending profile)
- when they'll be near you, hour by hour, on game day
- a Facebook/Instagram ad you can launch before kickoff— copy, audience, budget
- a day-of plan: when to staff up, what to stock, what to price up
- the single move with the highest projected revenue for Amerisports Brew Pub

Worth taking a look? I can send over a quick Amerisports Brew Pub snapshot today with the key numbers and the clearest opportunity we see.

If it's useful, 15 minutes on Zoom and I'll show you how to deploy it.

Cheers,
Lucas","Hi Amerisports Brew Pub team,

There's a World Cup game 7.0 miles from Amerisports Brew Pub, in less than 50 days, and 2× Arrowhead Stadium (155K) worth of fans coming to Kansas City.

We're CrowdReady - a group of data scientists building actionable reports for Kansas City businesses. We pulled the numbers for Amerisports Brew Pub specifically:

- who's coming (countries, ages, spending profile)
- when they'll be near you, hour by hour, on game day
- a Facebook/Instagram ad you can launch before kickoff— copy, audience, budget
- a day-of plan: when to staff up, what to stock, what to price up
- the single move with the highest projected revenue for Amerisports Brew Pub

Worth taking a look? I can send over a quick Amerisports Brew Pub snapshot today with the key numbers and the clearest opportunity we see.

If it's useful, 15 minutes on Zoom and I'll show you how to deploy it.

Cheers,
Anthony","Hi Amerisports Brew Pub team,

There's a World Cup game 7.0 miles from Amerisports Brew Pub, in less than 50 days, and 2× Arrowhead Stadium (155K) worth of fans coming to Kansas City.

We're CrowdReady - a group of data scientists building actionable reports for Kansas City businesses. We pulled the numbers for Amerisports Brew Pub specifically:

- who's coming (countries, ages, spending profile)
- when they'll be near you, hour by hour, on game day
- a Facebook/Instagram ad you can launch before kickoff— copy, audience, budget
- a day-of plan: when to staff up, what to stock, what to price up
- the single move with the highest projected revenue for Amerisports Brew Pub

Worth taking a look? I can send over a quick Amerisports Brew Pub snapshot today with the key numbers and the clearest opportunity we see.

If it's useful, 15 minutes on Zoom and I'll show you how to deploy it.

Cheers,
Jacob",
FALSE,FALSE,Brick House KC,sports_bar,"400 E 31st St, Kansas City, MO 64108, USA",Kansas City,USA,+1 816-255-3912,http://www.brickhousekc.com/,jimmy@brickhousekc.com,accept_all,scraped_website,78,4.3,1920,google_places_enriched,texas_live_zone,5.4 miles,"Hi Brick House KC team,

There's a World Cup game 5.4 miles from Brick House KC, in less than 50 days, and 2× Arrowhead Stadium (155K) worth of fans coming to Kansas City.

We're CrowdReady - a group of data scientists building actionable reports for Kansas City businesses. We pulled the numbers for Brick House KC specifically:

- who's coming (countries, ages, spending profile)
- when they'll be near you, hour by hour, on game day
- a Facebook/Instagram ad you can launch before kickoff— copy, audience, budget
- a day-of plan: when to staff up, what to stock, what to price up
- the single move with the highest projected revenue for Brick House KC

Worth taking a look? I can send over a quick Brick House KC snapshot today with the key numbers and the clearest opportunity we see.

If it's useful, 15 minutes on Zoom and I'll show you how to deploy it.

Cheers,
Lucas","Hi Brick House KC team,

There's a World Cup game 5.4 miles from Brick House KC, in less than 50 days, and 2× Arrowhead Stadium (155K) worth of fans coming to Kansas City.

We're CrowdReady - a group of data scientists building actionable reports for Kansas City businesses. We pulled the numbers for Brick House KC specifically:

- who's coming (countries, ages, spending profile)
- when they'll be near you, hour by hour, on game day
- a Facebook/Instagram ad you can launch before kickoff— copy, audience, budget
- a day-of plan: when to staff up, what to stock, what to price up
- the single move with the highest projected revenue for Brick House KC

Worth taking a look? I can send over a quick Brick House KC snapshot today with the key numbers and the clearest opportunity we see.

If it's useful, 15 minutes on Zoom and I'll show you how to deploy it.

Cheers,
Anthony","Hi Brick House KC team,

There's a World Cup game 5.4 miles from Brick House KC, in less than 50 days, and 2× Arrowhead Stadium (155K) worth of fans coming to Kansas City.

We're CrowdReady - a group of data scientists building actionable reports for Kansas City businesses. We pulled the numbers for Brick House KC specifically:

- who's coming (countries, ages, spending profile)
- when they'll be near you, hour by hour, on game day
- a Facebook/Instagram ad you can launch before kickoff— copy, audience, budget
- a day-of plan: when to staff up, what to stock, what to price up
- the single move with the highest projected revenue for Brick House KC

Worth taking a look? I can send over a quick Brick House KC snapshot today with the key numbers and the clearest opportunity we see.

If it's useful, 15 minutes on Zoom and I'll show you how to deploy it.

Cheers,
Jacob",
FALSE,FALSE,KC Pickle Club,sports_bar,"9119 E 39th St, Kansas City, MO 64133, USA",Kansas City,USA,+1 816-381-2400,https://www.kcpickleclub.com/,hello@kcpickleclub.com,valid,scraped_website,100,4.7,49,google_places_enriched,texas_live_zone,0.7 miles,"Hi KC Pickle Club team,

There's a World Cup game 0.7 miles from KC Pickle Club, in less than 50 days, and 2× Arrowhead Stadium (155K) worth of fans coming to Kansas City.

We're CrowdReady - a group of data scientists building actionable reports for Kansas City businesses. We pulled the numbers for KC Pickle Club specifically:

- who's coming (countries, ages, spending profile)
- when they'll be near you, hour by hour, on game day
- a Facebook/Instagram ad you can launch before kickoff— copy, audience, budget
- a day-of plan: when to staff up, what to stock, what to price up
- the single move with the highest projected revenue for KC Pickle Club

Worth taking a look? I can send over a quick KC Pickle Club snapshot today with the key numbers and the clearest opportunity we see.

If it's useful, 15 minutes on Zoom and I'll show you how to deploy it.

Cheers,
Lucas","Hi KC Pickle Club team,

There's a World Cup game 0.7 miles from KC Pickle Club, in less than 50 days, and 2× Arrowhead Stadium (155K) worth of fans coming to Kansas City.

We're CrowdReady - a group of data scientists building actionable reports for Kansas City businesses. We pulled the numbers for KC Pickle Club specifically:

- who's coming (countries, ages, spending profile)
- when they'll be near you, hour by hour, on game day
- a Facebook/Instagram ad you can launch before kickoff— copy, audience, budget
- a day-of plan: when to staff up, what to stock, what to price up
- the single move with the highest projected revenue for KC Pickle Club

Worth taking a look? I can send over a quick KC Pickle Club snapshot today with the key numbers and the clearest opportunity we see.

If it's useful, 15 minutes on Zoom and I'll show you how to deploy it.

Cheers,
Anthony","Hi KC Pickle Club team,

There's a World Cup game 0.7 miles from KC Pickle Club, in less than 50 days, and 2× Arrowhead Stadium (155K) worth of fans coming to Kansas City.

We're CrowdReady - a group of data scientists building actionable reports for Kansas City businesses. We pulled the numbers for KC Pickle Club specifically:

- who's coming (countries, ages, spending profile)
- when they'll be near you, hour by hour, on game day
- a Facebook/Instagram ad you can launch before kickoff— copy, audience, budget
- a day-of plan: when to staff up, what to stock, what to price up
- the single move with the highest projected revenue for KC Pickle Club

Worth taking a look? I can send over a quick KC Pickle Club snapshot today with the key numbers and the clearest opportunity we see.

If it's useful, 15 minutes on Zoom and I'll show you how to deploy it.

Cheers,
Jacob",
FALSE,FALSE,Taps on Main,sports_bar,"1715 Main St, Kansas City, MO 64108, USA",Kansas City,USA,+1 816-291-4502,https://www.tapsonmain.com/,gtower@tapsonmain.com,valid,hunter_search,60,4.4,1198,google_places_enriched,texas_live_zone,6.1 miles,"Hi Taps on Main team,

There's a World Cup game 6.1 miles from Taps on Main, in less than 50 days, and 2× Arrowhead Stadium (155K) worth of fans coming to Kansas City.

We're CrowdReady - a group of data scientists building actionable reports for Kansas City businesses. We pulled the numbers for Taps on Main specifically:

- who's coming (countries, ages, spending profile)
- when they'll be near you, hour by hour, on game day
- a Facebook/Instagram ad you can launch before kickoff— copy, audience, budget
- a day-of plan: when to staff up, what to stock, what to price up
- the single move with the highest projected revenue for Taps on Main

Worth taking a look? I can send over a quick Taps on Main snapshot today with the key numbers and the clearest opportunity we see.

If it's useful, 15 minutes on Zoom and I'll show you how to deploy it.

Cheers,
Lucas","Hi Taps on Main team,

There's a World Cup game 6.1 miles from Taps on Main, in less than 50 days, and 2× Arrowhead Stadium (155K) worth of fans coming to Kansas City.

We're CrowdReady - a group of data scientists building actionable reports for Kansas City businesses. We pulled the numbers for Taps on Main specifically:

- who's coming (countries, ages, spending profile)
- when they'll be near you, hour by hour, on game day
- a Facebook/Instagram ad you can launch before kickoff— copy, audience, budget
- a day-of plan: when to staff up, what to stock, what to price up
- the single move with the highest projected revenue for Taps on Main

Worth taking a look? I can send over a quick Taps on Main snapshot today with the key numbers and the clearest opportunity we see.

If it's useful, 15 minutes on Zoom and I'll show you how to deploy it.

Cheers,
Anthony","Hi Taps on Main team,

There's a World Cup game 6.1 miles from Taps on Main, in less than 50 days, and 2× Arrowhead Stadium (155K) worth of fans coming to Kansas City.

We're CrowdReady - a group of data scientists building actionable reports for Kansas City businesses. We pulled the numbers for Taps on Main specifically:

- who's coming (countries, ages, spending profile)
- when they'll be near you, hour by hour, on game day
- a Facebook/Instagram ad you can launch before kickoff— copy, audience, budget
- a day-of plan: when to staff up, what to stock, what to price up
- the single move with the highest projected revenue for Taps on Main

Worth taking a look? I can send over a quick Taps on Main snapshot today with the key numbers and the clearest opportunity we see.

If it's useful, 15 minutes on Zoom and I'll show you how to deploy it.

Cheers,
Jacob",
FALSE,FALSE,Streetcar Grille & Tavern,sports_bar,"1580 Main St, Kansas City, MO 64108, USA",Kansas City,USA,+1 816-216-6187,http://www.streetcargrille.com/,jhudson@streetcargrille.com,valid,scraped_website,100,4.3,1379,google_places_enriched,texas_live_zone,6.2 miles,"Hi Streetcar Grille & Tavern team,

There's a World Cup game 6.2 miles from Streetcar Grille & Tavern, in less than 50 days, and 2× Arrowhead Stadium (155K) worth of fans coming to Kansas City.

We're CrowdReady - a group of data scientists building actionable reports for Kansas City businesses. We pulled the numbers for Streetcar Grille & Tavern specifically:

- who's coming (countries, ages, spending profile)
- when they'll be near you, hour by hour, on game day
- a Facebook/Instagram ad you can launch before kickoff— copy, audience, budget
- a day-of plan: when to staff up, what to stock, what to price up
- the single move with the highest projected revenue for Streetcar Grille & Tavern

Worth taking a look? I can send over a quick Streetcar Grille & Tavern snapshot today with the key numbers and the clearest opportunity we see.

If it's useful, 15 minutes on Zoom and I'll show you how to deploy it.

Cheers,
Lucas","Hi Streetcar Grille & Tavern team,

There's a World Cup game 6.2 miles from Streetcar Grille & Tavern, in less than 50 days, and 2× Arrowhead Stadium (155K) worth of fans coming to Kansas City.

We're CrowdReady - a group of data scientists building actionable reports for Kansas City businesses. We pulled the numbers for Streetcar Grille & Tavern specifically:

- who's coming (countries, ages, spending profile)
- when they'll be near you, hour by hour, on game day
- a Facebook/Instagram ad you can launch before kickoff— copy, audience, budget
- a day-of plan: when to staff up, what to stock, what to price up
- the single move with the highest projected revenue for Streetcar Grille & Tavern

Worth taking a look? I can send over a quick Streetcar Grille & Tavern snapshot today with the key numbers and the clearest opportunity we see.

If it's useful, 15 minutes on Zoom and I'll show you how to deploy it.

Cheers,
Anthony","Hi Streetcar Grille & Tavern team,

There's a World Cup game 6.2 miles from Streetcar Grille & Tavern, in less than 50 days, and 2× Arrowhead Stadium (155K) worth of fans coming to Kansas City.

We're CrowdReady - a group of data scientists building actionable reports for Kansas City businesses. We pulled the numbers for Streetcar Grille & Tavern specifically:

- who's coming (countries, ages, spending profile)
- when they'll be near you, hour by hour, on game day
- a Facebook/Instagram ad you can launch before kickoff— copy, audience, budget
- a day-of plan: when to staff up, what to stock, what to price up
- the single move with the highest projected revenue for Streetcar Grille & Tavern

Worth taking a look? I can send over a quick Streetcar Grille & Tavern snapshot today with the key numbers and the clearest opportunity we see.

If it's useful, 15 minutes on Zoom and I'll show you how to deploy it.

Cheers,
Jacob",
FALSE,FALSE,DoubleTap KC,sports_bar,"310 Oak St, Kansas City, MO 64106, USA",Kansas City,USA,+1 816-800-4001,https://www.doubletapkc.com/,terry@doubletapkc.com,valid,hunter_search,99,4.7,749,google_places_enriched,texas_live_zone,6.7 miles,"Hi DoubleTap KC team,

There's a World Cup game 6.7 miles from DoubleTap KC, in less than 50 days, and 2× Arrowhead Stadium (155K) worth of fans coming to Kansas City.

We're CrowdReady - a group of data scientists building actionable reports for Kansas City businesses. We pulled the numbers for DoubleTap KC specifically:

- who's coming (countries, ages, spending profile)
- when they'll be near you, hour by hour, on game day
- a Facebook/Instagram ad you can launch before kickoff— copy, audience, budget
- a day-of plan: when to staff up, what to stock, what to price up
- the single move with the highest projected revenue for DoubleTap KC

Worth taking a look? I can send over a quick DoubleTap KC snapshot today with the key numbers and the clearest opportunity we see.

If it's useful, 15 minutes on Zoom and I'll show you how to deploy it.

Cheers,
Lucas","Hi DoubleTap KC team,

There's a World Cup game 6.7 miles from DoubleTap KC, in less than 50 days, and 2× Arrowhead Stadium (155K) worth of fans coming to Kansas City.

We're CrowdReady - a group of data scientists building actionable reports for Kansas City businesses. We pulled the numbers for DoubleTap KC specifically:

- who's coming (countries, ages, spending profile)
- when they'll be near you, hour by hour, on game day
- a Facebook/Instagram ad you can launch before kickoff— copy, audience, budget
- a day-of plan: when to staff up, what to stock, what to price up
- the single move with the highest projected revenue for DoubleTap KC

Worth taking a look? I can send over a quick DoubleTap KC snapshot today with the key numbers and the clearest opportunity we see.

If it's useful, 15 minutes on Zoom and I'll show you how to deploy it.

Cheers,
Anthony","Hi DoubleTap KC team,

There's a World Cup game 6.7 miles from DoubleTap KC, in less than 50 days, and 2× Arrowhead Stadium (155K) worth of fans coming to Kansas City.

We're CrowdReady - a group of data scientists building actionable reports for Kansas City businesses. We pulled the numbers for DoubleTap KC specifically:

- who's coming (countries, ages, spending profile)
- when they'll be near you, hour by hour, on game day
- a Facebook/Instagram ad you can launch before kickoff— copy, audience, budget
- a day-of plan: when to staff up, what to stock, what to price up
- the single move with the highest projected revenue for DoubleTap KC

Worth taking a look? I can send over a quick DoubleTap KC snapshot today with the key numbers and the clearest opportunity we see.

If it's useful, 15 minutes on Zoom and I'll show you how to deploy it.

Cheers,
Jacob",
FALSE,FALSE,Gates Bar-B-Q,sports_bar,"10440 E US Hwy 40, Independence, MO 64055, USA",Kansas City,USA,+1 816-353-5880,https://gatesbbq.com/?y_source=1_Mzg3Mjk4NjktNzE1LWxvY2F0aW9uLndlYnNpdGU%3D,sales@gatesbbq.com,valid,hunter_search,99,4,3824,google_places_enriched,texas_live_zone,1.6 miles,"Hi Gates Bar-B-Q team,

There's a World Cup game 1.6 miles from Gates Bar-B-Q, in less than 50 days, and 2× Arrowhead Stadium (155K) worth of fans coming to Kansas City.

We're CrowdReady - a group of data scientists building actionable reports for Kansas City businesses. We pulled the numbers for Gates Bar-B-Q specifically:

- who's coming (countries, ages, spending profile)
- when they'll be near you, hour by hour, on game day
- a Facebook/Instagram ad you can launch before kickoff— copy, audience, budget
- a day-of plan: when to staff up, what to stock, what to price up
- the single move with the highest projected revenue for Gates Bar-B-Q

Worth taking a look? I can send over a quick Gates Bar-B-Q snapshot today with the key numbers and the clearest opportunity we see.

If it's useful, 15 minutes on Zoom and I'll show you how to deploy it.

Cheers,
Lucas","Hi Gates Bar-B-Q team,

There's a World Cup game 1.6 miles from Gates Bar-B-Q, in less than 50 days, and 2× Arrowhead Stadium (155K) worth of fans coming to Kansas City.

We're CrowdReady - a group of data scientists building actionable reports for Kansas City businesses. We pulled the numbers for Gates Bar-B-Q specifically:

- who's coming (countries, ages, spending profile)
- when they'll be near you, hour by hour, on game day
- a Facebook/Instagram ad you can launch before kickoff— copy, audience, budget
- a day-of plan: when to staff up, what to stock, what to price up
- the single move with the highest projected revenue for Gates Bar-B-Q

Worth taking a look? I can send over a quick Gates Bar-B-Q snapshot today with the key numbers and the clearest opportunity we see.

If it's useful, 15 minutes on Zoom and I'll show you how to deploy it.

Cheers,
Anthony","Hi Gates Bar-B-Q team,

There's a World Cup game 1.6 miles from Gates Bar-B-Q, in less than 50 days, and 2× Arrowhead Stadium (155K) worth of fans coming to Kansas City.

We're CrowdReady - a group of data scientists building actionable reports for Kansas City businesses. We pulled the numbers for Gates Bar-B-Q specifically:

- who's coming (countries, ages, spending profile)
- when they'll be near you, hour by hour, on game day
- a Facebook/Instagram ad you can launch before kickoff— copy, audience, budget
- a day-of plan: when to staff up, what to stock, what to price up
- the single move with the highest projected revenue for Gates Bar-B-Q

Worth taking a look? I can send over a quick Gates Bar-B-Q snapshot today with the key numbers and the clearest opportunity we see.

If it's useful, 15 minutes on Zoom and I'll show you how to deploy it.

Cheers,
Jacob",
FALSE,FALSE,Oak & Steel,sports_bar,"120 W 17 St, Kansas City, MO 64108, USA",Kansas City,USA,+1 816-610-8955,https://oakandsteelkc.com/,kyle@oakandsteelkc.com,valid,scraped_website,100,4.7,255,google_places_enriched,texas_live_zone,6.2 miles,"Hi Oak & Steel team,

There's a World Cup game 6.2 miles from Oak & Steel, in less than 50 days, and 2× Arrowhead Stadium (155K) worth of fans coming to Kansas City.

We're CrowdReady - a group of data scientists building actionable reports for Kansas City businesses. We pulled the numbers for Oak & Steel specifically:

- who's coming (countries, ages, spending profile)
- when they'll be near you, hour by hour, on game day
- a Facebook/Instagram ad you can launch before kickoff— copy, audience, budget
- a day-of plan: when to staff up, what to stock, what to price up
- the single move with the highest projected revenue for Oak & Steel

Worth taking a look? I can send over a quick Oak & Steel snapshot today with the key numbers and the clearest opportunity we see.

If it's useful, 15 minutes on Zoom and I'll show you how to deploy it.

Cheers,
Lucas","Hi Oak & Steel team,

There's a World Cup game 6.2 miles from Oak & Steel, in less than 50 days, and 2× Arrowhead Stadium (155K) worth of fans coming to Kansas City.

We're CrowdReady - a group of data scientists building actionable reports for Kansas City businesses. We pulled the numbers for Oak & Steel specifically:

- who's coming (countries, ages, spending profile)
- when they'll be near you, hour by hour, on game day
- a Facebook/Instagram ad you can launch before kickoff— copy, audience, budget
- a day-of plan: when to staff up, what to stock, what to price up
- the single move with the highest projected revenue for Oak & Steel

Worth taking a look? I can send over a quick Oak & Steel snapshot today with the key numbers and the clearest opportunity we see.

If it's useful, 15 minutes on Zoom and I'll show you how to deploy it.

Cheers,
Anthony","Hi Oak & Steel team,

There's a World Cup game 6.2 miles from Oak & Steel, in less than 50 days, and 2× Arrowhead Stadium (155K) worth of fans coming to Kansas City.

We're CrowdReady - a group of data scientists building actionable reports for Kansas City businesses. We pulled the numbers for Oak & Steel specifically:

- who's coming (countries, ages, spending profile)
- when they'll be near you, hour by hour, on game day
- a Facebook/Instagram ad you can launch before kickoff— copy, audience, budget
- a day-of plan: when to staff up, what to stock, what to price up
- the single move with the highest projected revenue for Oak & Steel

Worth taking a look? I can send over a quick Oak & Steel snapshot today with the key numbers and the clearest opportunity we see.

If it's useful, 15 minutes on Zoom and I'll show you how to deploy it.

Cheers,
Jacob",
FALSE,FALSE,Tavern 24,sports_bar,"825 N Dakota Dr 24 HWY, Independence, MO 64056, USA",Kansas City,USA,+1 816-683-2824,http://tavern24.com/,info@tavern24.com,accept_all,hunter_search,76,4,989,google_places_enriched,texas_live_zone,7.7 miles,"Hi Tavern 24 team,

There's a World Cup game 7.7 miles from Tavern 24, in less than 50 days, and 2× Arrowhead Stadium (155K) worth of fans coming to Kansas City.

We're CrowdReady - a group of data scientists building actionable reports for Kansas City businesses. We pulled the numbers for Tavern 24 specifically:

- who's coming (countries, ages, spending profile)
- when they'll be near you, hour by hour, on game day
- a Facebook/Instagram ad you can launch before kickoff— copy, audience, budget
- a day-of plan: when to staff up, what to stock, what to price up
- the single move with the highest projected revenue for Tavern 24

Worth taking a look? I can send over a quick Tavern 24 snapshot today with the key numbers and the clearest opportunity we see.

If it's useful, 15 minutes on Zoom and I'll show you how to deploy it.

Cheers,
Lucas","Hi Tavern 24 team,

There's a World Cup game 7.7 miles from Tavern 24, in less than 50 days, and 2× Arrowhead Stadium (155K) worth of fans coming to Kansas City.

We're CrowdReady - a group of data scientists building actionable reports for Kansas City businesses. We pulled the numbers for Tavern 24 specifically:

- who's coming (countries, ages, spending profile)
- when they'll be near you, hour by hour, on game day
- a Facebook/Instagram ad you can launch before kickoff— copy, audience, budget
- a day-of plan: when to staff up, what to stock, what to price up
- the single move with the highest projected revenue for Tavern 24

Worth taking a look? I can send over a quick Tavern 24 snapshot today with the key numbers and the clearest opportunity we see.

If it's useful, 15 minutes on Zoom and I'll show you how to deploy it.

Cheers,
Anthony","Hi Tavern 24 team,

There's a World Cup game 7.7 miles from Tavern 24, in less than 50 days, and 2× Arrowhead Stadium (155K) worth of fans coming to Kansas City.

We're CrowdReady - a group of data scientists building actionable reports for Kansas City businesses. We pulled the numbers for Tavern 24 specifically:

- who's coming (countries, ages, spending profile)
- when they'll be near you, hour by hour, on game day
- a Facebook/Instagram ad you can launch before kickoff— copy, audience, budget
- a day-of plan: when to staff up, what to stock, what to price up
- the single move with the highest projected revenue for Tavern 24

Worth taking a look? I can send over a quick Tavern 24 snapshot today with the key numbers and the clearest opportunity we see.

If it's useful, 15 minutes on Zoom and I'll show you how to deploy it.

Cheers,
Jacob",
FALSE,FALSE,The Dub KC,sports_bar,"105 W 9th St, Kansas City, MO 64105, USA",Kansas City,USA,+1 816-319-8809,http://www.thedubkc.com/,hello@thedubkc.com,valid,scraped_website,100,5,59,google_places_enriched,texas_live_zone,6.6 miles,"Hi The Dub KC team,

There's a World Cup game 6.6 miles from The Dub KC, in less than 50 days, and 2× Arrowhead Stadium (155K) worth of fans coming to Kansas City.

We're CrowdReady - a group of data scientists building actionable reports for Kansas City businesses. We pulled the numbers for The Dub KC specifically:

- who's coming (countries, ages, spending profile)
- when they'll be near you, hour by hour, on game day
- a Facebook/Instagram ad you can launch before kickoff— copy, audience, budget
- a day-of plan: when to staff up, what to stock, what to price up
- the single move with the highest projected revenue for The Dub KC

Worth taking a look? I can send over a quick The Dub KC snapshot today with the key numbers and the clearest opportunity we see.

If it's useful, 15 minutes on Zoom and I'll show you how to deploy it.

Cheers,
Lucas","Hi The Dub KC team,

There's a World Cup game 6.6 miles from The Dub KC, in less than 50 days, and 2× Arrowhead Stadium (155K) worth of fans coming to Kansas City.

We're CrowdReady - a group of data scientists building actionable reports for Kansas City businesses. We pulled the numbers for The Dub KC specifically:

- who's coming (countries, ages, spending profile)
- when they'll be near you, hour by hour, on game day
- a Facebook/Instagram ad you can launch before kickoff— copy, audience, budget
- a day-of plan: when to staff up, what to stock, what to price up
- the single move with the highest projected revenue for The Dub KC

Worth taking a look? I can send over a quick The Dub KC snapshot today with the key numbers and the clearest opportunity we see.

If it's useful, 15 minutes on Zoom and I'll show you how to deploy it.

Cheers,
Anthony","Hi The Dub KC team,

There's a World Cup game 6.6 miles from The Dub KC, in less than 50 days, and 2× Arrowhead Stadium (155K) worth of fans coming to Kansas City.

We're CrowdReady - a group of data scientists building actionable reports for Kansas City businesses. We pulled the numbers for The Dub KC specifically:

- who's coming (countries, ages, spending profile)
- when they'll be near you, hour by hour, on game day
- a Facebook/Instagram ad you can launch before kickoff— copy, audience, budget
- a day-of plan: when to staff up, what to stock, what to price up
- the single move with the highest projected revenue for The Dub KC

Worth taking a look? I can send over a quick The Dub KC snapshot today with the key numbers and the clearest opportunity we see.

If it's useful, 15 minutes on Zoom and I'll show you how to deploy it.

Cheers,
Jacob",
FALSE,FALSE,Johnny’s Tavern P&L,sports_bar,"1310 Grand Blvd, Kansas City, MO 64106, USA",Kansas City,USA,+1 816-268-2260,http://www.johnnystavern.com/,samantha.p@johnnystavern.com,valid,hunter_search,99,4.1,1426,google_places_enriched,texas_live_zone,6.2 miles,"Hi Johnny’s Tavern P&L team,

There's a World Cup game 6.2 miles from Johnny’s Tavern P&L, in less than 50 days, and 2× Arrowhead Stadium (155K) worth of fans coming to Kansas City.

We're CrowdReady - a group of data scientists building actionable reports for Kansas City businesses. We pulled the numbers for Johnny’s Tavern P&L specifically:

- who's coming (countries, ages, spending profile)
- when they'll be near you, hour by hour, on game day
- a Facebook/Instagram ad you can launch before kickoff— copy, audience, budget
- a day-of plan: when to staff up, what to stock, what to price up
- the single move with the highest projected revenue for Johnny’s Tavern P&L

Worth taking a look? I can send over a quick Johnny’s Tavern P&L snapshot today with the key numbers and the clearest opportunity we see.

If it's useful, 15 minutes on Zoom and I'll show you how to deploy it.

Cheers,
Lucas","Hi Johnny’s Tavern P&L team,

There's a World Cup game 6.2 miles from Johnny’s Tavern P&L, in less than 50 days, and 2× Arrowhead Stadium (155K) worth of fans coming to Kansas City.

We're CrowdReady - a group of data scientists building actionable reports for Kansas City businesses. We pulled the numbers for Johnny’s Tavern P&L specifically:

- who's coming (countries, ages, spending profile)
- when they'll be near you, hour by hour, on game day
- a Facebook/Instagram ad you can launch before kickoff— copy, audience, budget
- a day-of plan: when to staff up, what to stock, what to price up
- the single move with the highest projected revenue for Johnny’s Tavern P&L

Worth taking a look? I can send over a quick Johnny’s Tavern P&L snapshot today with the key numbers and the clearest opportunity we see.

If it's useful, 15 minutes on Zoom and I'll show you how to deploy it.

Cheers,
Anthony","Hi Johnny’s Tavern P&L team,

There's a World Cup game 6.2 miles from Johnny’s Tavern P&L, in less than 50 days, and 2× Arrowhead Stadium (155K) worth of fans coming to Kansas City.

We're CrowdReady - a group of data scientists building actionable reports for Kansas City businesses. We pulled the numbers for Johnny’s Tavern P&L specifically:

- who's coming (countries, ages, spending profile)
- when they'll be near you, hour by hour, on game day
- a Facebook/Instagram ad you can launch before kickoff— copy, audience, budget
- a day-of plan: when to staff up, what to stock, what to price up
- the single move with the highest projected revenue for Johnny’s Tavern P&L

Worth taking a look? I can send over a quick Johnny’s Tavern P&L snapshot today with the key numbers and the clearest opportunity we see.

If it's useful, 15 minutes on Zoom and I'll show you how to deploy it.

Cheers,
Jacob",
FALSE,FALSE,Arrow Dart & Sports Club,sports_bar,"1817 Locust St, Kansas City, MO 64108, USA",Kansas City,USA,+1 816-200-1817,http://www.arrowdartclub.com/,info@arrowdartclub.com,valid,scraped_website,91,4.4,48,google_places_enriched,texas_live_zone,5.8 miles,"Hi Arrow Dart & Sports Club team,

There's a World Cup game 5.8 miles from Arrow Dart & Sports Club, in less than 50 days, and 2× Arrowhead Stadium (155K) worth of fans coming to Kansas City.

We're CrowdReady - a group of data scientists building actionable reports for Kansas City businesses. We pulled the numbers for Arrow Dart & Sports Club specifically:

- who's coming (countries, ages, spending profile)
- when they'll be near you, hour by hour, on game day
- a Facebook/Instagram ad you can launch before kickoff— copy, audience, budget
- a day-of plan: when to staff up, what to stock, what to price up
- the single move with the highest projected revenue for Arrow Dart & Sports Club

Worth taking a look? I can send over a quick Arrow Dart & Sports Club snapshot today with the key numbers and the clearest opportunity we see.

If it's useful, 15 minutes on Zoom and I'll show you how to deploy it.

Cheers,
Lucas","Hi Arrow Dart & Sports Club team,

There's a World Cup game 5.8 miles from Arrow Dart & Sports Club, in less than 50 days, and 2× Arrowhead Stadium (155K) worth of fans coming to Kansas City.

We're CrowdReady - a group of data scientists building actionable reports for Kansas City businesses. We pulled the numbers for Arrow Dart & Sports Club specifically:

- who's coming (countries, ages, spending profile)
- when they'll be near you, hour by hour, on game day
- a Facebook/Instagram ad you can launch before kickoff— copy, audience, budget
- a day-of plan: when to staff up, what to stock, what to price up
- the single move with the highest projected revenue for Arrow Dart & Sports Club

Worth taking a look? I can send over a quick Arrow Dart & Sports Club snapshot today with the key numbers and the clearest opportunity we see.

If it's useful, 15 minutes on Zoom and I'll show you how to deploy it.

Cheers,
Anthony","Hi Arrow Dart & Sports Club team,

There's a World Cup game 5.8 miles from Arrow Dart & Sports Club, in less than 50 days, and 2× Arrowhead Stadium (155K) worth of fans coming to Kansas City.

We're CrowdReady - a group of data scientists building actionable reports for Kansas City businesses. We pulled the numbers for Arrow Dart & Sports Club specifically:

- who's coming (countries, ages, spending profile)
- when they'll be near you, hour by hour, on game day
- a Facebook/Instagram ad you can launch before kickoff— copy, audience, budget
- a day-of plan: when to staff up, what to stock, what to price up
- the single move with the highest projected revenue for Arrow Dart & Sports Club

Worth taking a look? I can send over a quick Arrow Dart & Sports Club snapshot today with the key numbers and the clearest opportunity we see.

If it's useful, 15 minutes on Zoom and I'll show you how to deploy it.

Cheers,
Jacob",
FALSE,FALSE,Stoney Creek Hotel Kansas City - Independence,hotel_bar,"18011 Bass Pro Dr, Independence, MO 64055, USA",Kansas City,USA,+1 816-908-9600,https://www.stoneycreekhotels.com/hotel/kansas-city?utm_source=GMB&utm_medium=link&utm_campaign=GMB_tracking&utm_id=IND,angela.harding@stoneycreekhotels.com,valid,hunter_search,94,4.5,2285,google_places_enriched,arlington_hotels_zone,6.3 miles,"Hi Stoney Creek Hotel Kansas City - Independence team,

There's a World Cup game 6.3 miles from Stoney Creek Hotel Kansas City - Independence, in less than 50 days, and 2× Arrowhead Stadium (155K) worth of fans coming to Kansas City.

We're CrowdReady - a group of data scientists building actionable reports for Kansas City businesses. We pulled the numbers for Stoney Creek Hotel Kansas City - Independence specifically:

- who's coming (countries, ages, spending profile)
- when they'll be near you, hour by hour, on game day
- a Facebook/Instagram ad you can launch before kickoff— copy, audience, budget
- a day-of plan: when to staff up, what to stock, what to price up
- the single move with the highest projected revenue for Stoney Creek Hotel Kansas City - Independence

Worth taking a look? I can send over a quick Stoney Creek Hotel Kansas City - Independence snapshot today with the key numbers and the clearest opportunity we see.

If it's useful, 15 minutes on Zoom and I'll show you how to deploy it.

Cheers,
Lucas","Hi Stoney Creek Hotel Kansas City - Independence team,

There's a World Cup game 6.3 miles from Stoney Creek Hotel Kansas City - Independence, in less than 50 days, and 2× Arrowhead Stadium (155K) worth of fans coming to Kansas City.

We're CrowdReady - a group of data scientists building actionable reports for Kansas City businesses. We pulled the numbers for Stoney Creek Hotel Kansas City - Independence specifically:

- who's coming (countries, ages, spending profile)
- when they'll be near you, hour by hour, on game day
- a Facebook/Instagram ad you can launch before kickoff— copy, audience, budget
- a day-of plan: when to staff up, what to stock, what to price up
- the single move with the highest projected revenue for Stoney Creek Hotel Kansas City - Independence

Worth taking a look? I can send over a quick Stoney Creek Hotel Kansas City - Independence snapshot today with the key numbers and the clearest opportunity we see.

If it's useful, 15 minutes on Zoom and I'll show you how to deploy it.

Cheers,
Anthony","Hi Stoney Creek Hotel Kansas City - Independence team,

There's a World Cup game 6.3 miles from Stoney Creek Hotel Kansas City - Independence, in less than 50 days, and 2× Arrowhead Stadium (155K) worth of fans coming to Kansas City.

We're CrowdReady - a group of data scientists building actionable reports for Kansas City businesses. We pulled the numbers for Stoney Creek Hotel Kansas City - Independence specifically:

- who's coming (countries, ages, spending profile)
- when they'll be near you, hour by hour, on game day
- a Facebook/Instagram ad you can launch before kickoff— copy, audience, budget
- a day-of plan: when to staff up, what to stock, what to price up
- the single move with the highest projected revenue for Stoney Creek Hotel Kansas City - Independence

Worth taking a look? I can send over a quick Stoney Creek Hotel Kansas City - Independence snapshot today with the key numbers and the clearest opportunity we see.

If it's useful, 15 minutes on Zoom and I'll show you how to deploy it.

Cheers,
Jacob",
FALSE,FALSE,Harrah's Kansas City - A Caesars Rewards Destination,hotel,"1 Riverboat Dr, North Kansas City, MO 64116, USA",Kansas City,USA,+1 816-472-7777,https://www.caesars.com/harrahs-kansas-city?utm_campaign=gmb&utm_source=google&utm_medium=local&utm_term=NKC&utm_content=casino&y_source=1_NDM2NjgwNS03MTUtbG9jYXRpb24ud2Vic2l0ZQ%3D%3D,stat@caesars.com,accept_all,hunter_search,94,3.9,13167,google_places_enriched,arlington_hotels_zone,7.2 miles,"Hi Harrah's Kansas City - A Caesars Rewards Destination team,

There's a World Cup game 7.2 miles from Harrah's Kansas City - A Caesars Rewards Destination, in less than 50 days, and 2× Arrowhead Stadium (155K) worth of fans coming to Kansas City.

We're CrowdReady - a group of data scientists building actionable reports for Kansas City businesses. We pulled the numbers for Harrah's Kansas City - A Caesars Rewards Destination specifically:

- who's coming (countries, ages, spending profile)
- when they'll be near you, hour by hour, on game day
- a Facebook/Instagram ad you can launch before kickoff— copy, audience, budget
- a day-of plan: when to staff up, what to stock, what to price up
- the single move with the highest projected revenue for Harrah's Kansas City - A Caesars Rewards Destination

Worth taking a look? I can send over a quick Harrah's Kansas City - A Caesars Rewards Destination snapshot today with the key numbers and the clearest opportunity we see.

If it's useful, 15 minutes on Zoom and I'll show you how to deploy it.

Cheers,
Lucas","Hi Harrah's Kansas City - A Caesars Rewards Destination team,

There's a World Cup game 7.2 miles from Harrah's Kansas City - A Caesars Rewards Destination, in less than 50 days, and 2× Arrowhead Stadium (155K) worth of fans coming to Kansas City.

We're CrowdReady - a group of data scientists building actionable reports for Kansas City businesses. We pulled the numbers for Harrah's Kansas City - A Caesars Rewards Destination specifically:

- who's coming (countries, ages, spending profile)
- when they'll be near you, hour by hour, on game day
- a Facebook/Instagram ad you can launch before kickoff— copy, audience, budget
- a day-of plan: when to staff up, what to stock, what to price up
- the single move with the highest projected revenue for Harrah's Kansas City - A Caesars Rewards Destination

Worth taking a look? I can send over a quick Harrah's Kansas City - A Caesars Rewards Destination snapshot today with the key numbers and the clearest opportunity we see.

If it's useful, 15 minutes on Zoom and I'll show you how to deploy it.

Cheers,
Anthony","Hi Harrah's Kansas City - A Caesars Rewards Destination team,

There's a World Cup game 7.2 miles from Harrah's Kansas City - A Caesars Rewards Destination, in less than 50 days, and 2× Arrowhead Stadium (155K) worth of fans coming to Kansas City.

We're CrowdReady - a group of data scientists building actionable reports for Kansas City businesses. We pulled the numbers for Harrah's Kansas City - A Caesars Rewards Destination specifically:

- who's coming (countries, ages, spending profile)
- when they'll be near you, hour by hour, on game day
- a Facebook/Instagram ad you can launch before kickoff— copy, audience, budget
- a day-of plan: when to staff up, what to stock, what to price up
- the single move with the highest projected revenue for Harrah's Kansas City - A Caesars Rewards Destination

Worth taking a look? I can send over a quick Harrah's Kansas City - A Caesars Rewards Destination snapshot today with the key numbers and the clearest opportunity we see.

If it's useful, 15 minutes on Zoom and I'll show you how to deploy it.

Cheers,
Jacob",
FALSE,FALSE,The Truitt,hotel,"4320 Oak St, Kansas City, MO 64111, USA",Kansas City,USA,+1 816-325-3510,http://www.thetruitt.com/,ryan@thetruitt.com,valid,scraped_website,100,4.9,541,google_places_enriched,las_colinas_zone,5.3 miles,"Hi The Truitt team,

There's a World Cup game 5.3 miles from The Truitt, in less than 50 days, and 2× Arrowhead Stadium (155K) worth of fans coming to Kansas City.

We're CrowdReady - a group of data scientists building actionable reports for Kansas City businesses. We pulled the numbers for The Truitt specifically:

- who's coming (countries, ages, spending profile)
- when they'll be near you, hour by hour, on game day
- a Facebook/Instagram ad you can launch before kickoff— copy, audience, budget
- a day-of plan: when to staff up, what to stock, what to price up
- the single move with the highest projected revenue for The Truitt

Worth taking a look? I can send over a quick The Truitt snapshot today with the key numbers and the clearest opportunity we see.

If it's useful, 15 minutes on Zoom and I'll show you how to deploy it.

Cheers,
Lucas","Hi The Truitt team,

There's a World Cup game 5.3 miles from The Truitt, in less than 50 days, and 2× Arrowhead Stadium (155K) worth of fans coming to Kansas City.

We're CrowdReady - a group of data scientists building actionable reports for Kansas City businesses. We pulled the numbers for The Truitt specifically:

- who's coming (countries, ages, spending profile)
- when they'll be near you, hour by hour, on game day
- a Facebook/Instagram ad you can launch before kickoff— copy, audience, budget
- a day-of plan: when to staff up, what to stock, what to price up
- the single move with the highest projected revenue for The Truitt

Worth taking a look? I can send over a quick The Truitt snapshot today with the key numbers and the clearest opportunity we see.

If it's useful, 15 minutes on Zoom and I'll show you how to deploy it.

Cheers,
Anthony","Hi The Truitt team,

There's a World Cup game 5.3 miles from The Truitt, in less than 50 days, and 2× Arrowhead Stadium (155K) worth of fans coming to Kansas City.

We're CrowdReady - a group of data scientists building actionable reports for Kansas City businesses. We pulled the numbers for The Truitt specifically:

- who's coming (countries, ages, spending profile)
- when they'll be near you, hour by hour, on game day
- a Facebook/Instagram ad you can launch before kickoff— copy, audience, budget
- a day-of plan: when to staff up, what to stock, what to price up
- the single move with the highest projected revenue for The Truitt

Worth taking a look? I can send over a quick The Truitt snapshot today with the key numbers and the clearest opportunity we see.

If it's useful, 15 minutes on Zoom and I'll show you how to deploy it.

Cheers,
Jacob",
FALSE,FALSE,Aida Hotel,hotel,"206 E 44th St, Kansas City, MO 64111, USA",Kansas City,USA,+1 816-325-3510,https://www.aidakc.com/,ryan@aidakc.com,valid,scraped_website,100,4.9,284,google_places_enriched,las_colinas_zone,5.3 miles,"Hi Aida Hotel team,

There's a World Cup game 5.3 miles from Aida Hotel, in less than 50 days, and 2× Arrowhead Stadium (155K) worth of fans coming to Kansas City.

We're CrowdReady - a group of data scientists building actionable reports for Kansas City businesses. We pulled the numbers for Aida Hotel specifically:

- who's coming (countries, ages, spending profile)
- when they'll be near you, hour by hour, on game day
- a Facebook/Instagram ad you can launch before kickoff— copy, audience, budget
- a day-of plan: when to staff up, what to stock, what to price up
- the single move with the highest projected revenue for Aida Hotel

Worth taking a look? I can send over a quick Aida Hotel snapshot today with the key numbers and the clearest opportunity we see.

If it's useful, 15 minutes on Zoom and I'll show you how to deploy it.

Cheers,
Lucas","Hi Aida Hotel team,

There's a World Cup game 5.3 miles from Aida Hotel, in less than 50 days, and 2× Arrowhead Stadium (155K) worth of fans coming to Kansas City.

We're CrowdReady - a group of data scientists building actionable reports for Kansas City businesses. We pulled the numbers for Aida Hotel specifically:

- who's coming (countries, ages, spending profile)
- when they'll be near you, hour by hour, on game day
- a Facebook/Instagram ad you can launch before kickoff— copy, audience, budget
- a day-of plan: when to staff up, what to stock, what to price up
- the single move with the highest projected revenue for Aida Hotel

Worth taking a look? I can send over a quick Aida Hotel snapshot today with the key numbers and the clearest opportunity we see.

If it's useful, 15 minutes on Zoom and I'll show you how to deploy it.

Cheers,
Anthony","Hi Aida Hotel team,

There's a World Cup game 5.3 miles from Aida Hotel, in less than 50 days, and 2× Arrowhead Stadium (155K) worth of fans coming to Kansas City.

We're CrowdReady - a group of data scientists building actionable reports for Kansas City businesses. We pulled the numbers for Aida Hotel specifically:

- who's coming (countries, ages, spending profile)
- when they'll be near you, hour by hour, on game day
- a Facebook/Instagram ad you can launch before kickoff— copy, audience, budget
- a day-of plan: when to staff up, what to stock, what to price up
- the single move with the highest projected revenue for Aida Hotel

Worth taking a look? I can send over a quick Aida Hotel snapshot today with the key numbers and the clearest opportunity we see.

If it's useful, 15 minutes on Zoom and I'll show you how to deploy it.

Cheers,
Jacob",
FALSE,FALSE,Cherry Warehouse Hotel,hotel,"2936 Cherry St, Kansas City, MO 64108, USA",Kansas City,USA,+1 816-325-3510,http://www.thecherrykc.com/,ryan@thecherrykc.com,valid,hunter_search,94,4.9,173,google_places_enriched,las_colinas_zone,5.3 miles,"Hi Cherry Warehouse Hotel team,

There's a World Cup game 5.3 miles from Cherry Warehouse Hotel, in less than 50 days, and 2× Arrowhead Stadium (155K) worth of fans coming to Kansas City.

We're CrowdReady - a group of data scientists building actionable reports for Kansas City businesses. We pulled the numbers for Cherry Warehouse Hotel specifically:

- who's coming (countries, ages, spending profile)
- when they'll be near you, hour by hour, on game day
- a Facebook/Instagram ad you can launch before kickoff— copy, audience, budget
- a day-of plan: when to staff up, what to stock, what to price up
- the single move with the highest projected revenue for Cherry Warehouse Hotel

Worth taking a look? I can send over a quick Cherry Warehouse Hotel snapshot today with the key numbers and the clearest opportunity we see.

If it's useful, 15 minutes on Zoom and I'll show you how to deploy it.

Cheers,
Lucas","Hi Cherry Warehouse Hotel team,

There's a World Cup game 5.3 miles from Cherry Warehouse Hotel, in less than 50 days, and 2× Arrowhead Stadium (155K) worth of fans coming to Kansas City.

We're CrowdReady - a group of data scientists building actionable reports for Kansas City businesses. We pulled the numbers for Cherry Warehouse Hotel specifically:

- who's coming (countries, ages, spending profile)
- when they'll be near you, hour by hour, on game day
- a Facebook/Instagram ad you can launch before kickoff— copy, audience, budget
- a day-of plan: when to staff up, what to stock, what to price up
- the single move with the highest projected revenue for Cherry Warehouse Hotel

Worth taking a look? I can send over a quick Cherry Warehouse Hotel snapshot today with the key numbers and the clearest opportunity we see.

If it's useful, 15 minutes on Zoom and I'll show you how to deploy it.

Cheers,
Anthony","Hi Cherry Warehouse Hotel team,

There's a World Cup game 5.3 miles from Cherry Warehouse Hotel, in less than 50 days, and 2× Arrowhead Stadium (155K) worth of fans coming to Kansas City.

We're CrowdReady - a group of data scientists building actionable reports for Kansas City businesses. We pulled the numbers for Cherry Warehouse Hotel specifically:

- who's coming (countries, ages, spending profile)
- when they'll be near you, hour by hour, on game day
- a Facebook/Instagram ad you can launch before kickoff— copy, audience, budget
- a day-of plan: when to staff up, what to stock, what to price up
- the single move with the highest projected revenue for Cherry Warehouse Hotel

Worth taking a look? I can send over a quick Cherry Warehouse Hotel snapshot today with the key numbers and the clearest opportunity we see.

If it's useful, 15 minutes on Zoom and I'll show you how to deploy it.

Cheers,
Jacob",
FALSE,FALSE,Crossroads Hotel,hotel,"2101 Central St, Kansas City, MO 64108, USA",Kansas City,USA,+1 816-897-8100,https://crossroadshotelkc.com/?utm_source=google-gbp&utm_medium=organic&utm_campaign=gbp,sales@crossroadshotelkc.com,valid,hunter_search,77,4.6,1082,google_places_enriched,las_colinas_zone,6.2 miles,"Hi Crossroads Hotel team,

There's a World Cup game 6.2 miles from Crossroads Hotel, in less than 50 days, and 2× Arrowhead Stadium (155K) worth of fans coming to Kansas City.

We're CrowdReady - a group of data scientists building actionable reports for Kansas City businesses. We pulled the numbers for Crossroads Hotel specifically:

- who's coming (countries, ages, spending profile)
- when they'll be near you, hour by hour, on game day
- a Facebook/Instagram ad you can launch before kickoff— copy, audience, budget
- a day-of plan: when to staff up, what to stock, what to price up
- the single move with the highest projected revenue for Crossroads Hotel

Worth taking a look? I can send over a quick Crossroads Hotel snapshot today with the key numbers and the clearest opportunity we see.

If it's useful, 15 minutes on Zoom and I'll show you how to deploy it.

Cheers,
Lucas","Hi Crossroads Hotel team,

There's a World Cup game 6.2 miles from Crossroads Hotel, in less than 50 days, and 2× Arrowhead Stadium (155K) worth of fans coming to Kansas City.

We're CrowdReady - a group of data scientists building actionable reports for Kansas City businesses. We pulled the numbers for Crossroads Hotel specifically:

- who's coming (countries, ages, spending profile)
- when they'll be near you, hour by hour, on game day
- a Facebook/Instagram ad you can launch before kickoff— copy, audience, budget
- a day-of plan: when to staff up, what to stock, what to price up
- the single move with the highest projected revenue for Crossroads Hotel

Worth taking a look? I can send over a quick Crossroads Hotel snapshot today with the key numbers and the clearest opportunity we see.

If it's useful, 15 minutes on Zoom and I'll show you how to deploy it.

Cheers,
Anthony","Hi Crossroads Hotel team,

There's a World Cup game 6.2 miles from Crossroads Hotel, in less than 50 days, and 2× Arrowhead Stadium (155K) worth of fans coming to Kansas City.

We're CrowdReady - a group of data scientists building actionable reports for Kansas City businesses. We pulled the numbers for Crossroads Hotel specifically:

- who's coming (countries, ages, spending profile)
- when they'll be near you, hour by hour, on game day
- a Facebook/Instagram ad you can launch before kickoff— copy, audience, budget
- a day-of plan: when to staff up, what to stock, what to price up
- the single move with the highest projected revenue for Crossroads Hotel

Worth taking a look? I can send over a quick Crossroads Hotel snapshot today with the key numbers and the clearest opportunity we see.

If it's useful, 15 minutes on Zoom and I'll show you how to deploy it.

Cheers,
Jacob",
FALSE,FALSE,Chaz on the Plaza,sports_bar,"325 Ward Pkwy, Kansas City, MO 64112, USA",Kansas City,USA,+1 816-802-2152,https://www.raphaelkc.com/chazontheplaza,info@raphaelkc.com,valid,scraped_website,100,4.4,503,google_places_enriched,las_colinas_zone,5.8 miles,"Hi Chaz on the Plaza team,

There's a World Cup game 5.8 miles from Chaz on the Plaza, in less than 50 days, and 2× Arrowhead Stadium (155K) worth of fans coming to Kansas City.

We're CrowdReady - a group of data scientists building actionable reports for Kansas City businesses. We pulled the numbers for Chaz on the Plaza specifically:

- who's coming (countries, ages, spending profile)
- when they'll be near you, hour by hour, on game day
- a Facebook/Instagram ad you can launch before kickoff— copy, audience, budget
- a day-of plan: when to staff up, what to stock, what to price up
- the single move with the highest projected revenue for Chaz on the Plaza

Worth taking a look? I can send over a quick Chaz on the Plaza snapshot today with the key numbers and the clearest opportunity we see.

If it's useful, 15 minutes on Zoom and I'll show you how to deploy it.

Cheers,
Lucas","Hi Chaz on the Plaza team,

There's a World Cup game 5.8 miles from Chaz on the Plaza, in less than 50 days, and 2× Arrowhead Stadium (155K) worth of fans coming to Kansas City.

We're CrowdReady - a group of data scientists building actionable reports for Kansas City businesses. We pulled the numbers for Chaz on the Plaza specifically:

- who's coming (countries, ages, spending profile)
- when they'll be near you, hour by hour, on game day
- a Facebook/Instagram ad you can launch before kickoff— copy, audience, budget
- a day-of plan: when to staff up, what to stock, what to price up
- the single move with the highest projected revenue for Chaz on the Plaza

Worth taking a look? I can send over a quick Chaz on the Plaza snapshot today with the key numbers and the clearest opportunity we see.

If it's useful, 15 minutes on Zoom and I'll show you how to deploy it.

Cheers,
Anthony","Hi Chaz on the Plaza team,

There's a World Cup game 5.8 miles from Chaz on the Plaza, in less than 50 days, and 2× Arrowhead Stadium (155K) worth of fans coming to Kansas City.

We're CrowdReady - a group of data scientists building actionable reports for Kansas City businesses. We pulled the numbers for Chaz on the Plaza specifically:

- who's coming (countries, ages, spending profile)
- when they'll be near you, hour by hour, on game day
- a Facebook/Instagram ad you can launch before kickoff— copy, audience, budget
- a day-of plan: when to staff up, what to stock, what to price up
- the single move with the highest projected revenue for Chaz on the Plaza

Worth taking a look? I can send over a quick Chaz on the Plaza snapshot today with the key numbers and the clearest opportunity we see.

If it's useful, 15 minutes on Zoom and I'll show you how to deploy it.

Cheers,
Jacob",
FALSE,FALSE,The Bar West Plaza,sports_bar,"1121 W 47th St, Kansas City, MO 64112, USA",Kansas City,USA,+1 816-216-6485,http://www.thebarskc.com/,barpv@thebarskc.com,valid,scraped_website,100,4.4,490,google_places_enriched,las_colinas_zone,6.3 miles,"Hi The Bar West Plaza team,

There's a World Cup game 6.3 miles from The Bar West Plaza, in less than 50 days, and 2× Arrowhead Stadium (155K) worth of fans coming to Kansas City.

We're CrowdReady - a group of data scientists building actionable reports for Kansas City businesses. We pulled the numbers for The Bar West Plaza specifically:

- who's coming (countries, ages, spending profile)
- when they'll be near you, hour by hour, on game day
- a Facebook/Instagram ad you can launch before kickoff— copy, audience, budget
- a day-of plan: when to staff up, what to stock, what to price up
- the single move with the highest projected revenue for The Bar West Plaza

Worth taking a look? I can send over a quick The Bar West Plaza snapshot today with the key numbers and the clearest opportunity we see.

If it's useful, 15 minutes on Zoom and I'll show you how to deploy it.

Cheers,
Lucas","Hi The Bar West Plaza team,

There's a World Cup game 6.3 miles from The Bar West Plaza, in less than 50 days, and 2× Arrowhead Stadium (155K) worth of fans coming to Kansas City.

We're CrowdReady - a group of data scientists building actionable reports for Kansas City businesses. We pulled the numbers for The Bar West Plaza specifically:

- who's coming (countries, ages, spending profile)
- when they'll be near you, hour by hour, on game day
- a Facebook/Instagram ad you can launch before kickoff— copy, audience, budget
- a day-of plan: when to staff up, what to stock, what to price up
- the single move with the highest projected revenue for The Bar West Plaza

Worth taking a look? I can send over a quick The Bar West Plaza snapshot today with the key numbers and the clearest opportunity we see.

If it's useful, 15 minutes on Zoom and I'll show you how to deploy it.

Cheers,
Anthony","Hi The Bar West Plaza team,

There's a World Cup game 6.3 miles from The Bar West Plaza, in less than 50 days, and 2× Arrowhead Stadium (155K) worth of fans coming to Kansas City.

We're CrowdReady - a group of data scientists building actionable reports for Kansas City businesses. We pulled the numbers for The Bar West Plaza specifically:

- who's coming (countries, ages, spending profile)
- when they'll be near you, hour by hour, on game day
- a Facebook/Instagram ad you can launch before kickoff— copy, audience, budget
- a day-of plan: when to staff up, what to stock, what to price up
- the single move with the highest projected revenue for The Bar West Plaza

Worth taking a look? I can send over a quick The Bar West Plaza snapshot today with the key numbers and the clearest opportunity we see.

If it's useful, 15 minutes on Zoom and I'll show you how to deploy it.

Cheers,
Jacob",
FALSE,FALSE,Nine Zero One Rooftop Bar & Lounge,hotel,"901 W 48th Pl, Kansas City, MO 64112, USA",Kansas City,USA,+1 816-437-8420,https://www.thefontainehotel.com/eat-and-drink/the-bar-at-nine-zero-one?utm_source=google-gbp&utm_medium=organic&utm_campaign=gbp,sales@thefontainehotel.com,valid,scraped_website,100,3.6,134,google_places_enriched,las_colinas_zone,6.2 miles,"Hi Nine Zero One Rooftop Bar & Lounge team,

There's a World Cup game 6.2 miles from Nine Zero One Rooftop Bar & Lounge, in less than 50 days, and 2× Arrowhead Stadium (155K) worth of fans coming to Kansas City.

We're CrowdReady - a group of data scientists building actionable reports for Kansas City businesses. We pulled the numbers for Nine Zero One Rooftop Bar & Lounge specifically:

- who's coming (countries, ages, spending profile)
- when they'll be near you, hour by hour, on game day
- a Facebook/Instagram ad you can launch before kickoff— copy, audience, budget
- a day-of plan: when to staff up, what to stock, what to price up
- the single move with the highest projected revenue for Nine Zero One Rooftop Bar & Lounge

Worth taking a look? I can send over a quick Nine Zero One Rooftop Bar & Lounge snapshot today with the key numbers and the clearest opportunity we see.

If it's useful, 15 minutes on Zoom and I'll show you how to deploy it.

Cheers,
Lucas","Hi Nine Zero One Rooftop Bar & Lounge team,

There's a World Cup game 6.2 miles from Nine Zero One Rooftop Bar & Lounge, in less than 50 days, and 2× Arrowhead Stadium (155K) worth of fans coming to Kansas City.

We're CrowdReady - a group of data scientists building actionable reports for Kansas City businesses. We pulled the numbers for Nine Zero One Rooftop Bar & Lounge specifically:

- who's coming (countries, ages, spending profile)
- when they'll be near you, hour by hour, on game day
- a Facebook/Instagram ad you can launch before kickoff— copy, audience, budget
- a day-of plan: when to staff up, what to stock, what to price up
- the single move with the highest projected revenue for Nine Zero One Rooftop Bar & Lounge

Worth taking a look? I can send over a quick Nine Zero One Rooftop Bar & Lounge snapshot today with the key numbers and the clearest opportunity we see.

If it's useful, 15 minutes on Zoom and I'll show you how to deploy it.

Cheers,
Anthony","Hi Nine Zero One Rooftop Bar & Lounge team,

There's a World Cup game 6.2 miles from Nine Zero One Rooftop Bar & Lounge, in less than 50 days, and 2× Arrowhead Stadium (155K) worth of fans coming to Kansas City.

We're CrowdReady - a group of data scientists building actionable reports for Kansas City businesses. We pulled the numbers for Nine Zero One Rooftop Bar & Lounge specifically:

- who's coming (countries, ages, spending profile)
- when they'll be near you, hour by hour, on game day
- a Facebook/Instagram ad you can launch before kickoff— copy, audience, budget
- a day-of plan: when to staff up, what to stock, what to price up
- the single move with the highest projected revenue for Nine Zero One Rooftop Bar & Lounge

Worth taking a look? I can send over a quick Nine Zero One Rooftop Bar & Lounge snapshot today with the key numbers and the clearest opportunity we see.

If it's useful, 15 minutes on Zoom and I'll show you how to deploy it.

Cheers,
Jacob",
FALSE,FALSE,The Monarch Bar,hotel,"4808 Roanoke Pkwy, Kansas City, MO 64112, USA",Kansas City,USA,+1 816-896-8484,https://themonarchbar.com/,events@themonarchbar.com,valid,scraped_website,100,4.5,636,google_places_enriched,las_colinas_zone,6.1 miles,"Hi The Monarch Bar team,

There's a World Cup game 6.1 miles from The Monarch Bar, in less than 50 days, and 2× Arrowhead Stadium (155K) worth of fans coming to Kansas City.

We're CrowdReady - a group of data scientists building actionable reports for Kansas City businesses. We pulled the numbers for The Monarch Bar specifically:

- who's coming (countries, ages, spending profile)
- when they'll be near you, hour by hour, on game day
- a Facebook/Instagram ad you can launch before kickoff— copy, audience, budget
- a day-of plan: when to staff up, what to stock, what to price up
- the single move with the highest projected revenue for The Monarch Bar

Worth taking a look? I can send over a quick The Monarch Bar snapshot today with the key numbers and the clearest opportunity we see.

If it's useful, 15 minutes on Zoom and I'll show you how to deploy it.

Cheers,
Lucas","Hi The Monarch Bar team,

There's a World Cup game 6.1 miles from The Monarch Bar, in less than 50 days, and 2× Arrowhead Stadium (155K) worth of fans coming to Kansas City.

We're CrowdReady - a group of data scientists building actionable reports for Kansas City businesses. We pulled the numbers for The Monarch Bar specifically:

- who's coming (countries, ages, spending profile)
- when they'll be near you, hour by hour, on game day
- a Facebook/Instagram ad you can launch before kickoff— copy, audience, budget
- a day-of plan: when to staff up, what to stock, what to price up
- the single move with the highest projected revenue for The Monarch Bar

Worth taking a look? I can send over a quick The Monarch Bar snapshot today with the key numbers and the clearest opportunity we see.

If it's useful, 15 minutes on Zoom and I'll show you how to deploy it.

Cheers,
Anthony","Hi The Monarch Bar team,

There's a World Cup game 6.1 miles from The Monarch Bar, in less than 50 days, and 2× Arrowhead Stadium (155K) worth of fans coming to Kansas City.

We're CrowdReady - a group of data scientists building actionable reports for Kansas City businesses. We pulled the numbers for The Monarch Bar specifically:

- who's coming (countries, ages, spending profile)
- when they'll be near you, hour by hour, on game day
- a Facebook/Instagram ad you can launch before kickoff— copy, audience, budget
- a day-of plan: when to staff up, what to stock, what to price up
- the single move with the highest projected revenue for The Monarch Bar

Worth taking a look? I can send over a quick The Monarch Bar snapshot today with the key numbers and the clearest opportunity we see.

If it's useful, 15 minutes on Zoom and I'll show you how to deploy it.

Cheers,
Jacob",
FALSE,FALSE,Cooper’s Hawk Winery & Restaurant,sports_bar,"4686 Broadway St, Kansas City, MO 64112, USA",Kansas City,USA,+1 816-531-1500,https://chwinery.com/locations/missouri/kansas-city,mmealing@chwinery.com,valid,hunter_search,99,4.6,2708,google_places_enriched,las_colinas_zone,5.8 miles,"Hi Cooper’s Hawk Winery & Restaurant team,

There's a World Cup game 5.8 miles from Cooper’s Hawk Winery & Restaurant, in less than 50 days, and 2× Arrowhead Stadium (155K) worth of fans coming to Kansas City.

We're CrowdReady - a group of data scientists building actionable reports for Kansas City businesses. We pulled the numbers for Cooper’s Hawk Winery & Restaurant specifically:

- who's coming (countries, ages, spending profile)
- when they'll be near you, hour by hour, on game day
- a Facebook/Instagram ad you can launch before kickoff— copy, audience, budget
- a day-of plan: when to staff up, what to stock, what to price up
- the single move with the highest projected revenue for Cooper’s Hawk Winery & Restaurant

Worth taking a look? I can send over a quick Cooper’s Hawk Winery & Restaurant snapshot today with the key numbers and the clearest opportunity we see.

If it's useful, 15 minutes on Zoom and I'll show you how to deploy it.

Cheers,
Lucas","Hi Cooper’s Hawk Winery & Restaurant team,

There's a World Cup game 5.8 miles from Cooper’s Hawk Winery & Restaurant, in less than 50 days, and 2× Arrowhead Stadium (155K) worth of fans coming to Kansas City.

We're CrowdReady - a group of data scientists building actionable reports for Kansas City businesses. We pulled the numbers for Cooper’s Hawk Winery & Restaurant specifically:

- who's coming (countries, ages, spending profile)
- when they'll be near you, hour by hour, on game day
- a Facebook/Instagram ad you can launch before kickoff— copy, audience, budget
- a day-of plan: when to staff up, what to stock, what to price up
- the single move with the highest projected revenue for Cooper’s Hawk Winery & Restaurant

Worth taking a look? I can send over a quick Cooper’s Hawk Winery & Restaurant snapshot today with the key numbers and the clearest opportunity we see.

If it's useful, 15 minutes on Zoom and I'll show you how to deploy it.

Cheers,
Anthony","Hi Cooper’s Hawk Winery & Restaurant team,

There's a World Cup game 5.8 miles from Cooper’s Hawk Winery & Restaurant, in less than 50 days, and 2× Arrowhead Stadium (155K) worth of fans coming to Kansas City.

We're CrowdReady - a group of data scientists building actionable reports for Kansas City businesses. We pulled the numbers for Cooper’s Hawk Winery & Restaurant specifically:

- who's coming (countries, ages, spending profile)
- when they'll be near you, hour by hour, on game day
- a Facebook/Instagram ad you can launch before kickoff— copy, audience, budget
- a day-of plan: when to staff up, what to stock, what to price up
- the single move with the highest projected revenue for Cooper’s Hawk Winery & Restaurant

Worth taking a look? I can send over a quick Cooper’s Hawk Winery & Restaurant snapshot today with the key numbers and the clearest opportunity we see.

If it's useful, 15 minutes on Zoom and I'll show you how to deploy it.

Cheers,
Jacob",
FALSE,FALSE,The Classic Cup Cafe,sports_bar,"301 W 47th St, Kansas City, MO 64112, USA",Kansas City,USA,+1 816-753-1840,http://theclassiccupcafe.com/,jeff@theclassiccupcafe.com,valid,scraped_website,100,4.4,1219,google_places_enriched,las_colinas_zone,5.8 miles,"Hi The Classic Cup Cafe team,

There's a World Cup game 5.8 miles from The Classic Cup Cafe, in less than 50 days, and 2× Arrowhead Stadium (155K) worth of fans coming to Kansas City.

We're CrowdReady - a group of data scientists building actionable reports for Kansas City businesses. We pulled the numbers for The Classic Cup Cafe specifically:

- who's coming (countries, ages, spending profile)
- when they'll be near you, hour by hour, on game day
- a Facebook/Instagram ad you can launch before kickoff— copy, audience, budget
- a day-of plan: when to staff up, what to stock, what to price up
- the single move with the highest projected revenue for The Classic Cup Cafe

Worth taking a look? I can send over a quick The Classic Cup Cafe snapshot today with the key numbers and the clearest opportunity we see.

If it's useful, 15 minutes on Zoom and I'll show you how to deploy it.

Cheers,
Lucas","Hi The Classic Cup Cafe team,

There's a World Cup game 5.8 miles from The Classic Cup Cafe, in less than 50 days, and 2× Arrowhead Stadium (155K) worth of fans coming to Kansas City.

We're CrowdReady - a group of data scientists building actionable reports for Kansas City businesses. We pulled the numbers for The Classic Cup Cafe specifically:

- who's coming (countries, ages, spending profile)
- when they'll be near you, hour by hour, on game day
- a Facebook/Instagram ad you can launch before kickoff— copy, audience, budget
- a day-of plan: when to staff up, what to stock, what to price up
- the single move with the highest projected revenue for The Classic Cup Cafe

Worth taking a look? I can send over a quick The Classic Cup Cafe snapshot today with the key numbers and the clearest opportunity we see.

If it's useful, 15 minutes on Zoom and I'll show you how to deploy it.

Cheers,
Anthony","Hi The Classic Cup Cafe team,

There's a World Cup game 5.8 miles from The Classic Cup Cafe, in less than 50 days, and 2× Arrowhead Stadium (155K) worth of fans coming to Kansas City.

We're CrowdReady - a group of data scientists building actionable reports for Kansas City businesses. We pulled the numbers for The Classic Cup Cafe specifically:

- who's coming (countries, ages, spending profile)
- when they'll be near you, hour by hour, on game day
- a Facebook/Instagram ad you can launch before kickoff— copy, audience, budget
- a day-of plan: when to staff up, what to stock, what to price up
- the single move with the highest projected revenue for The Classic Cup Cafe

Worth taking a look? I can send over a quick The Classic Cup Cafe snapshot today with the key numbers and the clearest opportunity we see.

If it's useful, 15 minutes on Zoom and I'll show you how to deploy it.

Cheers,
Jacob",
FALSE,FALSE,Kona Grill - Kansas City,sports_bar,"444 Ward Pkwy, Kansas City, MO 64112, USA",Kansas City,USA,+1 816-931-5888,https://konagrill.com/location/kansas-city-mo/,kansascity@konagrill.com,valid,scraped_website,100,4.4,5598,google_places_enriched,las_colinas_zone,5.9 miles,"Hi Kona Grill - Kansas City team,

There's a World Cup game 5.9 miles from Kona Grill - Kansas City, in less than 50 days, and 2× Arrowhead Stadium (155K) worth of fans coming to Kansas City.

We're CrowdReady - a group of data scientists building actionable reports for Kansas City businesses. We pulled the numbers for Kona Grill - Kansas City specifically:

- who's coming (countries, ages, spending profile)
- when they'll be near you, hour by hour, on game day
- a Facebook/Instagram ad you can launch before kickoff— copy, audience, budget
- a day-of plan: when to staff up, what to stock, what to price up
- the single move with the highest projected revenue for Kona Grill - Kansas City

Worth taking a look? I can send over a quick Kona Grill - Kansas City snapshot today with the key numbers and the clearest opportunity we see.

If it's useful, 15 minutes on Zoom and I'll show you how to deploy it.

Cheers,
Lucas","Hi Kona Grill - Kansas City team,

There's a World Cup game 5.9 miles from Kona Grill - Kansas City, in less than 50 days, and 2× Arrowhead Stadium (155K) worth of fans coming to Kansas City.

We're CrowdReady - a group of data scientists building actionable reports for Kansas City businesses. We pulled the numbers for Kona Grill - Kansas City specifically:

- who's coming (countries, ages, spending profile)
- when they'll be near you, hour by hour, on game day
- a Facebook/Instagram ad you can launch before kickoff— copy, audience, budget
- a day-of plan: when to staff up, what to stock, what to price up
- the single move with the highest projected revenue for Kona Grill - Kansas City

Worth taking a look? I can send over a quick Kona Grill - Kansas City snapshot today with the key numbers and the clearest opportunity we see.

If it's useful, 15 minutes on Zoom and I'll show you how to deploy it.

Cheers,
Anthony","Hi Kona Grill - Kansas City team,

There's a World Cup game 5.9 miles from Kona Grill - Kansas City, in less than 50 days, and 2× Arrowhead Stadium (155K) worth of fans coming to Kansas City.

We're CrowdReady - a group of data scientists building actionable reports for Kansas City businesses. We pulled the numbers for Kona Grill - Kansas City specifically:

- who's coming (countries, ages, spending profile)
- when they'll be near you, hour by hour, on game day
- a Facebook/Instagram ad you can launch before kickoff— copy, audience, budget
- a day-of plan: when to staff up, what to stock, what to price up
- the single move with the highest projected revenue for Kona Grill - Kansas City

Worth taking a look? I can send over a quick Kona Grill - Kansas City snapshot today with the key numbers and the clearest opportunity we see.

If it's useful, 15 minutes on Zoom and I'll show you how to deploy it.

Cheers,
Jacob",
FALSE,FALSE,Martin City Tavern - South Plaza,sports_bar,"4950 Main St, Kansas City, MO 64112, USA",Kansas City,USA,+1 816-768-6400,https://martincitybrewingcompany.com/,nathan.tilton@martincitybrewingcompany.com,accept_all,hunter_search,91,4.8,260,google_places_enriched,las_colinas_zone,5.6 miles,"Hi Martin City Tavern - South Plaza team,

There's a World Cup game 5.6 miles from Martin City Tavern - South Plaza, in less than 50 days, and 2× Arrowhead Stadium (155K) worth of fans coming to Kansas City.

We're CrowdReady - a group of data scientists building actionable reports for Kansas City businesses. We pulled the numbers for Martin City Tavern - South Plaza specifically:

- who's coming (countries, ages, spending profile)
- when they'll be near you, hour by hour, on game day
- a Facebook/Instagram ad you can launch before kickoff— copy, audience, budget
- a day-of plan: when to staff up, what to stock, what to price up
- the single move with the highest projected revenue for Martin City Tavern - South Plaza

Worth taking a look? I can send over a quick Martin City Tavern - South Plaza snapshot today with the key numbers and the clearest opportunity we see.

If it's useful, 15 minutes on Zoom and I'll show you how to deploy it.

Cheers,
Lucas","Hi Martin City Tavern - South Plaza team,

There's a World Cup game 5.6 miles from Martin City Tavern - South Plaza, in less than 50 days, and 2× Arrowhead Stadium (155K) worth of fans coming to Kansas City.

We're CrowdReady - a group of data scientists building actionable reports for Kansas City businesses. We pulled the numbers for Martin City Tavern - South Plaza specifically:

- who's coming (countries, ages, spending profile)
- when they'll be near you, hour by hour, on game day
- a Facebook/Instagram ad you can launch before kickoff— copy, audience, budget
- a day-of plan: when to staff up, what to stock, what to price up
- the single move with the highest projected revenue for Martin City Tavern - South Plaza

Worth taking a look? I can send over a quick Martin City Tavern - South Plaza snapshot today with the key numbers and the clearest opportunity we see.

If it's useful, 15 minutes on Zoom and I'll show you how to deploy it.

Cheers,
Anthony","Hi Martin City Tavern - South Plaza team,

There's a World Cup game 5.6 miles from Martin City Tavern - South Plaza, in less than 50 days, and 2× Arrowhead Stadium (155K) worth of fans coming to Kansas City.

We're CrowdReady - a group of data scientists building actionable reports for Kansas City businesses. We pulled the numbers for Martin City Tavern - South Plaza specifically:

- who's coming (countries, ages, spending profile)
- when they'll be near you, hour by hour, on game day
- a Facebook/Instagram ad you can launch before kickoff— copy, audience, budget
- a day-of plan: when to staff up, what to stock, what to price up
- the single move with the highest projected revenue for Martin City Tavern - South Plaza

Worth taking a look? I can send over a quick Martin City Tavern - South Plaza snapshot today with the key numbers and the clearest opportunity we see.

If it's useful, 15 minutes on Zoom and I'll show you how to deploy it.

Cheers,
Jacob",
FALSE,FALSE,American Slang Modern Brasserie,sports_bar,"401 Ward Pkwy, Kansas City, MO 64112, USA",Kansas City,USA,+1 816-303-2934,https://www.ihg.com/intercontinental/hotels/us/en/kansas-city/mkcha/hoteldetail/dining,anthony.torres@ihg.com,valid,hunter_search,99,4.1,71,google_places_enriched,las_colinas_zone,5.8 miles,"Hi American Slang Modern Brasserie team,

There's a World Cup game 5.8 miles from American Slang Modern Brasserie, in less than 50 days, and 2× Arrowhead Stadium (155K) worth of fans coming to Kansas City.

We're CrowdReady - a group of data scientists building actionable reports for Kansas City businesses. We pulled the numbers for American Slang Modern Brasserie specifically:

- who's coming (countries, ages, spending profile)
- when they'll be near you, hour by hour, on game day
- a Facebook/Instagram ad you can launch before kickoff— copy, audience, budget
- a day-of plan: when to staff up, what to stock, what to price up
- the single move with the highest projected revenue for American Slang Modern Brasserie

Worth taking a look? I can send over a quick American Slang Modern Brasserie snapshot today with the key numbers and the clearest opportunity we see.

If it's useful, 15 minutes on Zoom and I'll show you how to deploy it.

Cheers,
Lucas","Hi American Slang Modern Brasserie team,

There's a World Cup game 5.8 miles from American Slang Modern Brasserie, in less than 50 days, and 2× Arrowhead Stadium (155K) worth of fans coming to Kansas City.

We're CrowdReady - a group of data scientists building actionable reports for Kansas City businesses. We pulled the numbers for American Slang Modern Brasserie specifically:

- who's coming (countries, ages, spending profile)
- when they'll be near you, hour by hour, on game day
- a Facebook/Instagram ad you can launch before kickoff— copy, audience, budget
- a day-of plan: when to staff up, what to stock, what to price up
- the single move with the highest projected revenue for American Slang Modern Brasserie

Worth taking a look? I can send over a quick American Slang Modern Brasserie snapshot today with the key numbers and the clearest opportunity we see.

If it's useful, 15 minutes on Zoom and I'll show you how to deploy it.

Cheers,
Anthony","Hi American Slang Modern Brasserie team,

There's a World Cup game 5.8 miles from American Slang Modern Brasserie, in less than 50 days, and 2× Arrowhead Stadium (155K) worth of fans coming to Kansas City.

We're CrowdReady - a group of data scientists building actionable reports for Kansas City businesses. We pulled the numbers for American Slang Modern Brasserie specifically:

- who's coming (countries, ages, spending profile)
- when they'll be near you, hour by hour, on game day
- a Facebook/Instagram ad you can launch before kickoff— copy, audience, budget
- a day-of plan: when to staff up, what to stock, what to price up
- the single move with the highest projected revenue for American Slang Modern Brasserie

Worth taking a look? I can send over a quick American Slang Modern Brasserie snapshot today with the key numbers and the clearest opportunity we see.

If it's useful, 15 minutes on Zoom and I'll show you how to deploy it.

Cheers,
Jacob",
FALSE,FALSE,Rye Plaza,sports_bar,"4646 Mill Creek Pkwy, Kansas City, MO 64112, USA",Kansas City,USA,+1 816-541-3382,https://ryekc.com/plaza-home-page/,justin@ryekc.com,valid,hunter_search,95,4.4,1145,google_places_enriched,las_colinas_zone,5.6 miles,"Hi Rye Plaza team,

There's a World Cup game 5.6 miles from Rye Plaza, in less than 50 days, and 2× Arrowhead Stadium (155K) worth of fans coming to Kansas City.

We're CrowdReady - a group of data scientists building actionable reports for Kansas City businesses. We pulled the numbers for Rye Plaza specifically:

- who's coming (countries, ages, spending profile)
- when they'll be near you, hour by hour, on game day
- a Facebook/Instagram ad you can launch before kickoff— copy, audience, budget
- a day-of plan: when to staff up, what to stock, what to price up
- the single move with the highest projected revenue for Rye Plaza

Worth taking a look? I can send over a quick Rye Plaza snapshot today with the key numbers and the clearest opportunity we see.

If it's useful, 15 minutes on Zoom and I'll show you how to deploy it.

Cheers,
Lucas","Hi Rye Plaza team,

There's a World Cup game 5.6 miles from Rye Plaza, in less than 50 days, and 2× Arrowhead Stadium (155K) worth of fans coming to Kansas City.

We're CrowdReady - a group of data scientists building actionable reports for Kansas City businesses. We pulled the numbers for Rye Plaza specifically:

- who's coming (countries, ages, spending profile)
- when they'll be near you, hour by hour, on game day
- a Facebook/Instagram ad you can launch before kickoff— copy, audience, budget
- a day-of plan: when to staff up, what to stock, what to price up
- the single move with the highest projected revenue for Rye Plaza

Worth taking a look? I can send over a quick Rye Plaza snapshot today with the key numbers and the clearest opportunity we see.

If it's useful, 15 minutes on Zoom and I'll show you how to deploy it.

Cheers,
Anthony","Hi Rye Plaza team,

There's a World Cup game 5.6 miles from Rye Plaza, in less than 50 days, and 2× Arrowhead Stadium (155K) worth of fans coming to Kansas City.

We're CrowdReady - a group of data scientists building actionable reports for Kansas City businesses. We pulled the numbers for Rye Plaza specifically:

- who's coming (countries, ages, spending profile)
- when they'll be near you, hour by hour, on game day
- a Facebook/Instagram ad you can launch before kickoff— copy, audience, budget
- a day-of plan: when to staff up, what to stock, what to price up
- the single move with the highest projected revenue for Rye Plaza

Worth taking a look? I can send over a quick Rye Plaza snapshot today with the key numbers and the clearest opportunity we see.

If it's useful, 15 minutes on Zoom and I'll show you how to deploy it.

Cheers,
Jacob",
FALSE,FALSE,Third Street Social South Plaza,sports_bar,"5031 Main St, Kansas City, MO 64112, USA",Kansas City,USA,+1 816-997-9859,https://www.thirdstreetsocial.com/,info@thirdstreetsocial.com,valid,hunter_search,77,4.3,621,google_places_enriched,las_colinas_zone,5.6 miles,"Hi Third Street Social South Plaza team,

There's a World Cup game 5.6 miles from Third Street Social South Plaza, in less than 50 days, and 2× Arrowhead Stadium (155K) worth of fans coming to Kansas City.

We're CrowdReady - a group of data scientists building actionable reports for Kansas City businesses. We pulled the numbers for Third Street Social South Plaza specifically:

- who's coming (countries, ages, spending profile)
- when they'll be near you, hour by hour, on game day
- a Facebook/Instagram ad you can launch before kickoff— copy, audience, budget
- a day-of plan: when to staff up, what to stock, what to price up
- the single move with the highest projected revenue for Third Street Social South Plaza

Worth taking a look? I can send over a quick Third Street Social South Plaza snapshot today with the key numbers and the clearest opportunity we see.

If it's useful, 15 minutes on Zoom and I'll show you how to deploy it.

Cheers,
Lucas","Hi Third Street Social South Plaza team,

There's a World Cup game 5.6 miles from Third Street Social South Plaza, in less than 50 days, and 2× Arrowhead Stadium (155K) worth of fans coming to Kansas City.

We're CrowdReady - a group of data scientists building actionable reports for Kansas City businesses. We pulled the numbers for Third Street Social South Plaza specifically:

- who's coming (countries, ages, spending profile)
- when they'll be near you, hour by hour, on game day
- a Facebook/Instagram ad you can launch before kickoff— copy, audience, budget
- a day-of plan: when to staff up, what to stock, what to price up
- the single move with the highest projected revenue for Third Street Social South Plaza

Worth taking a look? I can send over a quick Third Street Social South Plaza snapshot today with the key numbers and the clearest opportunity we see.

If it's useful, 15 minutes on Zoom and I'll show you how to deploy it.

Cheers,
Anthony","Hi Third Street Social South Plaza team,

There's a World Cup game 5.6 miles from Third Street Social South Plaza, in less than 50 days, and 2× Arrowhead Stadium (155K) worth of fans coming to Kansas City.

We're CrowdReady - a group of data scientists building actionable reports for Kansas City businesses. We pulled the numbers for Third Street Social South Plaza specifically:

- who's coming (countries, ages, spending profile)
- when they'll be near you, hour by hour, on game day
- a Facebook/Instagram ad you can launch before kickoff— copy, audience, budget
- a day-of plan: when to staff up, what to stock, what to price up
- the single move with the highest projected revenue for Third Street Social South Plaza

Worth taking a look? I can send over a quick Third Street Social South Plaza snapshot today with the key numbers and the clearest opportunity we see.

If it's useful, 15 minutes on Zoom and I'll show you how to deploy it.

Cheers,
Jacob",
FALSE,FALSE,Mae's Tavern,sports_bar,"1511 Westport Rd, Kansas City, MO 64111, USA",Kansas City,USA,+1 816-600-0903,http://linktr.ee/maestavern,tim@linktr.ee,valid,hunter_search,94,4.5,495,google_places_enriched,las_colinas_zone,6.5 miles,"Hi Mae's Tavern team,

There's a World Cup game 6.5 miles from Mae's Tavern, in less than 50 days, and 2× Arrowhead Stadium (155K) worth of fans coming to Kansas City.

We're CrowdReady - a group of data scientists building actionable reports for Kansas City businesses. We pulled the numbers for Mae's Tavern specifically:

- who's coming (countries, ages, spending profile)
- when they'll be near you, hour by hour, on game day
- a Facebook/Instagram ad you can launch before kickoff— copy, audience, budget
- a day-of plan: when to staff up, what to stock, what to price up
- the single move with the highest projected revenue for Mae's Tavern

Worth taking a look? I can send over a quick Mae's Tavern snapshot today with the key numbers and the clearest opportunity we see.

If it's useful, 15 minutes on Zoom and I'll show you how to deploy it.

Cheers,
Lucas","Hi Mae's Tavern team,

There's a World Cup game 6.5 miles from Mae's Tavern, in less than 50 days, and 2× Arrowhead Stadium (155K) worth of fans coming to Kansas City.

We're CrowdReady - a group of data scientists building actionable reports for Kansas City businesses. We pulled the numbers for Mae's Tavern specifically:

- who's coming (countries, ages, spending profile)
- when they'll be near you, hour by hour, on game day
- a Facebook/Instagram ad you can launch before kickoff— copy, audience, budget
- a day-of plan: when to staff up, what to stock, what to price up
- the single move with the highest projected revenue for Mae's Tavern

Worth taking a look? I can send over a quick Mae's Tavern snapshot today with the key numbers and the clearest opportunity we see.

If it's useful, 15 minutes on Zoom and I'll show you how to deploy it.

Cheers,
Anthony","Hi Mae's Tavern team,

There's a World Cup game 6.5 miles from Mae's Tavern, in less than 50 days, and 2× Arrowhead Stadium (155K) worth of fans coming to Kansas City.

We're CrowdReady - a group of data scientists building actionable reports for Kansas City businesses. We pulled the numbers for Mae's Tavern specifically:

- who's coming (countries, ages, spending profile)
- when they'll be near you, hour by hour, on game day
- a Facebook/Instagram ad you can launch before kickoff— copy, audience, budget
- a day-of plan: when to staff up, what to stock, what to price up
- the single move with the highest projected revenue for Mae's Tavern

Worth taking a look? I can send over a quick Mae's Tavern snapshot today with the key numbers and the clearest opportunity we see.

If it's useful, 15 minutes on Zoom and I'll show you how to deploy it.

Cheers,
Jacob",
FALSE,FALSE,Stock Hill,sports_bar,"4800 Main St Ste G-001, Kansas City, MO 64112, USA",Kansas City,USA,+1 816-895-8400,http://www.stockhillkc.com/,agaylin@stockhillkc.com,valid,hunter_search,60,4.5,1567,google_places_enriched,las_colinas_zone,5.6 miles,"Hi Stock Hill team,

There's a World Cup game 5.6 miles from Stock Hill, in less than 50 days, and 2× Arrowhead Stadium (155K) worth of fans coming to Kansas City.

We're CrowdReady - a group of data scientists building actionable reports for Kansas City businesses. We pulled the numbers for Stock Hill specifically:

- who's coming (countries, ages, spending profile)
- when they'll be near you, hour by hour, on game day
- a Facebook/Instagram ad you can launch before kickoff— copy, audience, budget
- a day-of plan: when to staff up, what to stock, what to price up
- the single move with the highest projected revenue for Stock Hill

Worth taking a look? I can send over a quick Stock Hill snapshot today with the key numbers and the clearest opportunity we see.

If it's useful, 15 minutes on Zoom and I'll show you how to deploy it.

Cheers,
Lucas","Hi Stock Hill team,

There's a World Cup game 5.6 miles from Stock Hill, in less than 50 days, and 2× Arrowhead Stadium (155K) worth of fans coming to Kansas City.

We're CrowdReady - a group of data scientists building actionable reports for Kansas City businesses. We pulled the numbers for Stock Hill specifically:

- who's coming (countries, ages, spending profile)
- when they'll be near you, hour by hour, on game day
- a Facebook/Instagram ad you can launch before kickoff— copy, audience, budget
- a day-of plan: when to staff up, what to stock, what to price up
- the single move with the highest projected revenue for Stock Hill

Worth taking a look? I can send over a quick Stock Hill snapshot today with the key numbers and the clearest opportunity we see.

If it's useful, 15 minutes on Zoom and I'll show you how to deploy it.

Cheers,
Anthony","Hi Stock Hill team,

There's a World Cup game 5.6 miles from Stock Hill, in less than 50 days, and 2× Arrowhead Stadium (155K) worth of fans coming to Kansas City.

We're CrowdReady - a group of data scientists building actionable reports for Kansas City businesses. We pulled the numbers for Stock Hill specifically:

- who's coming (countries, ages, spending profile)
- when they'll be near you, hour by hour, on game day
- a Facebook/Instagram ad you can launch before kickoff— copy, audience, budget
- a day-of plan: when to staff up, what to stock, what to price up
- the single move with the highest projected revenue for Stock Hill

Worth taking a look? I can send over a quick Stock Hill snapshot today with the key numbers and the clearest opportunity we see.

If it's useful, 15 minutes on Zoom and I'll show you how to deploy it.

Cheers,
Jacob",
FALSE,FALSE,Hotel No Vacancy®,hotel_bar,"1717 Wyandotte St, Kansas City, MO 64108, USA",Kansas City,USA,+1 816-705-3507,https://www.hotelnovacancy.com/,events@hotelnovacancy.com,valid,scraped_website,100,4.7,236,google_places_enriched,downtown_zone,6.2 miles,"Hi Hotel No Vacancy® team,

There's a World Cup game 6.2 miles from Hotel No Vacancy®, in less than 50 days, and 2× Arrowhead Stadium (155K) worth of fans coming to Kansas City.

We're CrowdReady - a group of data scientists building actionable reports for Kansas City businesses. We pulled the numbers for Hotel No Vacancy® specifically:

- who's coming (countries, ages, spending profile)
- when they'll be near you, hour by hour, on game day
- a Facebook/Instagram ad you can launch before kickoff— copy, audience, budget
- a day-of plan: when to staff up, what to stock, what to price up
- the single move with the highest projected revenue for Hotel No Vacancy®

Worth taking a look? I can send over a quick Hotel No Vacancy® snapshot today with the key numbers and the clearest opportunity we see.

If it's useful, 15 minutes on Zoom and I'll show you how to deploy it.

Cheers,
Lucas","Hi Hotel No Vacancy® team,

There's a World Cup game 6.2 miles from Hotel No Vacancy®, in less than 50 days, and 2× Arrowhead Stadium (155K) worth of fans coming to Kansas City.

We're CrowdReady - a group of data scientists building actionable reports for Kansas City businesses. We pulled the numbers for Hotel No Vacancy® specifically:

- who's coming (countries, ages, spending profile)
- when they'll be near you, hour by hour, on game day
- a Facebook/Instagram ad you can launch before kickoff— copy, audience, budget
- a day-of plan: when to staff up, what to stock, what to price up
- the single move with the highest projected revenue for Hotel No Vacancy®

Worth taking a look? I can send over a quick Hotel No Vacancy® snapshot today with the key numbers and the clearest opportunity we see.

If it's useful, 15 minutes on Zoom and I'll show you how to deploy it.

Cheers,
Anthony","Hi Hotel No Vacancy® team,

There's a World Cup game 6.2 miles from Hotel No Vacancy®, in less than 50 days, and 2× Arrowhead Stadium (155K) worth of fans coming to Kansas City.

We're CrowdReady - a group of data scientists building actionable reports for Kansas City businesses. We pulled the numbers for Hotel No Vacancy® specifically:

- who's coming (countries, ages, spending profile)
- when they'll be near you, hour by hour, on game day
- a Facebook/Instagram ad you can launch before kickoff— copy, audience, budget
- a day-of plan: when to staff up, what to stock, what to price up
- the single move with the highest projected revenue for Hotel No Vacancy®

Worth taking a look? I can send over a quick Hotel No Vacancy® snapshot today with the key numbers and the clearest opportunity we see.

If it's useful, 15 minutes on Zoom and I'll show you how to deploy it.

Cheers,
Jacob",
FALSE,FALSE,The Mercury Room Bar,sports_bar,"1800 Walnut St Suite 1400, Kansas City, MO 64108, USA",Kansas City,USA,+1 816-896-8488,https://themercuryroom.com/,info@themercuryroom.com,valid,hunter_search,63,4.6,278,google_places_enriched,downtown_zone,6.1 miles,"Hi The Mercury Room Bar team,

There's a World Cup game 6.1 miles from The Mercury Room Bar, in less than 50 days, and 2× Arrowhead Stadium (155K) worth of fans coming to Kansas City.

We're CrowdReady - a group of data scientists building actionable reports for Kansas City businesses. We pulled the numbers for The Mercury Room Bar specifically:

- who's coming (countries, ages, spending profile)
- when they'll be near you, hour by hour, on game day
- a Facebook/Instagram ad you can launch before kickoff— copy, audience, budget
- a day-of plan: when to staff up, what to stock, what to price up
- the single move with the highest projected revenue for The Mercury Room Bar

Worth taking a look? I can send over a quick The Mercury Room Bar snapshot today with the key numbers and the clearest opportunity we see.

If it's useful, 15 minutes on Zoom and I'll show you how to deploy it.

Cheers,
Lucas","Hi The Mercury Room Bar team,

There's a World Cup game 6.1 miles from The Mercury Room Bar, in less than 50 days, and 2× Arrowhead Stadium (155K) worth of fans coming to Kansas City.

We're CrowdReady - a group of data scientists building actionable reports for Kansas City businesses. We pulled the numbers for The Mercury Room Bar specifically:

- who's coming (countries, ages, spending profile)
- when they'll be near you, hour by hour, on game day
- a Facebook/Instagram ad you can launch before kickoff— copy, audience, budget
- a day-of plan: when to staff up, what to stock, what to price up
- the single move with the highest projected revenue for The Mercury Room Bar

Worth taking a look? I can send over a quick The Mercury Room Bar snapshot today with the key numbers and the clearest opportunity we see.

If it's useful, 15 minutes on Zoom and I'll show you how to deploy it.

Cheers,
Anthony","Hi The Mercury Room Bar team,

There's a World Cup game 6.1 miles from The Mercury Room Bar, in less than 50 days, and 2× Arrowhead Stadium (155K) worth of fans coming to Kansas City.

We're CrowdReady - a group of data scientists building actionable reports for Kansas City businesses. We pulled the numbers for The Mercury Room Bar specifically:

- who's coming (countries, ages, spending profile)
- when they'll be near you, hour by hour, on game day
- a Facebook/Instagram ad you can launch before kickoff— copy, audience, budget
- a day-of plan: when to staff up, what to stock, what to price up
- the single move with the highest projected revenue for The Mercury Room Bar

Worth taking a look? I can send over a quick The Mercury Room Bar snapshot today with the key numbers and the clearest opportunity we see.

If it's useful, 15 minutes on Zoom and I'll show you how to deploy it.

Cheers,
Jacob",
FALSE,FALSE,Vye Cocktail Lounge,sports_bar,"2018 Main St Suite 101, Kansas City, MO 64108, USA",Kansas City,USA,+1 816-371-5333,https://vyelounge.com/,info@vyelounge.com,valid,scraped_website,92,4,75,google_places_enriched,downtown_zone,6.0 miles,"Hi Vye Cocktail Lounge team,

There's a World Cup game 6.0 miles from Vye Cocktail Lounge, in less than 50 days, and 2× Arrowhead Stadium (155K) worth of fans coming to Kansas City.

We're CrowdReady - a group of data scientists building actionable reports for Kansas City businesses. We pulled the numbers for Vye Cocktail Lounge specifically:

- who's coming (countries, ages, spending profile)
- when they'll be near you, hour by hour, on game day
- a Facebook/Instagram ad you can launch before kickoff— copy, audience, budget
- a day-of plan: when to staff up, what to stock, what to price up
- the single move with the highest projected revenue for Vye Cocktail Lounge

Worth taking a look? I can send over a quick Vye Cocktail Lounge snapshot today with the key numbers and the clearest opportunity we see.

If it's useful, 15 minutes on Zoom and I'll show you how to deploy it.

Cheers,
Lucas","Hi Vye Cocktail Lounge team,

There's a World Cup game 6.0 miles from Vye Cocktail Lounge, in less than 50 days, and 2× Arrowhead Stadium (155K) worth of fans coming to Kansas City.

We're CrowdReady - a group of data scientists building actionable reports for Kansas City businesses. We pulled the numbers for Vye Cocktail Lounge specifically:

- who's coming (countries, ages, spending profile)
- when they'll be near you, hour by hour, on game day
- a Facebook/Instagram ad you can launch before kickoff— copy, audience, budget
- a day-of plan: when to staff up, what to stock, what to price up
- the single move with the highest projected revenue for Vye Cocktail Lounge

Worth taking a look? I can send over a quick Vye Cocktail Lounge snapshot today with the key numbers and the clearest opportunity we see.

If it's useful, 15 minutes on Zoom and I'll show you how to deploy it.

Cheers,
Anthony","Hi Vye Cocktail Lounge team,

There's a World Cup game 6.0 miles from Vye Cocktail Lounge, in less than 50 days, and 2× Arrowhead Stadium (155K) worth of fans coming to Kansas City.

We're CrowdReady - a group of data scientists building actionable reports for Kansas City businesses. We pulled the numbers for Vye Cocktail Lounge specifically:

- who's coming (countries, ages, spending profile)
- when they'll be near you, hour by hour, on game day
- a Facebook/Instagram ad you can launch before kickoff— copy, audience, budget
- a day-of plan: when to staff up, what to stock, what to price up
- the single move with the highest projected revenue for Vye Cocktail Lounge

Worth taking a look? I can send over a quick Vye Cocktail Lounge snapshot today with the key numbers and the clearest opportunity we see.

If it's useful, 15 minutes on Zoom and I'll show you how to deploy it.

Cheers,
Jacob",
FALSE,FALSE,Green Dirt on Oak,sports_bar,"1601 Oak St, Kansas City, MO 64108, USA",Kansas City,USA,+1 816-386-2156,https://oak.greendirtfarm.com/,oak@greendirtfarm.com,valid,scraped_website,100,4.5,266,google_places_enriched,downtown_zone,6.0 miles,"Hi Green Dirt on Oak team,

There's a World Cup game 6.0 miles from Green Dirt on Oak, in less than 50 days, and 2× Arrowhead Stadium (155K) worth of fans coming to Kansas City.

We're CrowdReady - a group of data scientists building actionable reports for Kansas City businesses. We pulled the numbers for Green Dirt on Oak specifically:

- who's coming (countries, ages, spending profile)
- when they'll be near you, hour by hour, on game day
- a Facebook/Instagram ad you can launch before kickoff— copy, audience, budget
- a day-of plan: when to staff up, what to stock, what to price up
- the single move with the highest projected revenue for Green Dirt on Oak

Worth taking a look? I can send over a quick Green Dirt on Oak snapshot today with the key numbers and the clearest opportunity we see.

If it's useful, 15 minutes on Zoom and I'll show you how to deploy it.

Cheers,
Lucas","Hi Green Dirt on Oak team,

There's a World Cup game 6.0 miles from Green Dirt on Oak, in less than 50 days, and 2× Arrowhead Stadium (155K) worth of fans coming to Kansas City.

We're CrowdReady - a group of data scientists building actionable reports for Kansas City businesses. We pulled the numbers for Green Dirt on Oak specifically:

- who's coming (countries, ages, spending profile)
- when they'll be near you, hour by hour, on game day
- a Facebook/Instagram ad you can launch before kickoff— copy, audience, budget
- a day-of plan: when to staff up, what to stock, what to price up
- the single move with the highest projected revenue for Green Dirt on Oak

Worth taking a look? I can send over a quick Green Dirt on Oak snapshot today with the key numbers and the clearest opportunity we see.

If it's useful, 15 minutes on Zoom and I'll show you how to deploy it.

Cheers,
Anthony","Hi Green Dirt on Oak team,

There's a World Cup game 6.0 miles from Green Dirt on Oak, in less than 50 days, and 2× Arrowhead Stadium (155K) worth of fans coming to Kansas City.

We're CrowdReady - a group of data scientists building actionable reports for Kansas City businesses. We pulled the numbers for Green Dirt on Oak specifically:

- who's coming (countries, ages, spending profile)
- when they'll be near you, hour by hour, on game day
- a Facebook/Instagram ad you can launch before kickoff— copy, audience, budget
- a day-of plan: when to staff up, what to stock, what to price up
- the single move with the highest projected revenue for Green Dirt on Oak

Worth taking a look? I can send over a quick Green Dirt on Oak snapshot today with the key numbers and the clearest opportunity we see.

If it's useful, 15 minutes on Zoom and I'll show you how to deploy it.

Cheers,
Jacob",
FALSE,FALSE,The Creamery Clubroom and Rooftop Patio,sports_bar,"2100 Central St, Kansas City, MO 64108, USA",Kansas City,USA,+1 913-777-4488,http://skylinerooftops.com/,hello@skylinerooftops.com,valid,scraped_website,100,4.8,18,google_places_enriched,downtown_zone,6.2 miles,"Hi The Creamery Clubroom and Rooftop Patio team,

There's a World Cup game 6.2 miles from The Creamery Clubroom and Rooftop Patio, in less than 50 days, and 2× Arrowhead Stadium (155K) worth of fans coming to Kansas City.

We're CrowdReady - a group of data scientists building actionable reports for Kansas City businesses. We pulled the numbers for The Creamery Clubroom and Rooftop Patio specifically:

- who's coming (countries, ages, spending profile)
- when they'll be near you, hour by hour, on game day
- a Facebook/Instagram ad you can launch before kickoff— copy, audience, budget
- a day-of plan: when to staff up, what to stock, what to price up
- the single move with the highest projected revenue for The Creamery Clubroom and Rooftop Patio

Worth taking a look? I can send over a quick The Creamery Clubroom and Rooftop Patio snapshot today with the key numbers and the clearest opportunity we see.

If it's useful, 15 minutes on Zoom and I'll show you how to deploy it.

Cheers,
Lucas","Hi The Creamery Clubroom and Rooftop Patio team,

There's a World Cup game 6.2 miles from The Creamery Clubroom and Rooftop Patio, in less than 50 days, and 2× Arrowhead Stadium (155K) worth of fans coming to Kansas City.

We're CrowdReady - a group of data scientists building actionable reports for Kansas City businesses. We pulled the numbers for The Creamery Clubroom and Rooftop Patio specifically:

- who's coming (countries, ages, spending profile)
- when they'll be near you, hour by hour, on game day
- a Facebook/Instagram ad you can launch before kickoff— copy, audience, budget
- a day-of plan: when to staff up, what to stock, what to price up
- the single move with the highest projected revenue for The Creamery Clubroom and Rooftop Patio

Worth taking a look? I can send over a quick The Creamery Clubroom and Rooftop Patio snapshot today with the key numbers and the clearest opportunity we see.

If it's useful, 15 minutes on Zoom and I'll show you how to deploy it.

Cheers,
Anthony","Hi The Creamery Clubroom and Rooftop Patio team,

There's a World Cup game 6.2 miles from The Creamery Clubroom and Rooftop Patio, in less than 50 days, and 2× Arrowhead Stadium (155K) worth of fans coming to Kansas City.

We're CrowdReady - a group of data scientists building actionable reports for Kansas City businesses. We pulled the numbers for The Creamery Clubroom and Rooftop Patio specifically:

- who's coming (countries, ages, spending profile)
- when they'll be near you, hour by hour, on game day
- a Facebook/Instagram ad you can launch before kickoff— copy, audience, budget
- a day-of plan: when to staff up, what to stock, what to price up
- the single move with the highest projected revenue for The Creamery Clubroom and Rooftop Patio

Worth taking a look? I can send over a quick The Creamery Clubroom and Rooftop Patio snapshot today with the key numbers and the clearest opportunity we see.

If it's useful, 15 minutes on Zoom and I'll show you how to deploy it.

Cheers,
Jacob",
FALSE,FALSE,Skyline & Co,sports_bar,"Fifth Floor, 106 W 11th St, Kansas City, MO 64105, USA",Kansas City,USA,+1 913-777-4488,http://skylineandco.com/,carly@skylineandco.com,valid,hunter_search,99,4.9,67,google_places_enriched,downtown_zone,6.5 miles,"Hi Skyline & Co team,

There's a World Cup game 6.5 miles from Skyline & Co, in less than 50 days, and 2× Arrowhead Stadium (155K) worth of fans coming to Kansas City.

We're CrowdReady - a group of data scientists building actionable reports for Kansas City businesses. We pulled the numbers for Skyline & Co specifically:

- who's coming (countries, ages, spending profile)
- when they'll be near you, hour by hour, on game day
- a Facebook/Instagram ad you can launch before kickoff— copy, audience, budget
- a day-of plan: when to staff up, what to stock, what to price up
- the single move with the highest projected revenue for Skyline & Co

Worth taking a look? I can send over a quick Skyline & Co snapshot today with the key numbers and the clearest opportunity we see.

If it's useful, 15 minutes on Zoom and I'll show you how to deploy it.

Cheers,
Lucas","Hi Skyline & Co team,

There's a World Cup game 6.5 miles from Skyline & Co, in less than 50 days, and 2× Arrowhead Stadium (155K) worth of fans coming to Kansas City.

We're CrowdReady - a group of data scientists building actionable reports for Kansas City businesses. We pulled the numbers for Skyline & Co specifically:

- who's coming (countries, ages, spending profile)
- when they'll be near you, hour by hour, on game day
- a Facebook/Instagram ad you can launch before kickoff— copy, audience, budget
- a day-of plan: when to staff up, what to stock, what to price up
- the single move with the highest projected revenue for Skyline & Co

Worth taking a look? I can send over a quick Skyline & Co snapshot today with the key numbers and the clearest opportunity we see.

If it's useful, 15 minutes on Zoom and I'll show you how to deploy it.

Cheers,
Anthony","Hi Skyline & Co team,

There's a World Cup game 6.5 miles from Skyline & Co, in less than 50 days, and 2× Arrowhead Stadium (155K) worth of fans coming to Kansas City.

We're CrowdReady - a group of data scientists building actionable reports for Kansas City businesses. We pulled the numbers for Skyline & Co specifically:

- who's coming (countries, ages, spending profile)
- when they'll be near you, hour by hour, on game day
- a Facebook/Instagram ad you can launch before kickoff— copy, audience, budget
- a day-of plan: when to staff up, what to stock, what to price up
- the single move with the highest projected revenue for Skyline & Co

Worth taking a look? I can send over a quick Skyline & Co snapshot today with the key numbers and the clearest opportunity we see.

If it's useful, 15 minutes on Zoom and I'll show you how to deploy it.

Cheers,
Jacob",
FALSE,FALSE,Third Place Lounge,sports_bar,"1744 Broadway Blvd, Kansas City, MO 64108, USA",Kansas City,USA,+1 816-780-1088,https://www.thirdplacekc.com/,amanda@thirdplacekc.com,valid,hunter_search,79,4.9,98,google_places_enriched,downtown_zone,6.4 miles,"Hi Third Place Lounge team,

There's a World Cup game 6.4 miles from Third Place Lounge, in less than 50 days, and 2× Arrowhead Stadium (155K) worth of fans coming to Kansas City.

We're CrowdReady - a group of data scientists building actionable reports for Kansas City businesses. We pulled the numbers for Third Place Lounge specifically:

- who's coming (countries, ages, spending profile)
- when they'll be near you, hour by hour, on game day
- a Facebook/Instagram ad you can launch before kickoff— copy, audience, budget
- a day-of plan: when to staff up, what to stock, what to price up
- the single move with the highest projected revenue for Third Place Lounge

Worth taking a look? I can send over a quick Third Place Lounge snapshot today with the key numbers and the clearest opportunity we see.

If it's useful, 15 minutes on Zoom and I'll show you how to deploy it.

Cheers,
Lucas","Hi Third Place Lounge team,

There's a World Cup game 6.4 miles from Third Place Lounge, in less than 50 days, and 2× Arrowhead Stadium (155K) worth of fans coming to Kansas City.

We're CrowdReady - a group of data scientists building actionable reports for Kansas City businesses. We pulled the numbers for Third Place Lounge specifically:

- who's coming (countries, ages, spending profile)
- when they'll be near you, hour by hour, on game day
- a Facebook/Instagram ad you can launch before kickoff— copy, audience, budget
- a day-of plan: when to staff up, what to stock, what to price up
- the single move with the highest projected revenue for Third Place Lounge

Worth taking a look? I can send over a quick Third Place Lounge snapshot today with the key numbers and the clearest opportunity we see.

If it's useful, 15 minutes on Zoom and I'll show you how to deploy it.

Cheers,
Anthony","Hi Third Place Lounge team,

There's a World Cup game 6.4 miles from Third Place Lounge, in less than 50 days, and 2× Arrowhead Stadium (155K) worth of fans coming to Kansas City.

We're CrowdReady - a group of data scientists building actionable reports for Kansas City businesses. We pulled the numbers for Third Place Lounge specifically:

- who's coming (countries, ages, spending profile)
- when they'll be near you, hour by hour, on game day
- a Facebook/Instagram ad you can launch before kickoff— copy, audience, budget
- a day-of plan: when to staff up, what to stock, what to price up
- the single move with the highest projected revenue for Third Place Lounge

Worth taking a look? I can send over a quick Third Place Lounge snapshot today with the key numbers and the clearest opportunity we see.

If it's useful, 15 minutes on Zoom and I'll show you how to deploy it.

Cheers,
Jacob",
FALSE,FALSE,Something Good,sports_bar,"800 Broadway Blvd, Kansas City, MO 64105, USA",Kansas City,USA,,https://www.somethinggoodkc.com/,contact@somethinggoodkc.com,valid,scraped_website,100,4.8,32,google_places_enriched,downtown_zone,6.8 miles,"Hi Something Good team,

There's a World Cup game 6.8 miles from Something Good, in less than 50 days, and 2× Arrowhead Stadium (155K) worth of fans coming to Kansas City.

We're CrowdReady - a group of data scientists building actionable reports for Kansas City businesses. We pulled the numbers for Something Good specifically:

- who's coming (countries, ages, spending profile)
- when they'll be near you, hour by hour, on game day
- a Facebook/Instagram ad you can launch before kickoff— copy, audience, budget
- a day-of plan: when to staff up, what to stock, what to price up
- the single move with the highest projected revenue for Something Good

Worth taking a look? I can send over a quick Something Good snapshot today with the key numbers and the clearest opportunity we see.

If it's useful, 15 minutes on Zoom and I'll show you how to deploy it.

Cheers,
Lucas","Hi Something Good team,

There's a World Cup game 6.8 miles from Something Good, in less than 50 days, and 2× Arrowhead Stadium (155K) worth of fans coming to Kansas City.

We're CrowdReady - a group of data scientists building actionable reports for Kansas City businesses. We pulled the numbers for Something Good specifically:

- who's coming (countries, ages, spending profile)
- when they'll be near you, hour by hour, on game day
- a Facebook/Instagram ad you can launch before kickoff— copy, audience, budget
- a day-of plan: when to staff up, what to stock, what to price up
- the single move with the highest projected revenue for Something Good

Worth taking a look? I can send over a quick Something Good snapshot today with the key numbers and the clearest opportunity we see.

If it's useful, 15 minutes on Zoom and I'll show you how to deploy it.

Cheers,
Anthony","Hi Something Good team,

There's a World Cup game 6.8 miles from Something Good, in less than 50 days, and 2× Arrowhead Stadium (155K) worth of fans coming to Kansas City.

We're CrowdReady - a group of data scientists building actionable reports for Kansas City businesses. We pulled the numbers for Something Good specifically:

- who's coming (countries, ages, spending profile)
- when they'll be near you, hour by hour, on game day
- a Facebook/Instagram ad you can launch before kickoff— copy, audience, budget
- a day-of plan: when to staff up, what to stock, what to price up
- the single move with the highest projected revenue for Something Good

Worth taking a look? I can send over a quick Something Good snapshot today with the key numbers and the clearest opportunity we see.

If it's useful, 15 minutes on Zoom and I'll show you how to deploy it.

Cheers,
Jacob",
FALSE,FALSE,The Ship,sports_bar,"1221 Union Ave, Kansas City, MO 64101, USA",Kansas City,USA,,http://www.theshipkc.com/,info@theshipkc.com,valid,hunter_search,60,4.5,2186,google_places_enriched,downtown_zone,7.2 miles,"Hi The Ship team,

There's a World Cup game 7.2 miles from The Ship, in less than 50 days, and 2× Arrowhead Stadium (155K) worth of fans coming to Kansas City.

We're CrowdReady - a group of data scientists building actionable reports for Kansas City businesses. We pulled the numbers for The Ship specifically:

- who's coming (countries, ages, spending profile)
- when they'll be near you, hour by hour, on game day
- a Facebook/Instagram ad you can launch before kickoff— copy, audience, budget
- a day-of plan: when to staff up, what to stock, what to price up
- the single move with the highest projected revenue for The Ship

Worth taking a look? I can send over a quick The Ship snapshot today with the key numbers and the clearest opportunity we see.

If it's useful, 15 minutes on Zoom and I'll show you how to deploy it.

Cheers,
Lucas","Hi The Ship team,

There's a World Cup game 7.2 miles from The Ship, in less than 50 days, and 2× Arrowhead Stadium (155K) worth of fans coming to Kansas City.

We're CrowdReady - a group of data scientists building actionable reports for Kansas City businesses. We pulled the numbers for The Ship specifically:

- who's coming (countries, ages, spending profile)
- when they'll be near you, hour by hour, on game day
- a Facebook/Instagram ad you can launch before kickoff— copy, audience, budget
- a day-of plan: when to staff up, what to stock, what to price up
- the single move with the highest projected revenue for The Ship

Worth taking a look? I can send over a quick The Ship snapshot today with the key numbers and the clearest opportunity we see.

If it's useful, 15 minutes on Zoom and I'll show you how to deploy it.

Cheers,
Anthony","Hi The Ship team,

There's a World Cup game 7.2 miles from The Ship, in less than 50 days, and 2× Arrowhead Stadium (155K) worth of fans coming to Kansas City.

We're CrowdReady - a group of data scientists building actionable reports for Kansas City businesses. We pulled the numbers for The Ship specifically:

- who's coming (countries, ages, spending profile)
- when they'll be near you, hour by hour, on game day
- a Facebook/Instagram ad you can launch before kickoff— copy, audience, budget
- a day-of plan: when to staff up, what to stock, what to price up
- the single move with the highest projected revenue for The Ship

Worth taking a look? I can send over a quick The Ship snapshot today with the key numbers and the clearest opportunity we see.

If it's useful, 15 minutes on Zoom and I'll show you how to deploy it.

Cheers,
Jacob",
FALSE,FALSE,Tannin Wine Bar & Kitchen,sports_bar,"1526 Walnut St, Kansas City, MO 64108, USA",Kansas City,USA,+1 816-842-2660,https://tanninwinebar.com/?utm_source=google&utm_medium=seo&utm_campaign=gbp-listing,info@tanninwinebar.com,valid,scraped_website,100,4.6,1207,google_places_enriched,downtown_zone,6.2 miles,"Hi Tannin Wine Bar & Kitchen team,

There's a World Cup game 6.2 miles from Tannin Wine Bar & Kitchen, in less than 50 days, and 2× Arrowhead Stadium (155K) worth of fans coming to Kansas City.

We're CrowdReady - a group of data scientists building actionable reports for Kansas City businesses. We pulled the numbers for Tannin Wine Bar & Kitchen specifically:

- who's coming (countries, ages, spending profile)
- when they'll be near you, hour by hour, on game day
- a Facebook/Instagram ad you can launch before kickoff— copy, audience, budget
- a day-of plan: when to staff up, what to stock, what to price up
- the single move with the highest projected revenue for Tannin Wine Bar & Kitchen

Worth taking a look? I can send over a quick Tannin Wine Bar & Kitchen snapshot today with the key numbers and the clearest opportunity we see.

If it's useful, 15 minutes on Zoom and I'll show you how to deploy it.

Cheers,
Lucas","Hi Tannin Wine Bar & Kitchen team,

There's a World Cup game 6.2 miles from Tannin Wine Bar & Kitchen, in less than 50 days, and 2× Arrowhead Stadium (155K) worth of fans coming to Kansas City.

We're CrowdReady - a group of data scientists building actionable reports for Kansas City businesses. We pulled the numbers for Tannin Wine Bar & Kitchen specifically:

- who's coming (countries, ages, spending profile)
- when they'll be near you, hour by hour, on game day
- a Facebook/Instagram ad you can launch before kickoff— copy, audience, budget
- a day-of plan: when to staff up, what to stock, what to price up
- the single move with the highest projected revenue for Tannin Wine Bar & Kitchen

Worth taking a look? I can send over a quick Tannin Wine Bar & Kitchen snapshot today with the key numbers and the clearest opportunity we see.

If it's useful, 15 minutes on Zoom and I'll show you how to deploy it.

Cheers,
Anthony","Hi Tannin Wine Bar & Kitchen team,

There's a World Cup game 6.2 miles from Tannin Wine Bar & Kitchen, in less than 50 days, and 2× Arrowhead Stadium (155K) worth of fans coming to Kansas City.

We're CrowdReady - a group of data scientists building actionable reports for Kansas City businesses. We pulled the numbers for Tannin Wine Bar & Kitchen specifically:

- who's coming (countries, ages, spending profile)
- when they'll be near you, hour by hour, on game day
- a Facebook/Instagram ad you can launch before kickoff— copy, audience, budget
- a day-of plan: when to staff up, what to stock, what to price up
- the single move with the highest projected revenue for Tannin Wine Bar & Kitchen

Worth taking a look? I can send over a quick Tannin Wine Bar & Kitchen snapshot today with the key numbers and the clearest opportunity we see.

If it's useful, 15 minutes on Zoom and I'll show you how to deploy it.

Cheers,
Jacob",
FALSE,FALSE,Sinkers Lounge - Power & Light,sports_bar,"53 W 13th St, Kansas City, MO 64105, USA",Kansas City,USA,+1 913-374-0105,https://www.sinkerslounge.com/book-power-and-light/,lawrence@sinkerslounge.com,valid,hunter_search,88,4.6,542,google_places_enriched,uptown_zone,6.4 miles,"Hi Sinkers Lounge - Power & Light team,

There's a World Cup game 6.4 miles from Sinkers Lounge - Power & Light, in less than 50 days, and 2× Arrowhead Stadium (155K) worth of fans coming to Kansas City.

We're CrowdReady - a group of data scientists building actionable reports for Kansas City businesses. We pulled the numbers for Sinkers Lounge - Power & Light specifically:

- who's coming (countries, ages, spending profile)
- when they'll be near you, hour by hour, on game day
- a Facebook/Instagram ad you can launch before kickoff— copy, audience, budget
- a day-of plan: when to staff up, what to stock, what to price up
- the single move with the highest projected revenue for Sinkers Lounge - Power & Light

Worth taking a look? I can send over a quick Sinkers Lounge - Power & Light snapshot today with the key numbers and the clearest opportunity we see.

If it's useful, 15 minutes on Zoom and I'll show you how to deploy it.

Cheers,
Lucas","Hi Sinkers Lounge - Power & Light team,

There's a World Cup game 6.4 miles from Sinkers Lounge - Power & Light, in less than 50 days, and 2× Arrowhead Stadium (155K) worth of fans coming to Kansas City.

We're CrowdReady - a group of data scientists building actionable reports for Kansas City businesses. We pulled the numbers for Sinkers Lounge - Power & Light specifically:

- who's coming (countries, ages, spending profile)
- when they'll be near you, hour by hour, on game day
- a Facebook/Instagram ad you can launch before kickoff— copy, audience, budget
- a day-of plan: when to staff up, what to stock, what to price up
- the single move with the highest projected revenue for Sinkers Lounge - Power & Light

Worth taking a look? I can send over a quick Sinkers Lounge - Power & Light snapshot today with the key numbers and the clearest opportunity we see.

If it's useful, 15 minutes on Zoom and I'll show you how to deploy it.

Cheers,
Anthony","Hi Sinkers Lounge - Power & Light team,

There's a World Cup game 6.4 miles from Sinkers Lounge - Power & Light, in less than 50 days, and 2× Arrowhead Stadium (155K) worth of fans coming to Kansas City.

We're CrowdReady - a group of data scientists building actionable reports for Kansas City businesses. We pulled the numbers for Sinkers Lounge - Power & Light specifically:

- who's coming (countries, ages, spending profile)
- when they'll be near you, hour by hour, on game day
- a Facebook/Instagram ad you can launch before kickoff— copy, audience, budget
- a day-of plan: when to staff up, what to stock, what to price up
- the single move with the highest projected revenue for Sinkers Lounge - Power & Light

Worth taking a look? I can send over a quick Sinkers Lounge - Power & Light snapshot today with the key numbers and the clearest opportunity we see.

If it's useful, 15 minutes on Zoom and I'll show you how to deploy it.

Cheers,
Jacob",
FALSE,FALSE,PBR Big Sky: A Coors Banquet Bar,sports_bar,"111 E 13th St, Kansas City, MO 64106, USA",Kansas City,USA,+1 816-237-0088,http://www.powerandlightdistrict.com/eat-and-drink/pbr-big-sky,events@powerandlightdistrict.com,accept_all,hunter_search,79,4.4,855,google_places_enriched,uptown_zone,6.3 miles,"Hi PBR Big Sky: A Coors Banquet Bar team,

There's a World Cup game 6.3 miles from PBR Big Sky: A Coors Banquet Bar, in less than 50 days, and 2× Arrowhead Stadium (155K) worth of fans coming to Kansas City.

We're CrowdReady - a group of data scientists building actionable reports for Kansas City businesses. We pulled the numbers for PBR Big Sky: A Coors Banquet Bar specifically:

- who's coming (countries, ages, spending profile)
- when they'll be near you, hour by hour, on game day
- a Facebook/Instagram ad you can launch before kickoff— copy, audience, budget
- a day-of plan: when to staff up, what to stock, what to price up
- the single move with the highest projected revenue for PBR Big Sky: A Coors Banquet Bar

Worth taking a look? I can send over a quick PBR Big Sky: A Coors Banquet Bar snapshot today with the key numbers and the clearest opportunity we see.

If it's useful, 15 minutes on Zoom and I'll show you how to deploy it.

Cheers,
Lucas","Hi PBR Big Sky: A Coors Banquet Bar team,

There's a World Cup game 6.3 miles from PBR Big Sky: A Coors Banquet Bar, in less than 50 days, and 2× Arrowhead Stadium (155K) worth of fans coming to Kansas City.

We're CrowdReady - a group of data scientists building actionable reports for Kansas City businesses. We pulled the numbers for PBR Big Sky: A Coors Banquet Bar specifically:

- who's coming (countries, ages, spending profile)
- when they'll be near you, hour by hour, on game day
- a Facebook/Instagram ad you can launch before kickoff— copy, audience, budget
- a day-of plan: when to staff up, what to stock, what to price up
- the single move with the highest projected revenue for PBR Big Sky: A Coors Banquet Bar

Worth taking a look? I can send over a quick PBR Big Sky: A Coors Banquet Bar snapshot today with the key numbers and the clearest opportunity we see.

If it's useful, 15 minutes on Zoom and I'll show you how to deploy it.

Cheers,
Anthony","Hi PBR Big Sky: A Coors Banquet Bar team,

There's a World Cup game 6.3 miles from PBR Big Sky: A Coors Banquet Bar, in less than 50 days, and 2× Arrowhead Stadium (155K) worth of fans coming to Kansas City.

We're CrowdReady - a group of data scientists building actionable reports for Kansas City businesses. We pulled the numbers for PBR Big Sky: A Coors Banquet Bar specifically:

- who's coming (countries, ages, spending profile)
- when they'll be near you, hour by hour, on game day
- a Facebook/Instagram ad you can launch before kickoff— copy, audience, budget
- a day-of plan: when to staff up, what to stock, what to price up
- the single move with the highest projected revenue for PBR Big Sky: A Coors Banquet Bar

Worth taking a look? I can send over a quick PBR Big Sky: A Coors Banquet Bar snapshot today with the key numbers and the clearest opportunity we see.

If it's useful, 15 minutes on Zoom and I'll show you how to deploy it.

Cheers,
Jacob",
FALSE,FALSE,County Road Ice House,sports_bar,"100 E 14th St #2919, Kansas City, MO 64106, USA",Kansas City,USA,+1 816-399-4967,https://www.countyroadicehouse.com/,jscott@countyroadicehouse.com,accept_all,hunter_search,94,4.4,1716,google_places_enriched,uptown_zone,6.2 miles,"Hi County Road Ice House team,

There's a World Cup game 6.2 miles from County Road Ice House, in less than 50 days, and 2× Arrowhead Stadium (155K) worth of fans coming to Kansas City.

We're CrowdReady - a group of data scientists building actionable reports for Kansas City businesses. We pulled the numbers for County Road Ice House specifically:

- who's coming (countries, ages, spending profile)
- when they'll be near you, hour by hour, on game day
- a Facebook/Instagram ad you can launch before kickoff— copy, audience, budget
- a day-of plan: when to staff up, what to stock, what to price up
- the single move with the highest projected revenue for County Road Ice House

Worth taking a look? I can send over a quick County Road Ice House snapshot today with the key numbers and the clearest opportunity we see.

If it's useful, 15 minutes on Zoom and I'll show you how to deploy it.

Cheers,
Lucas","Hi County Road Ice House team,

There's a World Cup game 6.2 miles from County Road Ice House, in less than 50 days, and 2× Arrowhead Stadium (155K) worth of fans coming to Kansas City.

We're CrowdReady - a group of data scientists building actionable reports for Kansas City businesses. We pulled the numbers for County Road Ice House specifically:

- who's coming (countries, ages, spending profile)
- when they'll be near you, hour by hour, on game day
- a Facebook/Instagram ad you can launch before kickoff— copy, audience, budget
- a day-of plan: when to staff up, what to stock, what to price up
- the single move with the highest projected revenue for County Road Ice House

Worth taking a look? I can send over a quick County Road Ice House snapshot today with the key numbers and the clearest opportunity we see.

If it's useful, 15 minutes on Zoom and I'll show you how to deploy it.

Cheers,
Anthony","Hi County Road Ice House team,

There's a World Cup game 6.2 miles from County Road Ice House, in less than 50 days, and 2× Arrowhead Stadium (155K) worth of fans coming to Kansas City.

We're CrowdReady - a group of data scientists building actionable reports for Kansas City businesses. We pulled the numbers for County Road Ice House specifically:

- who's coming (countries, ages, spending profile)
- when they'll be near you, hour by hour, on game day
- a Facebook/Instagram ad you can launch before kickoff— copy, audience, budget
- a day-of plan: when to staff up, what to stock, what to price up
- the single move with the highest projected revenue for County Road Ice House

Worth taking a look? I can send over a quick County Road Ice House snapshot today with the key numbers and the clearest opportunity we see.

If it's useful, 15 minutes on Zoom and I'll show you how to deploy it.

Cheers,
Jacob",
FALSE,FALSE,Mosaic,sports_bar,"1331 Walnut St, Kansas City, MO 64106, USA",Kansas City,USA,+1 816-679-0076,https://powerandlightdistrict.com/Eat-and-Drink/Mosaic-Ultra-Lounge,events@powerandlightdistrict.com,accept_all,hunter_search,79,3.8,412,google_places_enriched,uptown_zone,6.3 miles,"Hi Mosaic team,

There's a World Cup game 6.3 miles from Mosaic, in less than 50 days, and 2× Arrowhead Stadium (155K) worth of fans coming to Kansas City.

We're CrowdReady - a group of data scientists building actionable reports for Kansas City businesses. We pulled the numbers for Mosaic specifically:

- who's coming (countries, ages, spending profile)
- when they'll be near you, hour by hour, on game day
- a Facebook/Instagram ad you can launch before kickoff— copy, audience, budget
- a day-of plan: when to staff up, what to stock, what to price up
- the single move with the highest projected revenue for Mosaic

Worth taking a look? I can send over a quick Mosaic snapshot today with the key numbers and the clearest opportunity we see.

If it's useful, 15 minutes on Zoom and I'll show you how to deploy it.

Cheers,
Lucas","Hi Mosaic team,

There's a World Cup game 6.3 miles from Mosaic, in less than 50 days, and 2× Arrowhead Stadium (155K) worth of fans coming to Kansas City.

We're CrowdReady - a group of data scientists building actionable reports for Kansas City businesses. We pulled the numbers for Mosaic specifically:

- who's coming (countries, ages, spending profile)
- when they'll be near you, hour by hour, on game day
- a Facebook/Instagram ad you can launch before kickoff— copy, audience, budget
- a day-of plan: when to staff up, what to stock, what to price up
- the single move with the highest projected revenue for Mosaic

Worth taking a look? I can send over a quick Mosaic snapshot today with the key numbers and the clearest opportunity we see.

If it's useful, 15 minutes on Zoom and I'll show you how to deploy it.

Cheers,
Anthony","Hi Mosaic team,

There's a World Cup game 6.3 miles from Mosaic, in less than 50 days, and 2× Arrowhead Stadium (155K) worth of fans coming to Kansas City.

We're CrowdReady - a group of data scientists building actionable reports for Kansas City businesses. We pulled the numbers for Mosaic specifically:

- who's coming (countries, ages, spending profile)
- when they'll be near you, hour by hour, on game day
- a Facebook/Instagram ad you can launch before kickoff— copy, audience, budget
- a day-of plan: when to staff up, what to stock, what to price up
- the single move with the highest projected revenue for Mosaic

Worth taking a look? I can send over a quick Mosaic snapshot today with the key numbers and the clearest opportunity we see.

If it's useful, 15 minutes on Zoom and I'll show you how to deploy it.

Cheers,
Jacob",
FALSE,FALSE,Fern Bar,sports_bar,"2041 Broadway Blvd, Kansas City, MO 64108, USA",Kansas City,USA,+1 816-375-7474,http://fernbarkc.com/,info@fernbarkc.com,valid,scraped_website,100,4.9,319,google_places_enriched,uptown_zone,6.2 miles,"Hi Fern Bar team,

There's a World Cup game 6.2 miles from Fern Bar, in less than 50 days, and 2× Arrowhead Stadium (155K) worth of fans coming to Kansas City.

We're CrowdReady - a group of data scientists building actionable reports for Kansas City businesses. We pulled the numbers for Fern Bar specifically:

- who's coming (countries, ages, spending profile)
- when they'll be near you, hour by hour, on game day
- a Facebook/Instagram ad you can launch before kickoff— copy, audience, budget
- a day-of plan: when to staff up, what to stock, what to price up
- the single move with the highest projected revenue for Fern Bar

Worth taking a look? I can send over a quick Fern Bar snapshot today with the key numbers and the clearest opportunity we see.

If it's useful, 15 minutes on Zoom and I'll show you how to deploy it.

Cheers,
Lucas","Hi Fern Bar team,

There's a World Cup game 6.2 miles from Fern Bar, in less than 50 days, and 2× Arrowhead Stadium (155K) worth of fans coming to Kansas City.

We're CrowdReady - a group of data scientists building actionable reports for Kansas City businesses. We pulled the numbers for Fern Bar specifically:

- who's coming (countries, ages, spending profile)
- when they'll be near you, hour by hour, on game day
- a Facebook/Instagram ad you can launch before kickoff— copy, audience, budget
- a day-of plan: when to staff up, what to stock, what to price up
- the single move with the highest projected revenue for Fern Bar

Worth taking a look? I can send over a quick Fern Bar snapshot today with the key numbers and the clearest opportunity we see.

If it's useful, 15 minutes on Zoom and I'll show you how to deploy it.

Cheers,
Anthony","Hi Fern Bar team,

There's a World Cup game 6.2 miles from Fern Bar, in less than 50 days, and 2× Arrowhead Stadium (155K) worth of fans coming to Kansas City.

We're CrowdReady - a group of data scientists building actionable reports for Kansas City businesses. We pulled the numbers for Fern Bar specifically:

- who's coming (countries, ages, spending profile)
- when they'll be near you, hour by hour, on game day
- a Facebook/Instagram ad you can launch before kickoff— copy, audience, budget
- a day-of plan: when to staff up, what to stock, what to price up
- the single move with the highest projected revenue for Fern Bar

Worth taking a look? I can send over a quick Fern Bar snapshot today with the key numbers and the clearest opportunity we see.

If it's useful, 15 minutes on Zoom and I'll show you how to deploy it.

Cheers,
Jacob",
FALSE,FALSE,Crossroads Cantina,sports_bar,"1925 Baltimore Ave, Kansas City, MO 64108, USA",Kansas City,USA,,http://www.crossroadscantinakc.com/,info@crossroadscantinakc.com,valid,scraped_website,100,4.3,94,google_places_enriched,uptown_zone,6.1 miles,"Hi Crossroads Cantina team,

There's a World Cup game 6.1 miles from Crossroads Cantina, in less than 50 days, and 2× Arrowhead Stadium (155K) worth of fans coming to Kansas City.

We're CrowdReady - a group of data scientists building actionable reports for Kansas City businesses. We pulled the numbers for Crossroads Cantina specifically:

- who's coming (countries, ages, spending profile)
- when they'll be near you, hour by hour, on game day
- a Facebook/Instagram ad you can launch before kickoff— copy, audience, budget
- a day-of plan: when to staff up, what to stock, what to price up
- the single move with the highest projected revenue for Crossroads Cantina

Worth taking a look? I can send over a quick Crossroads Cantina snapshot today with the key numbers and the clearest opportunity we see.

If it's useful, 15 minutes on Zoom and I'll show you how to deploy it.

Cheers,
Lucas","Hi Crossroads Cantina team,

There's a World Cup game 6.1 miles from Crossroads Cantina, in less than 50 days, and 2× Arrowhead Stadium (155K) worth of fans coming to Kansas City.

We're CrowdReady - a group of data scientists building actionable reports for Kansas City businesses. We pulled the numbers for Crossroads Cantina specifically:

- who's coming (countries, ages, spending profile)
- when they'll be near you, hour by hour, on game day
- a Facebook/Instagram ad you can launch before kickoff— copy, audience, budget
- a day-of plan: when to staff up, what to stock, what to price up
- the single move with the highest projected revenue for Crossroads Cantina

Worth taking a look? I can send over a quick Crossroads Cantina snapshot today with the key numbers and the clearest opportunity we see.

If it's useful, 15 minutes on Zoom and I'll show you how to deploy it.

Cheers,
Anthony","Hi Crossroads Cantina team,

There's a World Cup game 6.1 miles from Crossroads Cantina, in less than 50 days, and 2× Arrowhead Stadium (155K) worth of fans coming to Kansas City.

We're CrowdReady - a group of data scientists building actionable reports for Kansas City businesses. We pulled the numbers for Crossroads Cantina specifically:

- who's coming (countries, ages, spending profile)
- when they'll be near you, hour by hour, on game day
- a Facebook/Instagram ad you can launch before kickoff— copy, audience, budget
- a day-of plan: when to staff up, what to stock, what to price up
- the single move with the highest projected revenue for Crossroads Cantina

Worth taking a look? I can send over a quick Crossroads Cantina snapshot today with the key numbers and the clearest opportunity we see.

If it's useful, 15 minutes on Zoom and I'll show you how to deploy it.

Cheers,
Jacob",
FALSE,FALSE,Brewery Emperial,sports_bar,"1829 Oak St, Kansas City, MO 64108, USA",Kansas City,USA,+1 816-610-8828,http://www.breweryemperial.com/,reservations@breweryemperial.com,valid,scraped_website,100,4.5,1182,google_places_enriched,uptown_zone,5.8 miles,"Hi Brewery Emperial team,

There's a World Cup game 5.8 miles from Brewery Emperial, in less than 50 days, and 2× Arrowhead Stadium (155K) worth of fans coming to Kansas City.

We're CrowdReady - a group of data scientists building actionable reports for Kansas City businesses. We pulled the numbers for Brewery Emperial specifically:

- who's coming (countries, ages, spending profile)
- when they'll be near you, hour by hour, on game day
- a Facebook/Instagram ad you can launch before kickoff— copy, audience, budget
- a day-of plan: when to staff up, what to stock, what to price up
- the single move with the highest projected revenue for Brewery Emperial

Worth taking a look? I can send over a quick Brewery Emperial snapshot today with the key numbers and the clearest opportunity we see.

If it's useful, 15 minutes on Zoom and I'll show you how to deploy it.

Cheers,
Lucas","Hi Brewery Emperial team,

There's a World Cup game 5.8 miles from Brewery Emperial, in less than 50 days, and 2× Arrowhead Stadium (155K) worth of fans coming to Kansas City.

We're CrowdReady - a group of data scientists building actionable reports for Kansas City businesses. We pulled the numbers for Brewery Emperial specifically:

- who's coming (countries, ages, spending profile)
- when they'll be near you, hour by hour, on game day
- a Facebook/Instagram ad you can launch before kickoff— copy, audience, budget
- a day-of plan: when to staff up, what to stock, what to price up
- the single move with the highest projected revenue for Brewery Emperial

Worth taking a look? I can send over a quick Brewery Emperial snapshot today with the key numbers and the clearest opportunity we see.

If it's useful, 15 minutes on Zoom and I'll show you how to deploy it.

Cheers,
Anthony","Hi Brewery Emperial team,

There's a World Cup game 5.8 miles from Brewery Emperial, in less than 50 days, and 2× Arrowhead Stadium (155K) worth of fans coming to Kansas City.

We're CrowdReady - a group of data scientists building actionable reports for Kansas City businesses. We pulled the numbers for Brewery Emperial specifically:

- who's coming (countries, ages, spending profile)
- when they'll be near you, hour by hour, on game day
- a Facebook/Instagram ad you can launch before kickoff— copy, audience, budget
- a day-of plan: when to staff up, what to stock, what to price up
- the single move with the highest projected revenue for Brewery Emperial

Worth taking a look? I can send over a quick Brewery Emperial snapshot today with the key numbers and the clearest opportunity we see.

If it's useful, 15 minutes on Zoom and I'll show you how to deploy it.

Cheers,
Jacob",
FALSE,FALSE,Spectators,sports_bar,"2345 McGee St, Kansas City, MO 64108, USA",Kansas City,USA,+1 816-398-4840,https://www.marriott.com/en-us/hotels/mcicr-sheraton-kansas-city-hotel-at-crown-center/dining/?scid=feed67b0-9a2f-4de1-8df6-114544116108,rosa.azuara@marriott.com,accept_all,hunter_search,94,3.3,86,google_places_enriched,uptown_zone,5.7 miles,"Hi Spectators team,

There's a World Cup game 5.7 miles from Spectators, in less than 50 days, and 2× Arrowhead Stadium (155K) worth of fans coming to Kansas City.

We're CrowdReady - a group of data scientists building actionable reports for Kansas City businesses. We pulled the numbers for Spectators specifically:

- who's coming (countries, ages, spending profile)
- when they'll be near you, hour by hour, on game day
- a Facebook/Instagram ad you can launch before kickoff— copy, audience, budget
- a day-of plan: when to staff up, what to stock, what to price up
- the single move with the highest projected revenue for Spectators

Worth taking a look? I can send over a quick Spectators snapshot today with the key numbers and the clearest opportunity we see.

If it's useful, 15 minutes on Zoom and I'll show you how to deploy it.

Cheers,
Lucas","Hi Spectators team,

There's a World Cup game 5.7 miles from Spectators, in less than 50 days, and 2× Arrowhead Stadium (155K) worth of fans coming to Kansas City.

We're CrowdReady - a group of data scientists building actionable reports for Kansas City businesses. We pulled the numbers for Spectators specifically:

- who's coming (countries, ages, spending profile)
- when they'll be near you, hour by hour, on game day
- a Facebook/Instagram ad you can launch before kickoff— copy, audience, budget
- a day-of plan: when to staff up, what to stock, what to price up
- the single move with the highest projected revenue for Spectators

Worth taking a look? I can send over a quick Spectators snapshot today with the key numbers and the clearest opportunity we see.

If it's useful, 15 minutes on Zoom and I'll show you how to deploy it.

Cheers,
Anthony","Hi Spectators team,

There's a World Cup game 5.7 miles from Spectators, in less than 50 days, and 2× Arrowhead Stadium (155K) worth of fans coming to Kansas City.

We're CrowdReady - a group of data scientists building actionable reports for Kansas City businesses. We pulled the numbers for Spectators specifically:

- who's coming (countries, ages, spending profile)
- when they'll be near you, hour by hour, on game day
- a Facebook/Instagram ad you can launch before kickoff— copy, audience, budget
- a day-of plan: when to staff up, what to stock, what to price up
- the single move with the highest projected revenue for Spectators

Worth taking a look? I can send over a quick Spectators snapshot today with the key numbers and the clearest opportunity we see.

If it's useful, 15 minutes on Zoom and I'll show you how to deploy it.

Cheers,
Jacob",
FALSE,FALSE,Westport Bar & Rec,sports_bar,"4120 Pennsylvania Ave, Kansas City, MO 64111, USA",Kansas City,USA,+1 816-371-8814,https://www.barreckc.com/,info@barreckc.com,accept_all,hunter_search,77,4.2,163,google_places_enriched,deep_ellum_zone,5.8 miles,"Hi Westport Bar & Rec team,

There's a World Cup game 5.8 miles from Westport Bar & Rec, in less than 50 days, and 2× Arrowhead Stadium (155K) worth of fans coming to Kansas City.

We're CrowdReady - a group of data scientists building actionable reports for Kansas City businesses. We pulled the numbers for Westport Bar & Rec specifically:

- who's coming (countries, ages, spending profile)
- when they'll be near you, hour by hour, on game day
- a Facebook/Instagram ad you can launch before kickoff— copy, audience, budget
- a day-of plan: when to staff up, what to stock, what to price up
- the single move with the highest projected revenue for Westport Bar & Rec

Worth taking a look? I can send over a quick Westport Bar & Rec snapshot today with the key numbers and the clearest opportunity we see.

If it's useful, 15 minutes on Zoom and I'll show you how to deploy it.

Cheers,
Lucas","Hi Westport Bar & Rec team,

There's a World Cup game 5.8 miles from Westport Bar & Rec, in less than 50 days, and 2× Arrowhead Stadium (155K) worth of fans coming to Kansas City.

We're CrowdReady - a group of data scientists building actionable reports for Kansas City businesses. We pulled the numbers for Westport Bar & Rec specifically:

- who's coming (countries, ages, spending profile)
- when they'll be near you, hour by hour, on game day
- a Facebook/Instagram ad you can launch before kickoff— copy, audience, budget
- a day-of plan: when to staff up, what to stock, what to price up
- the single move with the highest projected revenue for Westport Bar & Rec

Worth taking a look? I can send over a quick Westport Bar & Rec snapshot today with the key numbers and the clearest opportunity we see.

If it's useful, 15 minutes on Zoom and I'll show you how to deploy it.

Cheers,
Anthony","Hi Westport Bar & Rec team,

There's a World Cup game 5.8 miles from Westport Bar & Rec, in less than 50 days, and 2× Arrowhead Stadium (155K) worth of fans coming to Kansas City.

We're CrowdReady - a group of data scientists building actionable reports for Kansas City businesses. We pulled the numbers for Westport Bar & Rec specifically:

- who's coming (countries, ages, spending profile)
- when they'll be near you, hour by hour, on game day
- a Facebook/Instagram ad you can launch before kickoff— copy, audience, budget
- a day-of plan: when to staff up, what to stock, what to price up
- the single move with the highest projected revenue for Westport Bar & Rec

Worth taking a look? I can send over a quick Westport Bar & Rec snapshot today with the key numbers and the clearest opportunity we see.

If it's useful, 15 minutes on Zoom and I'll show you how to deploy it.

Cheers,
Jacob",
FALSE,FALSE,Harry's Bar & Tables,sports_bar,"501 Westport Rd, Kansas City, MO 64111, USA",Kansas City,USA,+1 816-561-3950,http://harrysbarandtables.com/,info@harrysbarandtables.com,valid,scraped_website,100,4.5,629,google_places_enriched,deep_ellum_zone,5.8 miles,"Hi Harry's Bar & Tables team,

There's a World Cup game 5.8 miles from Harry's Bar & Tables, in less than 50 days, and 2× Arrowhead Stadium (155K) worth of fans coming to Kansas City.

We're CrowdReady - a group of data scientists building actionable reports for Kansas City businesses. We pulled the numbers for Harry's Bar & Tables specifically:

- who's coming (countries, ages, spending profile)
- when they'll be near you, hour by hour, on game day
- a Facebook/Instagram ad you can launch before kickoff— copy, audience, budget
- a day-of plan: when to staff up, what to stock, what to price up
- the single move with the highest projected revenue for Harry's Bar & Tables

Worth taking a look? I can send over a quick Harry's Bar & Tables snapshot today with the key numbers and the clearest opportunity we see.

If it's useful, 15 minutes on Zoom and I'll show you how to deploy it.

Cheers,
Lucas","Hi Harry's Bar & Tables team,

There's a World Cup game 5.8 miles from Harry's Bar & Tables, in less than 50 days, and 2× Arrowhead Stadium (155K) worth of fans coming to Kansas City.

We're CrowdReady - a group of data scientists building actionable reports for Kansas City businesses. We pulled the numbers for Harry's Bar & Tables specifically:

- who's coming (countries, ages, spending profile)
- when they'll be near you, hour by hour, on game day
- a Facebook/Instagram ad you can launch before kickoff— copy, audience, budget
- a day-of plan: when to staff up, what to stock, what to price up
- the single move with the highest projected revenue for Harry's Bar & Tables

Worth taking a look? I can send over a quick Harry's Bar & Tables snapshot today with the key numbers and the clearest opportunity we see.

If it's useful, 15 minutes on Zoom and I'll show you how to deploy it.

Cheers,
Anthony","Hi Harry's Bar & Tables team,

There's a World Cup game 5.8 miles from Harry's Bar & Tables, in less than 50 days, and 2× Arrowhead Stadium (155K) worth of fans coming to Kansas City.

We're CrowdReady - a group of data scientists building actionable reports for Kansas City businesses. We pulled the numbers for Harry's Bar & Tables specifically:

- who's coming (countries, ages, spending profile)
- when they'll be near you, hour by hour, on game day
- a Facebook/Instagram ad you can launch before kickoff— copy, audience, budget
- a day-of plan: when to staff up, what to stock, what to price up
- the single move with the highest projected revenue for Harry's Bar & Tables

Worth taking a look? I can send over a quick Harry's Bar & Tables snapshot today with the key numbers and the clearest opportunity we see.

If it's useful, 15 minutes on Zoom and I'll show you how to deploy it.

Cheers,
Jacob",
FALSE,FALSE,Char Bar,sports_bar,"4050 Pennsylvania Ave, Kansas City, MO 64111, USA",Kansas City,USA,+1 816-389-8600,http://charbarbbq.com/?utm_source=gmb&utm_medium=yext,info@charbarbbq.com,valid,hunter_search,73,4.5,4935,google_places_enriched,deep_ellum_zone,5.8 miles,"Hi Char Bar team,

There's a World Cup game 5.8 miles from Char Bar, in less than 50 days, and 2× Arrowhead Stadium (155K) worth of fans coming to Kansas City.

We're CrowdReady - a group of data scientists building actionable reports for Kansas City businesses. We pulled the numbers for Char Bar specifically:

- who's coming (countries, ages, spending profile)
- when they'll be near you, hour by hour, on game day
- a Facebook/Instagram ad you can launch before kickoff— copy, audience, budget
- a day-of plan: when to staff up, what to stock, what to price up
- the single move with the highest projected revenue for Char Bar

Worth taking a look? I can send over a quick Char Bar snapshot today with the key numbers and the clearest opportunity we see.

If it's useful, 15 minutes on Zoom and I'll show you how to deploy it.

Cheers,
Lucas","Hi Char Bar team,

There's a World Cup game 5.8 miles from Char Bar, in less than 50 days, and 2× Arrowhead Stadium (155K) worth of fans coming to Kansas City.

We're CrowdReady - a group of data scientists building actionable reports for Kansas City businesses. We pulled the numbers for Char Bar specifically:

- who's coming (countries, ages, spending profile)
- when they'll be near you, hour by hour, on game day
- a Facebook/Instagram ad you can launch before kickoff— copy, audience, budget
- a day-of plan: when to staff up, what to stock, what to price up
- the single move with the highest projected revenue for Char Bar

Worth taking a look? I can send over a quick Char Bar snapshot today with the key numbers and the clearest opportunity we see.

If it's useful, 15 minutes on Zoom and I'll show you how to deploy it.

Cheers,
Anthony","Hi Char Bar team,

There's a World Cup game 5.8 miles from Char Bar, in less than 50 days, and 2× Arrowhead Stadium (155K) worth of fans coming to Kansas City.

We're CrowdReady - a group of data scientists building actionable reports for Kansas City businesses. We pulled the numbers for Char Bar specifically:

- who's coming (countries, ages, spending profile)
- when they'll be near you, hour by hour, on game day
- a Facebook/Instagram ad you can launch before kickoff— copy, audience, budget
- a day-of plan: when to staff up, what to stock, what to price up
- the single move with the highest projected revenue for Char Bar

Worth taking a look? I can send over a quick Char Bar snapshot today with the key numbers and the clearest opportunity we see.

If it's useful, 15 minutes on Zoom and I'll show you how to deploy it.

Cheers,
Jacob",
FALSE,FALSE,recordBar,sports_bar,"1520 Grand Blvd, Kansas City, MO 64108, USA",Kansas City,USA,+1 816-766-2527,http://www.therecordbar.com/,booking@therecordbar.com,valid,scraped_website,100,4.6,1462,google_places_enriched,deep_ellum_zone,6.1 miles,"Hi recordBar team,

There's a World Cup game 6.1 miles from recordBar, in less than 50 days, and 2× Arrowhead Stadium (155K) worth of fans coming to Kansas City.

We're CrowdReady - a group of data scientists building actionable reports for Kansas City businesses. We pulled the numbers for recordBar specifically:

- who's coming (countries, ages, spending profile)
- when they'll be near you, hour by hour, on game day
- a Facebook/Instagram ad you can launch before kickoff— copy, audience, budget
- a day-of plan: when to staff up, what to stock, what to price up
- the single move with the highest projected revenue for recordBar

Worth taking a look? I can send over a quick recordBar snapshot today with the key numbers and the clearest opportunity we see.

If it's useful, 15 minutes on Zoom and I'll show you how to deploy it.

Cheers,
Lucas","Hi recordBar team,

There's a World Cup game 6.1 miles from recordBar, in less than 50 days, and 2× Arrowhead Stadium (155K) worth of fans coming to Kansas City.

We're CrowdReady - a group of data scientists building actionable reports for Kansas City businesses. We pulled the numbers for recordBar specifically:

- who's coming (countries, ages, spending profile)
- when they'll be near you, hour by hour, on game day
- a Facebook/Instagram ad you can launch before kickoff— copy, audience, budget
- a day-of plan: when to staff up, what to stock, what to price up
- the single move with the highest projected revenue for recordBar

Worth taking a look? I can send over a quick recordBar snapshot today with the key numbers and the clearest opportunity we see.

If it's useful, 15 minutes on Zoom and I'll show you how to deploy it.

Cheers,
Anthony","Hi recordBar team,

There's a World Cup game 6.1 miles from recordBar, in less than 50 days, and 2× Arrowhead Stadium (155K) worth of fans coming to Kansas City.

We're CrowdReady - a group of data scientists building actionable reports for Kansas City businesses. We pulled the numbers for recordBar specifically:

- who's coming (countries, ages, spending profile)
- when they'll be near you, hour by hour, on game day
- a Facebook/Instagram ad you can launch before kickoff— copy, audience, budget
- a day-of plan: when to staff up, what to stock, what to price up
- the single move with the highest projected revenue for recordBar

Worth taking a look? I can send over a quick recordBar snapshot today with the key numbers and the clearest opportunity we see.

If it's useful, 15 minutes on Zoom and I'll show you how to deploy it.

Cheers,
Jacob",
FALSE,FALSE,Knuckleheads,sports_bar,"2715 Rochester Ave, Kansas City, MO 64120, USA",Kansas City,USA,+1 816-483-1456,http://www.knuckleheadskc.com/,frank@knuckleheadskc.com,accept_all,hunter_search,92,4.8,3752,google_places_enriched,deep_ellum_zone,6.0 miles,"Hi Knuckleheads team,

There's a World Cup game 6.0 miles from Knuckleheads, in less than 50 days, and 2× Arrowhead Stadium (155K) worth of fans coming to Kansas City.

We're CrowdReady - a group of data scientists building actionable reports for Kansas City businesses. We pulled the numbers for Knuckleheads specifically:

- who's coming (countries, ages, spending profile)
- when they'll be near you, hour by hour, on game day
- a Facebook/Instagram ad you can launch before kickoff— copy, audience, budget
- a day-of plan: when to staff up, what to stock, what to price up
- the single move with the highest projected revenue for Knuckleheads

Worth taking a look? I can send over a quick Knuckleheads snapshot today with the key numbers and the clearest opportunity we see.

If it's useful, 15 minutes on Zoom and I'll show you how to deploy it.

Cheers,
Lucas","Hi Knuckleheads team,

There's a World Cup game 6.0 miles from Knuckleheads, in less than 50 days, and 2× Arrowhead Stadium (155K) worth of fans coming to Kansas City.

We're CrowdReady - a group of data scientists building actionable reports for Kansas City businesses. We pulled the numbers for Knuckleheads specifically:

- who's coming (countries, ages, spending profile)
- when they'll be near you, hour by hour, on game day
- a Facebook/Instagram ad you can launch before kickoff— copy, audience, budget
- a day-of plan: when to staff up, what to stock, what to price up
- the single move with the highest projected revenue for Knuckleheads

Worth taking a look? I can send over a quick Knuckleheads snapshot today with the key numbers and the clearest opportunity we see.

If it's useful, 15 minutes on Zoom and I'll show you how to deploy it.

Cheers,
Anthony","Hi Knuckleheads team,

There's a World Cup game 6.0 miles from Knuckleheads, in less than 50 days, and 2× Arrowhead Stadium (155K) worth of fans coming to Kansas City.

We're CrowdReady - a group of data scientists building actionable reports for Kansas City businesses. We pulled the numbers for Knuckleheads specifically:

- who's coming (countries, ages, spending profile)
- when they'll be near you, hour by hour, on game day
- a Facebook/Instagram ad you can launch before kickoff— copy, audience, budget
- a day-of plan: when to staff up, what to stock, what to price up
- the single move with the highest projected revenue for Knuckleheads

Worth taking a look? I can send over a quick Knuckleheads snapshot today with the key numbers and the clearest opportunity we see.

If it's useful, 15 minutes on Zoom and I'll show you how to deploy it.

Cheers,
Jacob",
FALSE,FALSE,Madrid Theatre,sports_bar,"3810 Main St, Kansas City, MO 64111, USA",Kansas City,USA,+1 816-753-8880,https://www.madridtheatre.com/,info@madridtheatre.com,valid,scraped_website,100,4.6,614,google_places_enriched,deep_ellum_zone,5.5 miles,"Hi Madrid Theatre team,

There's a World Cup game 5.5 miles from Madrid Theatre, in less than 50 days, and 2× Arrowhead Stadium (155K) worth of fans coming to Kansas City.

We're CrowdReady - a group of data scientists building actionable reports for Kansas City businesses. We pulled the numbers for Madrid Theatre specifically:

- who's coming (countries, ages, spending profile)
- when they'll be near you, hour by hour, on game day
- a Facebook/Instagram ad you can launch before kickoff— copy, audience, budget
- a day-of plan: when to staff up, what to stock, what to price up
- the single move with the highest projected revenue for Madrid Theatre

Worth taking a look? I can send over a quick Madrid Theatre snapshot today with the key numbers and the clearest opportunity we see.

If it's useful, 15 minutes on Zoom and I'll show you how to deploy it.

Cheers,
Lucas","Hi Madrid Theatre team,

There's a World Cup game 5.5 miles from Madrid Theatre, in less than 50 days, and 2× Arrowhead Stadium (155K) worth of fans coming to Kansas City.

We're CrowdReady - a group of data scientists building actionable reports for Kansas City businesses. We pulled the numbers for Madrid Theatre specifically:

- who's coming (countries, ages, spending profile)
- when they'll be near you, hour by hour, on game day
- a Facebook/Instagram ad you can launch before kickoff— copy, audience, budget
- a day-of plan: when to staff up, what to stock, what to price up
- the single move with the highest projected revenue for Madrid Theatre

Worth taking a look? I can send over a quick Madrid Theatre snapshot today with the key numbers and the clearest opportunity we see.

If it's useful, 15 minutes on Zoom and I'll show you how to deploy it.

Cheers,
Anthony","Hi Madrid Theatre team,

There's a World Cup game 5.5 miles from Madrid Theatre, in less than 50 days, and 2× Arrowhead Stadium (155K) worth of fans coming to Kansas City.

We're CrowdReady - a group of data scientists building actionable reports for Kansas City businesses. We pulled the numbers for Madrid Theatre specifically:

- who's coming (countries, ages, spending profile)
- when they'll be near you, hour by hour, on game day
- a Facebook/Instagram ad you can launch before kickoff— copy, audience, budget
- a day-of plan: when to staff up, what to stock, what to price up
- the single move with the highest projected revenue for Madrid Theatre

Worth taking a look? I can send over a quick Madrid Theatre snapshot today with the key numbers and the clearest opportunity we see.

If it's useful, 15 minutes on Zoom and I'll show you how to deploy it.

Cheers,
Jacob",
FALSE,FALSE,Lobby Norte,hotel_bar,"Ave. Universidad Norte # 101. Col. Anáhuac, El Roble, 66450 Monterrey, N.L., Mexico",Monterrey,Mexico,+52 81 8158 0000,https://www.ihg.com/holidayinn/hotels/us/en/monterrey/mtymx/hoteldetail?cm_mmc=GoogleMaps-_-HI-_-MX-_-MTYMX,anthony.torres@ihg.com,valid,hunter_search,99,4.1,2973,seeded_real,arlington_hotels_zone,1.2 km,"Hi Lobby Norte team,

There's a World Cup game 1.2 km from Lobby Norte, in less than 50 days, and 2× Estadio BBVA (110K) worth of fans coming to Monterrey.

We're CrowdReady - a group of data scientists building actionable reports for Monterrey businesses. We pulled the numbers for Lobby Norte specifically:

- who's coming (countries, ages, spending profile)
- when they'll be near you, hour by hour, on game day
- a Facebook/Instagram ad you can launch before kickoff— copy, audience, budget
- a day-of plan: when to staff up, what to stock, what to price up
- the single move with the highest projected revenue for Lobby Norte

Worth taking a look? I can send over a quick Lobby Norte snapshot today with the key numbers and the clearest opportunity we see.

If it's useful, 15 minutes on Zoom and I'll show you how to deploy it.

Cheers,
Lucas","Hi Lobby Norte team,

There's a World Cup game 1.2 km from Lobby Norte, in less than 50 days, and 2× Estadio BBVA (110K) worth of fans coming to Monterrey.

We're CrowdReady - a group of data scientists building actionable reports for Monterrey businesses. We pulled the numbers for Lobby Norte specifically:

- who's coming (countries, ages, spending profile)
- when they'll be near you, hour by hour, on game day
- a Facebook/Instagram ad you can launch before kickoff— copy, audience, budget
- a day-of plan: when to staff up, what to stock, what to price up
- the single move with the highest projected revenue for Lobby Norte

Worth taking a look? I can send over a quick Lobby Norte snapshot today with the key numbers and the clearest opportunity we see.

If it's useful, 15 minutes on Zoom and I'll show you how to deploy it.

Cheers,
Anthony","Hi Lobby Norte team,

There's a World Cup game 1.2 km from Lobby Norte, in less than 50 days, and 2× Estadio BBVA (110K) worth of fans coming to Monterrey.

We're CrowdReady - a group of data scientists building actionable reports for Monterrey businesses. We pulled the numbers for Lobby Norte specifically:

- who's coming (countries, ages, spending profile)
- when they'll be near you, hour by hour, on game day
- a Facebook/Instagram ad you can launch before kickoff— copy, audience, budget
- a day-of plan: when to staff up, what to stock, what to price up
- the single move with the highest projected revenue for Lobby Norte

Worth taking a look? I can send over a quick Lobby Norte snapshot today with the key numbers and the clearest opportunity we see.

If it's useful, 15 minutes on Zoom and I'll show you how to deploy it.

Cheers,
Jacob",
FALSE,FALSE,Pabellon M Match Hall,sports_bar,"Edificio ocampo, Constitución S/N, Centro, 64000 Monterrey, N.L., Mexico",Monterrey,Mexico,+52 81 2090 8800,http://www.pabellonm.com/,contacto@pabellonm.com,valid,hunter_search,79,4.4,15419,seeded_real,downtown_zone,6.4 km,"Hi Pabellon M Match Hall team,

There's a World Cup game 6.4 km from Pabellon M Match Hall, in less than 50 days, and 2× Estadio BBVA (110K) worth of fans coming to Monterrey.

We're CrowdReady - a group of data scientists building actionable reports for Monterrey businesses. We pulled the numbers for Pabellon M Match Hall specifically:

- who's coming (countries, ages, spending profile)
- when they'll be near you, hour by hour, on game day
- a Facebook/Instagram ad you can launch before kickoff— copy, audience, budget
- a day-of plan: when to staff up, what to stock, what to price up
- the single move with the highest projected revenue for Pabellon M Match Hall

Worth taking a look? I can send over a quick Pabellon M Match Hall snapshot today with the key numbers and the clearest opportunity we see.

If it's useful, 15 minutes on Zoom and I'll show you how to deploy it.

Cheers,
Lucas","Hi Pabellon M Match Hall team,

There's a World Cup game 6.4 km from Pabellon M Match Hall, in less than 50 days, and 2× Estadio BBVA (110K) worth of fans coming to Monterrey.

We're CrowdReady - a group of data scientists building actionable reports for Monterrey businesses. We pulled the numbers for Pabellon M Match Hall specifically:

- who's coming (countries, ages, spending profile)
- when they'll be near you, hour by hour, on game day
- a Facebook/Instagram ad you can launch before kickoff— copy, audience, budget
- a day-of plan: when to staff up, what to stock, what to price up
- the single move with the highest projected revenue for Pabellon M Match Hall

Worth taking a look? I can send over a quick Pabellon M Match Hall snapshot today with the key numbers and the clearest opportunity we see.

If it's useful, 15 minutes on Zoom and I'll show you how to deploy it.

Cheers,
Anthony","Hi Pabellon M Match Hall team,

There's a World Cup game 6.4 km from Pabellon M Match Hall, in less than 50 days, and 2× Estadio BBVA (110K) worth of fans coming to Monterrey.

We're CrowdReady - a group of data scientists building actionable reports for Monterrey businesses. We pulled the numbers for Pabellon M Match Hall specifically:

- who's coming (countries, ages, spending profile)
- when they'll be near you, hour by hour, on game day
- a Facebook/Instagram ad you can launch before kickoff— copy, audience, budget
- a day-of plan: when to staff up, what to stock, what to price up
- the single move with the highest projected revenue for Pabellon M Match Hall

Worth taking a look? I can send over a quick Pabellon M Match Hall snapshot today with the key numbers and the clearest opportunity we see.

If it's useful, 15 minutes on Zoom and I'll show you how to deploy it.

Cheers,
Jacob",
FALSE,FALSE,SAFI Metropolitan,hotel,"Av Lázaro Cárdenas 2400, Valle Oriente, 66260 San Pedro Garza García, N.L., Mexico",Monterrey,Mexico,+52 81 8100 7080,https://safihotel.com/safi-monterrey-metropolitan/,eventos@safihotel.com,valid,hunter_search,99,4.5,1626,seeded_real,downtown_zone,7.7 km,"Hi SAFI Metropolitan team,

There's a World Cup game 7.7 km from SAFI Metropolitan, in less than 50 days, and 2× Estadio BBVA (110K) worth of fans coming to Monterrey.

We're CrowdReady - a group of data scientists building actionable reports for Monterrey businesses. We pulled the numbers for SAFI Metropolitan specifically:

- who's coming (countries, ages, spending profile)
- when they'll be near you, hour by hour, on game day
- a Facebook/Instagram ad you can launch before kickoff— copy, audience, budget
- a day-of plan: when to staff up, what to stock, what to price up
- the single move with the highest projected revenue for SAFI Metropolitan

Worth taking a look? I can send over a quick SAFI Metropolitan snapshot today with the key numbers and the clearest opportunity we see.

If it's useful, 15 minutes on Zoom and I'll show you how to deploy it.

Cheers,
Lucas","Hi SAFI Metropolitan team,

There's a World Cup game 7.7 km from SAFI Metropolitan, in less than 50 days, and 2× Estadio BBVA (110K) worth of fans coming to Monterrey.

We're CrowdReady - a group of data scientists building actionable reports for Monterrey businesses. We pulled the numbers for SAFI Metropolitan specifically:

- who's coming (countries, ages, spending profile)
- when they'll be near you, hour by hour, on game day
- a Facebook/Instagram ad you can launch before kickoff— copy, audience, budget
- a day-of plan: when to staff up, what to stock, what to price up
- the single move with the highest projected revenue for SAFI Metropolitan

Worth taking a look? I can send over a quick SAFI Metropolitan snapshot today with the key numbers and the clearest opportunity we see.

If it's useful, 15 minutes on Zoom and I'll show you how to deploy it.

Cheers,
Anthony","Hi SAFI Metropolitan team,

There's a World Cup game 7.7 km from SAFI Metropolitan, in less than 50 days, and 2× Estadio BBVA (110K) worth of fans coming to Monterrey.

We're CrowdReady - a group of data scientists building actionable reports for Monterrey businesses. We pulled the numbers for SAFI Metropolitan specifically:

- who's coming (countries, ages, spending profile)
- when they'll be near you, hour by hour, on game day
- a Facebook/Instagram ad you can launch before kickoff— copy, audience, budget
- a day-of plan: when to staff up, what to stock, what to price up
- the single move with the highest projected revenue for SAFI Metropolitan

Worth taking a look? I can send over a quick SAFI Metropolitan snapshot today with the key numbers and the clearest opportunity we see.

If it's useful, 15 minutes on Zoom and I'll show you how to deploy it.

Cheers,
Jacob",
FALSE,FALSE,Almacen 42,cocktail_bar,"José María Morelos 852, Barrio Antiguo, Centro, 64000 Monterrey, N.L., Mexico",Monterrey,Mexico,+52 81 2418 9460,http://www.almacen42.com/,mario@almacen42.com,valid,hunter_search,84,4.3,3317,seeded_real,deep_ellum_zone,5.9 km,"Hi Almacen 42 team,

There's a World Cup game 5.9 km from Almacen 42, in less than 50 days, and 2× Estadio BBVA (110K) worth of fans coming to Monterrey.

We're CrowdReady - a group of data scientists building actionable reports for Monterrey businesses. We pulled the numbers for Almacen 42 specifically:

- who's coming (countries, ages, spending profile)
- when they'll be near you, hour by hour, on game day
- a Facebook/Instagram ad you can launch before kickoff— copy, audience, budget
- a day-of plan: when to staff up, what to stock, what to price up
- the single move with the highest projected revenue for Almacen 42

Worth taking a look? I can send over a quick Almacen 42 snapshot today with the key numbers and the clearest opportunity we see.

If it's useful, 15 minutes on Zoom and I'll show you how to deploy it.

Cheers,
Lucas","Hi Almacen 42 team,

There's a World Cup game 5.9 km from Almacen 42, in less than 50 days, and 2× Estadio BBVA (110K) worth of fans coming to Monterrey.

We're CrowdReady - a group of data scientists building actionable reports for Monterrey businesses. We pulled the numbers for Almacen 42 specifically:

- who's coming (countries, ages, spending profile)
- when they'll be near you, hour by hour, on game day
- a Facebook/Instagram ad you can launch before kickoff— copy, audience, budget
- a day-of plan: when to staff up, what to stock, what to price up
- the single move with the highest projected revenue for Almacen 42

Worth taking a look? I can send over a quick Almacen 42 snapshot today with the key numbers and the clearest opportunity we see.

If it's useful, 15 minutes on Zoom and I'll show you how to deploy it.

Cheers,
Anthony","Hi Almacen 42 team,

There's a World Cup game 5.9 km from Almacen 42, in less than 50 days, and 2× Estadio BBVA (110K) worth of fans coming to Monterrey.

We're CrowdReady - a group of data scientists building actionable reports for Monterrey businesses. We pulled the numbers for Almacen 42 specifically:

- who's coming (countries, ages, spending profile)
- when they'll be near you, hour by hour, on game day
- a Facebook/Instagram ad you can launch before kickoff— copy, audience, budget
- a day-of plan: when to staff up, what to stock, what to price up
- the single move with the highest projected revenue for Almacen 42

Worth taking a look? I can send over a quick Almacen 42 snapshot today with the key numbers and the clearest opportunity we see.

If it's useful, 15 minutes on Zoom and I'll show you how to deploy it.

Cheers,
Jacob",
FALSE,FALSE,Camino Real Monterrey,hotel,"Lázaro Cárdenas 1002 Col Delegación Valle Oriente San Pedro Garza García, Zona San Agustín, 66260 Monterrey, N.L., Mexico",Monterrey,Mexico,+52 81 1223 3200,https://www.caminoreal.com/caminoreal/camino-real-fashion-drive-monterrey,emilio.pena@caminoreal.com,valid,hunter_search,99,4.5,1725,seeded_real,downtown_zone,11 km,"Hi Camino Real Monterrey team,

There's a World Cup game 11 km from Camino Real Monterrey, in less than 50 days, and 2× Estadio BBVA (110K) worth of fans coming to Monterrey.

We're CrowdReady - a group of data scientists building actionable reports for Monterrey businesses. We pulled the numbers for Camino Real Monterrey specifically:

- who's coming (countries, ages, spending profile)
- when they'll be near you, hour by hour, on game day
- a Facebook/Instagram ad you can launch before kickoff— copy, audience, budget
- a day-of plan: when to staff up, what to stock, what to price up
- the single move with the highest projected revenue for Camino Real Monterrey

Worth taking a look? I can send over a quick Camino Real Monterrey snapshot today with the key numbers and the clearest opportunity we see.

If it's useful, 15 minutes on Zoom and I'll show you how to deploy it.

Cheers,
Lucas","Hi Camino Real Monterrey team,

There's a World Cup game 11 km from Camino Real Monterrey, in less than 50 days, and 2× Estadio BBVA (110K) worth of fans coming to Monterrey.

We're CrowdReady - a group of data scientists building actionable reports for Monterrey businesses. We pulled the numbers for Camino Real Monterrey specifically:

- who's coming (countries, ages, spending profile)
- when they'll be near you, hour by hour, on game day
- a Facebook/Instagram ad you can launch before kickoff— copy, audience, budget
- a day-of plan: when to staff up, what to stock, what to price up
- the single move with the highest projected revenue for Camino Real Monterrey

Worth taking a look? I can send over a quick Camino Real Monterrey snapshot today with the key numbers and the clearest opportunity we see.

If it's useful, 15 minutes on Zoom and I'll show you how to deploy it.

Cheers,
Anthony","Hi Camino Real Monterrey team,

There's a World Cup game 11 km from Camino Real Monterrey, in less than 50 days, and 2× Estadio BBVA (110K) worth of fans coming to Monterrey.

We're CrowdReady - a group of data scientists building actionable reports for Monterrey businesses. We pulled the numbers for Camino Real Monterrey specifically:

- who's coming (countries, ages, spending profile)
- when they'll be near you, hour by hour, on game day
- a Facebook/Instagram ad you can launch before kickoff— copy, audience, budget
- a day-of plan: when to staff up, what to stock, what to price up
- the single move with the highest projected revenue for Camino Real Monterrey

Worth taking a look? I can send over a quick Camino Real Monterrey snapshot today with the key numbers and the clearest opportunity we see.

If it's useful, 15 minutes on Zoom and I'll show you how to deploy it.

Cheers,
Jacob",
FALSE,FALSE,The Old Mike,sports_bar,"Av. las Americas 620-local 8, Riberas del Contry, 67170 Guadalupe, N.L., Mexico",Monterrey,Mexico,+52 81 2343 3462,https://www.instagram.com/the.oldmike/,soniaalam@instagram.com,accept_all,hunter_search,94,4.4,147,google_places_enriched,texas_live_zone,0.6 km,"Hi The Old Mike team,

There's a World Cup game 0.6 km from The Old Mike, in less than 50 days, and 2× Estadio BBVA (110K) worth of fans coming to Monterrey.

We're CrowdReady - a group of data scientists building actionable reports for Monterrey businesses. We pulled the numbers for The Old Mike specifically:

- who's coming (countries, ages, spending profile)
- when they'll be near you, hour by hour, on game day
- a Facebook/Instagram ad you can launch before kickoff— copy, audience, budget
- a day-of plan: when to staff up, what to stock, what to price up
- the single move with the highest projected revenue for The Old Mike

Worth taking a look? I can send over a quick The Old Mike snapshot today with the key numbers and the clearest opportunity we see.

If it's useful, 15 minutes on Zoom and I'll show you how to deploy it.

Cheers,
Lucas","Hi The Old Mike team,

There's a World Cup game 0.6 km from The Old Mike, in less than 50 days, and 2× Estadio BBVA (110K) worth of fans coming to Monterrey.

We're CrowdReady - a group of data scientists building actionable reports for Monterrey businesses. We pulled the numbers for The Old Mike specifically:

- who's coming (countries, ages, spending profile)
- when they'll be near you, hour by hour, on game day
- a Facebook/Instagram ad you can launch before kickoff— copy, audience, budget
- a day-of plan: when to staff up, what to stock, what to price up
- the single move with the highest projected revenue for The Old Mike

Worth taking a look? I can send over a quick The Old Mike snapshot today with the key numbers and the clearest opportunity we see.

If it's useful, 15 minutes on Zoom and I'll show you how to deploy it.

Cheers,
Anthony","Hi The Old Mike team,

There's a World Cup game 0.6 km from The Old Mike, in less than 50 days, and 2× Estadio BBVA (110K) worth of fans coming to Monterrey.

We're CrowdReady - a group of data scientists building actionable reports for Monterrey businesses. We pulled the numbers for The Old Mike specifically:

- who's coming (countries, ages, spending profile)
- when they'll be near you, hour by hour, on game day
- a Facebook/Instagram ad you can launch before kickoff— copy, audience, budget
- a day-of plan: when to staff up, what to stock, what to price up
- the single move with the highest projected revenue for The Old Mike

Worth taking a look? I can send over a quick The Old Mike snapshot today with the key numbers and the clearest opportunity we see.

If it's useful, 15 minutes on Zoom and I'll show you how to deploy it.

Cheers,
Jacob",
FALSE,FALSE,Zitla Y Zicatela Restaurante Bar,sports_bar,"Av. Pablo Livas 2500-Local 28, La Silla, 64700 Guadalupe, N.L., Mexico",Monterrey,Mexico,+52 81 8398 6227,https://instagram.com/zitlayzicatela?igshid=MDM4ZDc5MmU=,soniaalam@instagram.com,accept_all,hunter_search,94,4.2,983,google_places_enriched,texas_live_zone,0.9 km,"Hi Zitla Y Zicatela Restaurante Bar team,

There's a World Cup game 0.9 km from Zitla Y Zicatela Restaurante Bar, in less than 50 days, and 2× Estadio BBVA (110K) worth of fans coming to Monterrey.

We're CrowdReady - a group of data scientists building actionable reports for Monterrey businesses. We pulled the numbers for Zitla Y Zicatela Restaurante Bar specifically:

- who's coming (countries, ages, spending profile)
- when they'll be near you, hour by hour, on game day
- a Facebook/Instagram ad you can launch before kickoff— copy, audience, budget
- a day-of plan: when to staff up, what to stock, what to price up
- the single move with the highest projected revenue for Zitla Y Zicatela Restaurante Bar

Worth taking a look? I can send over a quick Zitla Y Zicatela Restaurante Bar snapshot today with the key numbers and the clearest opportunity we see.

If it's useful, 15 minutes on Zoom and I'll show you how to deploy it.

Cheers,
Lucas","Hi Zitla Y Zicatela Restaurante Bar team,

There's a World Cup game 0.9 km from Zitla Y Zicatela Restaurante Bar, in less than 50 days, and 2× Estadio BBVA (110K) worth of fans coming to Monterrey.

We're CrowdReady - a group of data scientists building actionable reports for Monterrey businesses. We pulled the numbers for Zitla Y Zicatela Restaurante Bar specifically:

- who's coming (countries, ages, spending profile)
- when they'll be near you, hour by hour, on game day
- a Facebook/Instagram ad you can launch before kickoff— copy, audience, budget
- a day-of plan: when to staff up, what to stock, what to price up
- the single move with the highest projected revenue for Zitla Y Zicatela Restaurante Bar

Worth taking a look? I can send over a quick Zitla Y Zicatela Restaurante Bar snapshot today with the key numbers and the clearest opportunity we see.

If it's useful, 15 minutes on Zoom and I'll show you how to deploy it.

Cheers,
Anthony","Hi Zitla Y Zicatela Restaurante Bar team,

There's a World Cup game 0.9 km from Zitla Y Zicatela Restaurante Bar, in less than 50 days, and 2× Estadio BBVA (110K) worth of fans coming to Monterrey.

We're CrowdReady - a group of data scientists building actionable reports for Monterrey businesses. We pulled the numbers for Zitla Y Zicatela Restaurante Bar specifically:

- who's coming (countries, ages, spending profile)
- when they'll be near you, hour by hour, on game day
- a Facebook/Instagram ad you can launch before kickoff— copy, audience, budget
- a day-of plan: when to staff up, what to stock, what to price up
- the single move with the highest projected revenue for Zitla Y Zicatela Restaurante Bar

Worth taking a look? I can send over a quick Zitla Y Zicatela Restaurante Bar snapshot today with the key numbers and the clearest opportunity we see.

If it's useful, 15 minutes on Zoom and I'll show you how to deploy it.

Cheers,
Jacob",
FALSE,FALSE,El Guayabo,sports_bar,"Industrias del Ote. 4105, Villa Española, 67118 Guadalupe, N.L., Mexico",Monterrey,Mexico,+52 81 8364 7645,http://linktr.ee/elguayabomty,tim@linktr.ee,valid,hunter_search,94,4.6,2078,google_places_enriched,texas_live_zone,4.6 km,"Hi El Guayabo team,

There's a World Cup game 4.6 km from El Guayabo, in less than 50 days, and 2× Estadio BBVA (110K) worth of fans coming to Monterrey.

We're CrowdReady - a group of data scientists building actionable reports for Monterrey businesses. We pulled the numbers for El Guayabo specifically:

- who's coming (countries, ages, spending profile)
- when they'll be near you, hour by hour, on game day
- a Facebook/Instagram ad you can launch before kickoff— copy, audience, budget
- a day-of plan: when to staff up, what to stock, what to price up
- the single move with the highest projected revenue for El Guayabo

Worth taking a look? I can send over a quick El Guayabo snapshot today with the key numbers and the clearest opportunity we see.

If it's useful, 15 minutes on Zoom and I'll show you how to deploy it.

Cheers,
Lucas","Hi El Guayabo team,

There's a World Cup game 4.6 km from El Guayabo, in less than 50 days, and 2× Estadio BBVA (110K) worth of fans coming to Monterrey.

We're CrowdReady - a group of data scientists building actionable reports for Monterrey businesses. We pulled the numbers for El Guayabo specifically:

- who's coming (countries, ages, spending profile)
- when they'll be near you, hour by hour, on game day
- a Facebook/Instagram ad you can launch before kickoff— copy, audience, budget
- a day-of plan: when to staff up, what to stock, what to price up
- the single move with the highest projected revenue for El Guayabo

Worth taking a look? I can send over a quick El Guayabo snapshot today with the key numbers and the clearest opportunity we see.

If it's useful, 15 minutes on Zoom and I'll show you how to deploy it.

Cheers,
Anthony","Hi El Guayabo team,

There's a World Cup game 4.6 km from El Guayabo, in less than 50 days, and 2× Estadio BBVA (110K) worth of fans coming to Monterrey.

We're CrowdReady - a group of data scientists building actionable reports for Monterrey businesses. We pulled the numbers for El Guayabo specifically:

- who's coming (countries, ages, spending profile)
- when they'll be near you, hour by hour, on game day
- a Facebook/Instagram ad you can launch before kickoff— copy, audience, budget
- a day-of plan: when to staff up, what to stock, what to price up
- the single move with the highest projected revenue for El Guayabo

Worth taking a look? I can send over a quick El Guayabo snapshot today with the key numbers and the clearest opportunity we see.

If it's useful, 15 minutes on Zoom and I'll show you how to deploy it.

Cheers,
Jacob",
FALSE,FALSE,La Divina Linda Vista,sports_bar,"Av. Miguel Alemán 4443, Linda Vista, 67123 Guadalupe, N.L., Mexico",Monterrey,Mexico,+52 81 8334 8044,http://www.instagram.com/ladivinamty/,soniaalam@instagram.com,accept_all,hunter_search,94,4.6,1095,google_places_enriched,texas_live_zone,2.6 km,"Hi La Divina Linda Vista team,

There's a World Cup game 2.6 km from La Divina Linda Vista, in less than 50 days, and 2× Estadio BBVA (110K) worth of fans coming to Monterrey.

We're CrowdReady - a group of data scientists building actionable reports for Monterrey businesses. We pulled the numbers for La Divina Linda Vista specifically:

- who's coming (countries, ages, spending profile)
- when they'll be near you, hour by hour, on game day
- a Facebook/Instagram ad you can launch before kickoff— copy, audience, budget
- a day-of plan: when to staff up, what to stock, what to price up
- the single move with the highest projected revenue for La Divina Linda Vista

Worth taking a look? I can send over a quick La Divina Linda Vista snapshot today with the key numbers and the clearest opportunity we see.

If it's useful, 15 minutes on Zoom and I'll show you how to deploy it.

Cheers,
Lucas","Hi La Divina Linda Vista team,

There's a World Cup game 2.6 km from La Divina Linda Vista, in less than 50 days, and 2× Estadio BBVA (110K) worth of fans coming to Monterrey.

We're CrowdReady - a group of data scientists building actionable reports for Monterrey businesses. We pulled the numbers for La Divina Linda Vista specifically:

- who's coming (countries, ages, spending profile)
- when they'll be near you, hour by hour, on game day
- a Facebook/Instagram ad you can launch before kickoff— copy, audience, budget
- a day-of plan: when to staff up, what to stock, what to price up
- the single move with the highest projected revenue for La Divina Linda Vista

Worth taking a look? I can send over a quick La Divina Linda Vista snapshot today with the key numbers and the clearest opportunity we see.

If it's useful, 15 minutes on Zoom and I'll show you how to deploy it.

Cheers,
Anthony","Hi La Divina Linda Vista team,

There's a World Cup game 2.6 km from La Divina Linda Vista, in less than 50 days, and 2× Estadio BBVA (110K) worth of fans coming to Monterrey.

We're CrowdReady - a group of data scientists building actionable reports for Monterrey businesses. We pulled the numbers for La Divina Linda Vista specifically:

- who's coming (countries, ages, spending profile)
- when they'll be near you, hour by hour, on game day
- a Facebook/Instagram ad you can launch before kickoff— copy, audience, budget
- a day-of plan: when to staff up, what to stock, what to price up
- the single move with the highest projected revenue for La Divina Linda Vista

Worth taking a look? I can send over a quick La Divina Linda Vista snapshot today with the key numbers and the clearest opportunity we see.

If it's useful, 15 minutes on Zoom and I'll show you how to deploy it.

Cheers,
Jacob",
FALSE,FALSE,El Lugar de Max,sports_bar,"Gral. Plutarco Elías Calles 226, Azteca, 67150 Monterrey, N.L., Mexico",Monterrey,Mexico,+52 81 8337 2665,https://www.lugardemax.com/,facturacion@lugardemax.com,accept_all,scraped_website,81,4.6,9024,google_places_enriched,texas_live_zone,1.3 km,"Hi El Lugar de Max team,

There's a World Cup game 1.3 km from El Lugar de Max, in less than 50 days, and 2× Estadio BBVA (110K) worth of fans coming to Monterrey.

We're CrowdReady - a group of data scientists building actionable reports for Monterrey businesses. We pulled the numbers for El Lugar de Max specifically:

- who's coming (countries, ages, spending profile)
- when they'll be near you, hour by hour, on game day
- a Facebook/Instagram ad you can launch before kickoff— copy, audience, budget
- a day-of plan: when to staff up, what to stock, what to price up
- the single move with the highest projected revenue for El Lugar de Max

Worth taking a look? I can send over a quick El Lugar de Max snapshot today with the key numbers and the clearest opportunity we see.

If it's useful, 15 minutes on Zoom and I'll show you how to deploy it.

Cheers,
Lucas","Hi El Lugar de Max team,

There's a World Cup game 1.3 km from El Lugar de Max, in less than 50 days, and 2× Estadio BBVA (110K) worth of fans coming to Monterrey.

We're CrowdReady - a group of data scientists building actionable reports for Monterrey businesses. We pulled the numbers for El Lugar de Max specifically:

- who's coming (countries, ages, spending profile)
- when they'll be near you, hour by hour, on game day
- a Facebook/Instagram ad you can launch before kickoff— copy, audience, budget
- a day-of plan: when to staff up, what to stock, what to price up
- the single move with the highest projected revenue for El Lugar de Max

Worth taking a look? I can send over a quick El Lugar de Max snapshot today with the key numbers and the clearest opportunity we see.

If it's useful, 15 minutes on Zoom and I'll show you how to deploy it.

Cheers,
Anthony","Hi El Lugar de Max team,

There's a World Cup game 1.3 km from El Lugar de Max, in less than 50 days, and 2× Estadio BBVA (110K) worth of fans coming to Monterrey.

We're CrowdReady - a group of data scientists building actionable reports for Monterrey businesses. We pulled the numbers for El Lugar de Max specifically:

- who's coming (countries, ages, spending profile)
- when they'll be near you, hour by hour, on game day
- a Facebook/Instagram ad you can launch before kickoff— copy, audience, budget
- a day-of plan: when to staff up, what to stock, what to price up
- the single move with the highest projected revenue for El Lugar de Max

Worth taking a look? I can send over a quick El Lugar de Max snapshot today with the key numbers and the clearest opportunity we see.

If it's useful, 15 minutes on Zoom and I'll show you how to deploy it.

Cheers,
Jacob",
FALSE,FALSE,Hotel Privada Guadalupe,hotel,"C. Washington 1057, Centro, 64000 Monterrey, N.L., Mexico",Monterrey,Mexico,+52 81 8343 0741,http://www.privadaguadalupe.com.mx/,contacto@privadaguadalupe.com.mx,valid,scraped_website,100,4.1,534,google_places_enriched,arlington_hotels_zone,6.0 km,"Hi Hotel Privada Guadalupe team,

There's a World Cup game 6.0 km from Hotel Privada Guadalupe, in less than 50 days, and 2× Estadio BBVA (110K) worth of fans coming to Monterrey.

We're CrowdReady - a group of data scientists building actionable reports for Monterrey businesses. We pulled the numbers for Hotel Privada Guadalupe specifically:

- who's coming (countries, ages, spending profile)
- when they'll be near you, hour by hour, on game day
- a Facebook/Instagram ad you can launch before kickoff— copy, audience, budget
- a day-of plan: when to staff up, what to stock, what to price up
- the single move with the highest projected revenue for Hotel Privada Guadalupe

Worth taking a look? I can send over a quick Hotel Privada Guadalupe snapshot today with the key numbers and the clearest opportunity we see.

If it's useful, 15 minutes on Zoom and I'll show you how to deploy it.

Cheers,
Lucas","Hi Hotel Privada Guadalupe team,

There's a World Cup game 6.0 km from Hotel Privada Guadalupe, in less than 50 days, and 2× Estadio BBVA (110K) worth of fans coming to Monterrey.

We're CrowdReady - a group of data scientists building actionable reports for Monterrey businesses. We pulled the numbers for Hotel Privada Guadalupe specifically:

- who's coming (countries, ages, spending profile)
- when they'll be near you, hour by hour, on game day
- a Facebook/Instagram ad you can launch before kickoff— copy, audience, budget
- a day-of plan: when to staff up, what to stock, what to price up
- the single move with the highest projected revenue for Hotel Privada Guadalupe

Worth taking a look? I can send over a quick Hotel Privada Guadalupe snapshot today with the key numbers and the clearest opportunity we see.

If it's useful, 15 minutes on Zoom and I'll show you how to deploy it.

Cheers,
Anthony","Hi Hotel Privada Guadalupe team,

There's a World Cup game 6.0 km from Hotel Privada Guadalupe, in less than 50 days, and 2× Estadio BBVA (110K) worth of fans coming to Monterrey.

We're CrowdReady - a group of data scientists building actionable reports for Monterrey businesses. We pulled the numbers for Hotel Privada Guadalupe specifically:

- who's coming (countries, ages, spending profile)
- when they'll be near you, hour by hour, on game day
- a Facebook/Instagram ad you can launch before kickoff— copy, audience, budget
- a day-of plan: when to staff up, what to stock, what to price up
- the single move with the highest projected revenue for Hotel Privada Guadalupe

Worth taking a look? I can send over a quick Hotel Privada Guadalupe snapshot today with the key numbers and the clearest opportunity we see.

If it's useful, 15 minutes on Zoom and I'll show you how to deploy it.

Cheers,
Jacob",
FALSE,FALSE,Hotel Ecovergel Santa Lucía,hotel,"Ignacio Allende 920, Centro, 64000 Monterrey, N.L., Mexico",Monterrey,Mexico,+52 81 2028 2060,http://www.ecovergel.com/,gerenciabarrio@ecovergel.com,valid,hunter_search,10,4.2,88,google_places_enriched,arlington_hotels_zone,6.3 km,"Hi Hotel Ecovergel Santa Lucía team,

There's a World Cup game 6.3 km from Hotel Ecovergel Santa Lucía, in less than 50 days, and 2× Estadio BBVA (110K) worth of fans coming to Monterrey.

We're CrowdReady - a group of data scientists building actionable reports for Monterrey businesses. We pulled the numbers for Hotel Ecovergel Santa Lucía specifically:

- who's coming (countries, ages, spending profile)
- when they'll be near you, hour by hour, on game day
- a Facebook/Instagram ad you can launch before kickoff— copy, audience, budget
- a day-of plan: when to staff up, what to stock, what to price up
- the single move with the highest projected revenue for Hotel Ecovergel Santa Lucía

Worth taking a look? I can send over a quick Hotel Ecovergel Santa Lucía snapshot today with the key numbers and the clearest opportunity we see.

If it's useful, 15 minutes on Zoom and I'll show you how to deploy it.

Cheers,
Lucas","Hi Hotel Ecovergel Santa Lucía team,

There's a World Cup game 6.3 km from Hotel Ecovergel Santa Lucía, in less than 50 days, and 2× Estadio BBVA (110K) worth of fans coming to Monterrey.

We're CrowdReady - a group of data scientists building actionable reports for Monterrey businesses. We pulled the numbers for Hotel Ecovergel Santa Lucía specifically:

- who's coming (countries, ages, spending profile)
- when they'll be near you, hour by hour, on game day
- a Facebook/Instagram ad you can launch before kickoff— copy, audience, budget
- a day-of plan: when to staff up, what to stock, what to price up
- the single move with the highest projected revenue for Hotel Ecovergel Santa Lucía

Worth taking a look? I can send over a quick Hotel Ecovergel Santa Lucía snapshot today with the key numbers and the clearest opportunity we see.

If it's useful, 15 minutes on Zoom and I'll show you how to deploy it.

Cheers,
Anthony","Hi Hotel Ecovergel Santa Lucía team,

There's a World Cup game 6.3 km from Hotel Ecovergel Santa Lucía, in less than 50 days, and 2× Estadio BBVA (110K) worth of fans coming to Monterrey.

We're CrowdReady - a group of data scientists building actionable reports for Monterrey businesses. We pulled the numbers for Hotel Ecovergel Santa Lucía specifically:

- who's coming (countries, ages, spending profile)
- when they'll be near you, hour by hour, on game day
- a Facebook/Instagram ad you can launch before kickoff— copy, audience, budget
- a day-of plan: when to staff up, what to stock, what to price up
- the single move with the highest projected revenue for Hotel Ecovergel Santa Lucía

Worth taking a look? I can send over a quick Hotel Ecovergel Santa Lucía snapshot today with the key numbers and the clearest opportunity we see.

If it's useful, 15 minutes on Zoom and I'll show you how to deploy it.

Cheers,
Jacob",
FALSE,FALSE,Hoteles Antigua - Casona Allende,hotel,"Ignacio Allende 1113, Centro, 64000 Monterrey, N.L., Mexico",Monterrey,Mexico,+52 81 3038 3233,https://hotelesantigua.mx/,ar@hotelesantigua.mx,valid,scraped_website,89,4.8,191,google_places_enriched,arlington_hotels_zone,6.1 km,"Hi Hoteles Antigua - Casona Allende team,

There's a World Cup game 6.1 km from Hoteles Antigua - Casona Allende, in less than 50 days, and 2× Estadio BBVA (110K) worth of fans coming to Monterrey.

We're CrowdReady - a group of data scientists building actionable reports for Monterrey businesses. We pulled the numbers for Hoteles Antigua - Casona Allende specifically:

- who's coming (countries, ages, spending profile)
- when they'll be near you, hour by hour, on game day
- a Facebook/Instagram ad you can launch before kickoff— copy, audience, budget
- a day-of plan: when to staff up, what to stock, what to price up
- the single move with the highest projected revenue for Hoteles Antigua - Casona Allende

Worth taking a look? I can send over a quick Hoteles Antigua - Casona Allende snapshot today with the key numbers and the clearest opportunity we see.

If it's useful, 15 minutes on Zoom and I'll show you how to deploy it.

Cheers,
Lucas","Hi Hoteles Antigua - Casona Allende team,

There's a World Cup game 6.1 km from Hoteles Antigua - Casona Allende, in less than 50 days, and 2× Estadio BBVA (110K) worth of fans coming to Monterrey.

We're CrowdReady - a group of data scientists building actionable reports for Monterrey businesses. We pulled the numbers for Hoteles Antigua - Casona Allende specifically:

- who's coming (countries, ages, spending profile)
- when they'll be near you, hour by hour, on game day
- a Facebook/Instagram ad you can launch before kickoff— copy, audience, budget
- a day-of plan: when to staff up, what to stock, what to price up
- the single move with the highest projected revenue for Hoteles Antigua - Casona Allende

Worth taking a look? I can send over a quick Hoteles Antigua - Casona Allende snapshot today with the key numbers and the clearest opportunity we see.

If it's useful, 15 minutes on Zoom and I'll show you how to deploy it.

Cheers,
Anthony","Hi Hoteles Antigua - Casona Allende team,

There's a World Cup game 6.1 km from Hoteles Antigua - Casona Allende, in less than 50 days, and 2× Estadio BBVA (110K) worth of fans coming to Monterrey.

We're CrowdReady - a group of data scientists building actionable reports for Monterrey businesses. We pulled the numbers for Hoteles Antigua - Casona Allende specifically:

- who's coming (countries, ages, spending profile)
- when they'll be near you, hour by hour, on game day
- a Facebook/Instagram ad you can launch before kickoff— copy, audience, budget
- a day-of plan: when to staff up, what to stock, what to price up
- the single move with the highest projected revenue for Hoteles Antigua - Casona Allende

Worth taking a look? I can send over a quick Hoteles Antigua - Casona Allende snapshot today with the key numbers and the clearest opportunity we see.

If it's useful, 15 minutes on Zoom and I'll show you how to deploy it.

Cheers,
Jacob",
FALSE,FALSE,Hoteles Antigua - Santa Lucía MTY,hotel,"Nicolás Martínez 610, Centro, 64000 Monterrey, N.L., Mexico",Monterrey,Mexico,+52 81 3038 3233,https://hotelesantigua.mx/,ar@hotelesantigua.mx,valid,scraped_website,89,4.7,193,google_places_enriched,arlington_hotels_zone,6.1 km,"Hi Hoteles Antigua - Santa Lucía MTY team,

There's a World Cup game 6.1 km from Hoteles Antigua - Santa Lucía MTY, in less than 50 days, and 2× Estadio BBVA (110K) worth of fans coming to Monterrey.

We're CrowdReady - a group of data scientists building actionable reports for Monterrey businesses. We pulled the numbers for Hoteles Antigua - Santa Lucía MTY specifically:

- who's coming (countries, ages, spending profile)
- when they'll be near you, hour by hour, on game day
- a Facebook/Instagram ad you can launch before kickoff— copy, audience, budget
- a day-of plan: when to staff up, what to stock, what to price up
- the single move with the highest projected revenue for Hoteles Antigua - Santa Lucía MTY

Worth taking a look? I can send over a quick Hoteles Antigua - Santa Lucía MTY snapshot today with the key numbers and the clearest opportunity we see.

If it's useful, 15 minutes on Zoom and I'll show you how to deploy it.

Cheers,
Lucas","Hi Hoteles Antigua - Santa Lucía MTY team,

There's a World Cup game 6.1 km from Hoteles Antigua - Santa Lucía MTY, in less than 50 days, and 2× Estadio BBVA (110K) worth of fans coming to Monterrey.

We're CrowdReady - a group of data scientists building actionable reports for Monterrey businesses. We pulled the numbers for Hoteles Antigua - Santa Lucía MTY specifically:

- who's coming (countries, ages, spending profile)
- when they'll be near you, hour by hour, on game day
- a Facebook/Instagram ad you can launch before kickoff— copy, audience, budget
- a day-of plan: when to staff up, what to stock, what to price up
- the single move with the highest projected revenue for Hoteles Antigua - Santa Lucía MTY

Worth taking a look? I can send over a quick Hoteles Antigua - Santa Lucía MTY snapshot today with the key numbers and the clearest opportunity we see.

If it's useful, 15 minutes on Zoom and I'll show you how to deploy it.

Cheers,
Anthony","Hi Hoteles Antigua - Santa Lucía MTY team,

There's a World Cup game 6.1 km from Hoteles Antigua - Santa Lucía MTY, in less than 50 days, and 2× Estadio BBVA (110K) worth of fans coming to Monterrey.

We're CrowdReady - a group of data scientists building actionable reports for Monterrey businesses. We pulled the numbers for Hoteles Antigua - Santa Lucía MTY specifically:

- who's coming (countries, ages, spending profile)
- when they'll be near you, hour by hour, on game day
- a Facebook/Instagram ad you can launch before kickoff— copy, audience, budget
- a day-of plan: when to staff up, what to stock, what to price up
- the single move with the highest projected revenue for Hoteles Antigua - Santa Lucía MTY

Worth taking a look? I can send over a quick Hoteles Antigua - Santa Lucía MTY snapshot today with the key numbers and the clearest opportunity we see.

If it's useful, 15 minutes on Zoom and I'll show you how to deploy it.

Cheers,
Jacob",
FALSE,FALSE,Hotel Centria,hotel,"Miguel Hidalgo y Costilla Lote Oriente 319, Centro, 64000 Monterrey, N.L., Mexico",Monterrey,Mexico,+52 81 1091 0144,https://www.hotelcentria.mx/,reservaciones@hotelcentria.mx,valid,scraped_website,89,4.7,182,google_places_enriched,arlington_hotels_zone,7.0 km,"Hi Hotel Centria team,

There's a World Cup game 7.0 km from Hotel Centria, in less than 50 days, and 2× Estadio BBVA (110K) worth of fans coming to Monterrey.

We're CrowdReady - a group of data scientists building actionable reports for Monterrey businesses. We pulled the numbers for Hotel Centria specifically:

- who's coming (countries, ages, spending profile)
- when they'll be near you, hour by hour, on game day
- a Facebook/Instagram ad you can launch before kickoff— copy, audience, budget
- a day-of plan: when to staff up, what to stock, what to price up
- the single move with the highest projected revenue for Hotel Centria

Worth taking a look? I can send over a quick Hotel Centria snapshot today with the key numbers and the clearest opportunity we see.

If it's useful, 15 minutes on Zoom and I'll show you how to deploy it.

Cheers,
Lucas","Hi Hotel Centria team,

There's a World Cup game 7.0 km from Hotel Centria, in less than 50 days, and 2× Estadio BBVA (110K) worth of fans coming to Monterrey.

We're CrowdReady - a group of data scientists building actionable reports for Monterrey businesses. We pulled the numbers for Hotel Centria specifically:

- who's coming (countries, ages, spending profile)
- when they'll be near you, hour by hour, on game day
- a Facebook/Instagram ad you can launch before kickoff— copy, audience, budget
- a day-of plan: when to staff up, what to stock, what to price up
- the single move with the highest projected revenue for Hotel Centria

Worth taking a look? I can send over a quick Hotel Centria snapshot today with the key numbers and the clearest opportunity we see.

If it's useful, 15 minutes on Zoom and I'll show you how to deploy it.

Cheers,
Anthony","Hi Hotel Centria team,

There's a World Cup game 7.0 km from Hotel Centria, in less than 50 days, and 2× Estadio BBVA (110K) worth of fans coming to Monterrey.

We're CrowdReady - a group of data scientists building actionable reports for Monterrey businesses. We pulled the numbers for Hotel Centria specifically:

- who's coming (countries, ages, spending profile)
- when they'll be near you, hour by hour, on game day
- a Facebook/Instagram ad you can launch before kickoff— copy, audience, budget
- a day-of plan: when to staff up, what to stock, what to price up
- the single move with the highest projected revenue for Hotel Centria

Worth taking a look? I can send over a quick Hotel Centria snapshot today with the key numbers and the clearest opportunity we see.

If it's useful, 15 minutes on Zoom and I'll show you how to deploy it.

Cheers,
Jacob",
FALSE,FALSE,Hotel Sttiny Monterrey Tecnológico,hotel,"Alejandría 202, Roma, Distrito Tec, 64700 Monterrey, N.L., Mexico",Monterrey,Mexico,+52 81 8031 8016,https://www.directoriodigital.org/empresa/hotel-sttiny,hola@directoriodigital.org,valid,scraped_website,100,4.6,79,google_places_enriched,arlington_hotels_zone,5.1 km,"Hi Hotel Sttiny Monterrey Tecnológico team,

There's a World Cup game 5.1 km from Hotel Sttiny Monterrey Tecnológico, in less than 50 days, and 2× Estadio BBVA (110K) worth of fans coming to Monterrey.

We're CrowdReady - a group of data scientists building actionable reports for Monterrey businesses. We pulled the numbers for Hotel Sttiny Monterrey Tecnológico specifically:

- who's coming (countries, ages, spending profile)
- when they'll be near you, hour by hour, on game day
- a Facebook/Instagram ad you can launch before kickoff— copy, audience, budget
- a day-of plan: when to staff up, what to stock, what to price up
- the single move with the highest projected revenue for Hotel Sttiny Monterrey Tecnológico

Worth taking a look? I can send over a quick Hotel Sttiny Monterrey Tecnológico snapshot today with the key numbers and the clearest opportunity we see.

If it's useful, 15 minutes on Zoom and I'll show you how to deploy it.

Cheers,
Lucas","Hi Hotel Sttiny Monterrey Tecnológico team,

There's a World Cup game 5.1 km from Hotel Sttiny Monterrey Tecnológico, in less than 50 days, and 2× Estadio BBVA (110K) worth of fans coming to Monterrey.

We're CrowdReady - a group of data scientists building actionable reports for Monterrey businesses. We pulled the numbers for Hotel Sttiny Monterrey Tecnológico specifically:

- who's coming (countries, ages, spending profile)
- when they'll be near you, hour by hour, on game day
- a Facebook/Instagram ad you can launch before kickoff— copy, audience, budget
- a day-of plan: when to staff up, what to stock, what to price up
- the single move with the highest projected revenue for Hotel Sttiny Monterrey Tecnológico

Worth taking a look? I can send over a quick Hotel Sttiny Monterrey Tecnológico snapshot today with the key numbers and the clearest opportunity we see.

If it's useful, 15 minutes on Zoom and I'll show you how to deploy it.

Cheers,
Anthony","Hi Hotel Sttiny Monterrey Tecnológico team,

There's a World Cup game 5.1 km from Hotel Sttiny Monterrey Tecnológico, in less than 50 days, and 2× Estadio BBVA (110K) worth of fans coming to Monterrey.

We're CrowdReady - a group of data scientists building actionable reports for Monterrey businesses. We pulled the numbers for Hotel Sttiny Monterrey Tecnológico specifically:

- who's coming (countries, ages, spending profile)
- when they'll be near you, hour by hour, on game day
- a Facebook/Instagram ad you can launch before kickoff— copy, audience, budget
- a day-of plan: when to staff up, what to stock, what to price up
- the single move with the highest projected revenue for Hotel Sttiny Monterrey Tecnológico

Worth taking a look? I can send over a quick Hotel Sttiny Monterrey Tecnológico snapshot today with the key numbers and the clearest opportunity we see.

If it's useful, 15 minutes on Zoom and I'll show you how to deploy it.

Cheers,
Jacob",
FALSE,FALSE,Hotel White,hotel,"Camelia 445, Moderna, 64530 Monterrey, N.L., Mexico",Monterrey,Mexico,+52 81 8372 2025,https://www.directoriodigital.org/empresa/hotel-white/,hola@directoriodigital.org,valid,scraped_website,100,4.4,420,google_places_enriched,arlington_hotels_zone,6.0 km,"Hi Hotel White team,

There's a World Cup game 6.0 km from Hotel White, in less than 50 days, and 2× Estadio BBVA (110K) worth of fans coming to Monterrey.

We're CrowdReady - a group of data scientists building actionable reports for Monterrey businesses. We pulled the numbers for Hotel White specifically:

- who's coming (countries, ages, spending profile)
- when they'll be near you, hour by hour, on game day
- a Facebook/Instagram ad you can launch before kickoff— copy, audience, budget
- a day-of plan: when to staff up, what to stock, what to price up
- the single move with the highest projected revenue for Hotel White

Worth taking a look? I can send over a quick Hotel White snapshot today with the key numbers and the clearest opportunity we see.

If it's useful, 15 minutes on Zoom and I'll show you how to deploy it.

Cheers,
Lucas","Hi Hotel White team,

There's a World Cup game 6.0 km from Hotel White, in less than 50 days, and 2× Estadio BBVA (110K) worth of fans coming to Monterrey.

We're CrowdReady - a group of data scientists building actionable reports for Monterrey businesses. We pulled the numbers for Hotel White specifically:

- who's coming (countries, ages, spending profile)
- when they'll be near you, hour by hour, on game day
- a Facebook/Instagram ad you can launch before kickoff— copy, audience, budget
- a day-of plan: when to staff up, what to stock, what to price up
- the single move with the highest projected revenue for Hotel White

Worth taking a look? I can send over a quick Hotel White snapshot today with the key numbers and the clearest opportunity we see.

If it's useful, 15 minutes on Zoom and I'll show you how to deploy it.

Cheers,
Anthony","Hi Hotel White team,

There's a World Cup game 6.0 km from Hotel White, in less than 50 days, and 2× Estadio BBVA (110K) worth of fans coming to Monterrey.

We're CrowdReady - a group of data scientists building actionable reports for Monterrey businesses. We pulled the numbers for Hotel White specifically:

- who's coming (countries, ages, spending profile)
- when they'll be near you, hour by hour, on game day
- a Facebook/Instagram ad you can launch before kickoff— copy, audience, budget
- a day-of plan: when to staff up, what to stock, what to price up
- the single move with the highest projected revenue for Hotel White

Worth taking a look? I can send over a quick Hotel White snapshot today with the key numbers and the clearest opportunity we see.

If it's useful, 15 minutes on Zoom and I'll show you how to deploy it.

Cheers,
Jacob",
FALSE,FALSE,Quinta Real,hotel,"Av. Diego Rivera 500, Valle Oriente, 66260 San Pedro Garza García, N.L., Mexico",Monterrey,Mexico,+52 81 8368 1000,https://www.grupocaminoreal.com/quinta-real-monterrey,contacto@caminoreal.com,valid,scraped_website,100,4.7,2568,google_places_enriched,las_colinas_zone,9.3 km,"Hi Quinta Real team,

There's a World Cup game 9.3 km from Quinta Real, in less than 50 days, and 2× Estadio BBVA (110K) worth of fans coming to Monterrey.

We're CrowdReady - a group of data scientists building actionable reports for Monterrey businesses. We pulled the numbers for Quinta Real specifically:

- who's coming (countries, ages, spending profile)
- when they'll be near you, hour by hour, on game day
- a Facebook/Instagram ad you can launch before kickoff— copy, audience, budget
- a day-of plan: when to staff up, what to stock, what to price up
- the single move with the highest projected revenue for Quinta Real

Worth taking a look? I can send over a quick Quinta Real snapshot today with the key numbers and the clearest opportunity we see.

If it's useful, 15 minutes on Zoom and I'll show you how to deploy it.

Cheers,
Lucas","Hi Quinta Real team,

There's a World Cup game 9.3 km from Quinta Real, in less than 50 days, and 2× Estadio BBVA (110K) worth of fans coming to Monterrey.

We're CrowdReady - a group of data scientists building actionable reports for Monterrey businesses. We pulled the numbers for Quinta Real specifically:

- who's coming (countries, ages, spending profile)
- when they'll be near you, hour by hour, on game day
- a Facebook/Instagram ad you can launch before kickoff— copy, audience, budget
- a day-of plan: when to staff up, what to stock, what to price up
- the single move with the highest projected revenue for Quinta Real

Worth taking a look? I can send over a quick Quinta Real snapshot today with the key numbers and the clearest opportunity we see.

If it's useful, 15 minutes on Zoom and I'll show you how to deploy it.

Cheers,
Anthony","Hi Quinta Real team,

There's a World Cup game 9.3 km from Quinta Real, in less than 50 days, and 2× Estadio BBVA (110K) worth of fans coming to Monterrey.

We're CrowdReady - a group of data scientists building actionable reports for Monterrey businesses. We pulled the numbers for Quinta Real specifically:

- who's coming (countries, ages, spending profile)
- when they'll be near you, hour by hour, on game day
- a Facebook/Instagram ad you can launch before kickoff— copy, audience, budget
- a day-of plan: when to staff up, what to stock, what to price up
- the single move with the highest projected revenue for Quinta Real

Worth taking a look? I can send over a quick Quinta Real snapshot today with the key numbers and the clearest opportunity we see.

If it's useful, 15 minutes on Zoom and I'll show you how to deploy it.

Cheers,
Jacob",
FALSE,FALSE,AMAE21,hotel,"Río Salinas 218, Del Valle, 66220 San Pedro Garza García, N.L., Mexico",Monterrey,Mexico,+52 81 2509 9746,http://www.amae21.com/,paola@amae21.com,valid,scraped_website,90,4.4,42,google_places_enriched,las_colinas_zone,12 km,"Hi AMAE21 team,

There's a World Cup game 12 km from AMAE21, in less than 50 days, and 2× Estadio BBVA (110K) worth of fans coming to Monterrey.

We're CrowdReady - a group of data scientists building actionable reports for Monterrey businesses. We pulled the numbers for AMAE21 specifically:

- who's coming (countries, ages, spending profile)
- when they'll be near you, hour by hour, on game day
- a Facebook/Instagram ad you can launch before kickoff— copy, audience, budget
- a day-of plan: when to staff up, what to stock, what to price up
- the single move with the highest projected revenue for AMAE21

Worth taking a look? I can send over a quick AMAE21 snapshot today with the key numbers and the clearest opportunity we see.

If it's useful, 15 minutes on Zoom and I'll show you how to deploy it.

Cheers,
Lucas","Hi AMAE21 team,

There's a World Cup game 12 km from AMAE21, in less than 50 days, and 2× Estadio BBVA (110K) worth of fans coming to Monterrey.

We're CrowdReady - a group of data scientists building actionable reports for Monterrey businesses. We pulled the numbers for AMAE21 specifically:

- who's coming (countries, ages, spending profile)
- when they'll be near you, hour by hour, on game day
- a Facebook/Instagram ad you can launch before kickoff— copy, audience, budget
- a day-of plan: when to staff up, what to stock, what to price up
- the single move with the highest projected revenue for AMAE21

Worth taking a look? I can send over a quick AMAE21 snapshot today with the key numbers and the clearest opportunity we see.

If it's useful, 15 minutes on Zoom and I'll show you how to deploy it.

Cheers,
Anthony","Hi AMAE21 team,

There's a World Cup game 12 km from AMAE21, in less than 50 days, and 2× Estadio BBVA (110K) worth of fans coming to Monterrey.

We're CrowdReady - a group of data scientists building actionable reports for Monterrey businesses. We pulled the numbers for AMAE21 specifically:

- who's coming (countries, ages, spending profile)
- when they'll be near you, hour by hour, on game day
- a Facebook/Instagram ad you can launch before kickoff— copy, audience, budget
- a day-of plan: when to staff up, what to stock, what to price up
- the single move with the highest projected revenue for AMAE21

Worth taking a look? I can send over a quick AMAE21 snapshot today with the key numbers and the clearest opportunity we see.

If it's useful, 15 minutes on Zoom and I'll show you how to deploy it.

Cheers,
Jacob",
FALSE,FALSE,Hotel NH Collection Monterrey San Pedro,hotel,"Av. José Vasconcelos 402, Zona la Alianza, 66268 Monterrey, N.L., Mexico",Monterrey,Mexico,+52 81 8173 1800,https://www.nh-hotels.com/en/hotel/nh-collection-monterrey-san-pedro?utm_campaign=local-gmb&utm_medium=organic_search&utm_source=google_gmb,d.ghosh@nh-hotels.com,valid,hunter_search,99,4.4,3248,google_places_enriched,las_colinas_zone,12 km,"Hi Hotel NH Collection Monterrey San Pedro team,

There's a World Cup game 12 km from Hotel NH Collection Monterrey San Pedro, in less than 50 days, and 2× Estadio BBVA (110K) worth of fans coming to Monterrey.

We're CrowdReady - a group of data scientists building actionable reports for Monterrey businesses. We pulled the numbers for Hotel NH Collection Monterrey San Pedro specifically:

- who's coming (countries, ages, spending profile)
- when they'll be near you, hour by hour, on game day
- a Facebook/Instagram ad you can launch before kickoff— copy, audience, budget
- a day-of plan: when to staff up, what to stock, what to price up
- the single move with the highest projected revenue for Hotel NH Collection Monterrey San Pedro

Worth taking a look? I can send over a quick Hotel NH Collection Monterrey San Pedro snapshot today with the key numbers and the clearest opportunity we see.

If it's useful, 15 minutes on Zoom and I'll show you how to deploy it.

Cheers,
Lucas","Hi Hotel NH Collection Monterrey San Pedro team,

There's a World Cup game 12 km from Hotel NH Collection Monterrey San Pedro, in less than 50 days, and 2× Estadio BBVA (110K) worth of fans coming to Monterrey.

We're CrowdReady - a group of data scientists building actionable reports for Monterrey businesses. We pulled the numbers for Hotel NH Collection Monterrey San Pedro specifically:

- who's coming (countries, ages, spending profile)
- when they'll be near you, hour by hour, on game day
- a Facebook/Instagram ad you can launch before kickoff— copy, audience, budget
- a day-of plan: when to staff up, what to stock, what to price up
- the single move with the highest projected revenue for Hotel NH Collection Monterrey San Pedro

Worth taking a look? I can send over a quick Hotel NH Collection Monterrey San Pedro snapshot today with the key numbers and the clearest opportunity we see.

If it's useful, 15 minutes on Zoom and I'll show you how to deploy it.

Cheers,
Anthony","Hi Hotel NH Collection Monterrey San Pedro team,

There's a World Cup game 12 km from Hotel NH Collection Monterrey San Pedro, in less than 50 days, and 2× Estadio BBVA (110K) worth of fans coming to Monterrey.

We're CrowdReady - a group of data scientists building actionable reports for Monterrey businesses. We pulled the numbers for Hotel NH Collection Monterrey San Pedro specifically:

- who's coming (countries, ages, spending profile)
- when they'll be near you, hour by hour, on game day
- a Facebook/Instagram ad you can launch before kickoff— copy, audience, budget
- a day-of plan: when to staff up, what to stock, what to price up
- the single move with the highest projected revenue for Hotel NH Collection Monterrey San Pedro

Worth taking a look? I can send over a quick Hotel NH Collection Monterrey San Pedro snapshot today with the key numbers and the clearest opportunity we see.

If it's useful, 15 minutes on Zoom and I'll show you how to deploy it.

Cheers,
Jacob",
FALSE,FALSE,Camino Real Fashion Drive Monterrey,hotel_bar,"Lázaro Cárdenas 1002 Col Delegación Valle Oriente San Pedro Garza García, Zona San Agustín, 66260 Monterrey, N.L., Mexico",Monterrey,Mexico,+52 81 1223 3200,https://www.caminoreal.com/caminoreal/camino-real-fashion-drive-monterrey,contacto@caminoreal.com,valid,scraped_website,100,4.5,1725,google_places_enriched,las_colinas_zone,9.3 km,"Hi Camino Real Fashion Drive Monterrey team,

There's a World Cup game 9.3 km from Camino Real Fashion Drive Monterrey, in less than 50 days, and 2× Estadio BBVA (110K) worth of fans coming to Monterrey.

We're CrowdReady - a group of data scientists building actionable reports for Monterrey businesses. We pulled the numbers for Camino Real Fashion Drive Monterrey specifically:

- who's coming (countries, ages, spending profile)
- when they'll be near you, hour by hour, on game day
- a Facebook/Instagram ad you can launch before kickoff— copy, audience, budget
- a day-of plan: when to staff up, what to stock, what to price up
- the single move with the highest projected revenue for Camino Real Fashion Drive Monterrey

Worth taking a look? I can send over a quick Camino Real Fashion Drive Monterrey snapshot today with the key numbers and the clearest opportunity we see.

If it's useful, 15 minutes on Zoom and I'll show you how to deploy it.

Cheers,
Lucas","Hi Camino Real Fashion Drive Monterrey team,

There's a World Cup game 9.3 km from Camino Real Fashion Drive Monterrey, in less than 50 days, and 2× Estadio BBVA (110K) worth of fans coming to Monterrey.

We're CrowdReady - a group of data scientists building actionable reports for Monterrey businesses. We pulled the numbers for Camino Real Fashion Drive Monterrey specifically:

- who's coming (countries, ages, spending profile)
- when they'll be near you, hour by hour, on game day
- a Facebook/Instagram ad you can launch before kickoff— copy, audience, budget
- a day-of plan: when to staff up, what to stock, what to price up
- the single move with the highest projected revenue for Camino Real Fashion Drive Monterrey

Worth taking a look? I can send over a quick Camino Real Fashion Drive Monterrey snapshot today with the key numbers and the clearest opportunity we see.

If it's useful, 15 minutes on Zoom and I'll show you how to deploy it.

Cheers,
Anthony","Hi Camino Real Fashion Drive Monterrey team,

There's a World Cup game 9.3 km from Camino Real Fashion Drive Monterrey, in less than 50 days, and 2× Estadio BBVA (110K) worth of fans coming to Monterrey.

We're CrowdReady - a group of data scientists building actionable reports for Monterrey businesses. We pulled the numbers for Camino Real Fashion Drive Monterrey specifically:

- who's coming (countries, ages, spending profile)
- when they'll be near you, hour by hour, on game day
- a Facebook/Instagram ad you can launch before kickoff— copy, audience, budget
- a day-of plan: when to staff up, what to stock, what to price up
- the single move with the highest projected revenue for Camino Real Fashion Drive Monterrey

Worth taking a look? I can send over a quick Camino Real Fashion Drive Monterrey snapshot today with the key numbers and the clearest opportunity we see.

If it's useful, 15 minutes on Zoom and I'll show you how to deploy it.

Cheers,
Jacob",
FALSE,FALSE,Barcelo Monterrey Valle,hotel,"Av. Diego Rivera 2492, Zona San Agustín, 66200 San Pedro Garza García, N.L., Mexico",Monterrey,Mexico,+52 81 8133 5400,https://www.barcelo.com/es-mx/barcelo-monterrey-valle/?utm_source=google&utm_medium=organic&utm_campaign=my_business&utm_content=97785,monterreyvalle@barcelo.com,valid,scraped_website,100,4.5,3396,google_places_enriched,las_colinas_zone,9.3 km,"Hi Barcelo Monterrey Valle team,

There's a World Cup game 9.3 km from Barcelo Monterrey Valle, in less than 50 days, and 2× Estadio BBVA (110K) worth of fans coming to Monterrey.

We're CrowdReady - a group of data scientists building actionable reports for Monterrey businesses. We pulled the numbers for Barcelo Monterrey Valle specifically:

- who's coming (countries, ages, spending profile)
- when they'll be near you, hour by hour, on game day
- a Facebook/Instagram ad you can launch before kickoff— copy, audience, budget
- a day-of plan: when to staff up, what to stock, what to price up
- the single move with the highest projected revenue for Barcelo Monterrey Valle

Worth taking a look? I can send over a quick Barcelo Monterrey Valle snapshot today with the key numbers and the clearest opportunity we see.

If it's useful, 15 minutes on Zoom and I'll show you how to deploy it.

Cheers,
Lucas","Hi Barcelo Monterrey Valle team,

There's a World Cup game 9.3 km from Barcelo Monterrey Valle, in less than 50 days, and 2× Estadio BBVA (110K) worth of fans coming to Monterrey.

We're CrowdReady - a group of data scientists building actionable reports for Monterrey businesses. We pulled the numbers for Barcelo Monterrey Valle specifically:

- who's coming (countries, ages, spending profile)
- when they'll be near you, hour by hour, on game day
- a Facebook/Instagram ad you can launch before kickoff— copy, audience, budget
- a day-of plan: when to staff up, what to stock, what to price up
- the single move with the highest projected revenue for Barcelo Monterrey Valle

Worth taking a look? I can send over a quick Barcelo Monterrey Valle snapshot today with the key numbers and the clearest opportunity we see.

If it's useful, 15 minutes on Zoom and I'll show you how to deploy it.

Cheers,
Anthony","Hi Barcelo Monterrey Valle team,

There's a World Cup game 9.3 km from Barcelo Monterrey Valle, in less than 50 days, and 2× Estadio BBVA (110K) worth of fans coming to Monterrey.

We're CrowdReady - a group of data scientists building actionable reports for Monterrey businesses. We pulled the numbers for Barcelo Monterrey Valle specifically:

- who's coming (countries, ages, spending profile)
- when they'll be near you, hour by hour, on game day
- a Facebook/Instagram ad you can launch before kickoff— copy, audience, budget
- a day-of plan: when to staff up, what to stock, what to price up
- the single move with the highest projected revenue for Barcelo Monterrey Valle

Worth taking a look? I can send over a quick Barcelo Monterrey Valle snapshot today with the key numbers and the clearest opportunity we see.

If it's useful, 15 minutes on Zoom and I'll show you how to deploy it.

Cheers,
Jacob",
FALSE,FALSE,Hotel Safi Royal Luxury Valle,hotel_bar,"Av. Diego Rivera 555, Valle Oriente, 66260 San Pedro Garza García, N.L., Mexico",Monterrey,Mexico,+52 81 8100 7080,https://safihotel.com/,eventos@safihotel.com,valid,hunter_search,99,4.6,5535,google_places_enriched,las_colinas_zone,9.3 km,"Hi Hotel Safi Royal Luxury Valle team,

There's a World Cup game 9.3 km from Hotel Safi Royal Luxury Valle, in less than 50 days, and 2× Estadio BBVA (110K) worth of fans coming to Monterrey.

We're CrowdReady - a group of data scientists building actionable reports for Monterrey businesses. We pulled the numbers for Hotel Safi Royal Luxury Valle specifically:

- who's coming (countries, ages, spending profile)
- when they'll be near you, hour by hour, on game day
- a Facebook/Instagram ad you can launch before kickoff— copy, audience, budget
- a day-of plan: when to staff up, what to stock, what to price up
- the single move with the highest projected revenue for Hotel Safi Royal Luxury Valle

Worth taking a look? I can send over a quick Hotel Safi Royal Luxury Valle snapshot today with the key numbers and the clearest opportunity we see.

If it's useful, 15 minutes on Zoom and I'll show you how to deploy it.

Cheers,
Lucas","Hi Hotel Safi Royal Luxury Valle team,

There's a World Cup game 9.3 km from Hotel Safi Royal Luxury Valle, in less than 50 days, and 2× Estadio BBVA (110K) worth of fans coming to Monterrey.

We're CrowdReady - a group of data scientists building actionable reports for Monterrey businesses. We pulled the numbers for Hotel Safi Royal Luxury Valle specifically:

- who's coming (countries, ages, spending profile)
- when they'll be near you, hour by hour, on game day
- a Facebook/Instagram ad you can launch before kickoff— copy, audience, budget
- a day-of plan: when to staff up, what to stock, what to price up
- the single move with the highest projected revenue for Hotel Safi Royal Luxury Valle

Worth taking a look? I can send over a quick Hotel Safi Royal Luxury Valle snapshot today with the key numbers and the clearest opportunity we see.

If it's useful, 15 minutes on Zoom and I'll show you how to deploy it.

Cheers,
Anthony","Hi Hotel Safi Royal Luxury Valle team,

There's a World Cup game 9.3 km from Hotel Safi Royal Luxury Valle, in less than 50 days, and 2× Estadio BBVA (110K) worth of fans coming to Monterrey.

We're CrowdReady - a group of data scientists building actionable reports for Monterrey businesses. We pulled the numbers for Hotel Safi Royal Luxury Valle specifically:

- who's coming (countries, ages, spending profile)
- when they'll be near you, hour by hour, on game day
- a Facebook/Instagram ad you can launch before kickoff— copy, audience, budget
- a day-of plan: when to staff up, what to stock, what to price up
- the single move with the highest projected revenue for Hotel Safi Royal Luxury Valle

Worth taking a look? I can send over a quick Hotel Safi Royal Luxury Valle snapshot today with the key numbers and the clearest opportunity we see.

If it's useful, 15 minutes on Zoom and I'll show you how to deploy it.

Cheers,
Jacob",
FALSE,FALSE,Hotel Galería Plaza Monterrey,hotel,"Constitución 411, Centro, 64000 Monterrey, N.L., Mexico",Monterrey,Mexico,+52 81 1167 4100,https://www.galeriaplazahotels.com.mx/es/monterrey,info@brisas.com.mx,valid,scraped_website,100,4.3,563,google_places_enriched,las_colinas_zone,7.9 km,"Hi Hotel Galería Plaza Monterrey team,

There's a World Cup game 7.9 km from Hotel Galería Plaza Monterrey, in less than 50 days, and 2× Estadio BBVA (110K) worth of fans coming to Monterrey.

We're CrowdReady - a group of data scientists building actionable reports for Monterrey businesses. We pulled the numbers for Hotel Galería Plaza Monterrey specifically:

- who's coming (countries, ages, spending profile)
- when they'll be near you, hour by hour, on game day
- a Facebook/Instagram ad you can launch before kickoff— copy, audience, budget
- a day-of plan: when to staff up, what to stock, what to price up
- the single move with the highest projected revenue for Hotel Galería Plaza Monterrey

Worth taking a look? I can send over a quick Hotel Galería Plaza Monterrey snapshot today with the key numbers and the clearest opportunity we see.

If it's useful, 15 minutes on Zoom and I'll show you how to deploy it.

Cheers,
Lucas","Hi Hotel Galería Plaza Monterrey team,

There's a World Cup game 7.9 km from Hotel Galería Plaza Monterrey, in less than 50 days, and 2× Estadio BBVA (110K) worth of fans coming to Monterrey.

We're CrowdReady - a group of data scientists building actionable reports for Monterrey businesses. We pulled the numbers for Hotel Galería Plaza Monterrey specifically:

- who's coming (countries, ages, spending profile)
- when they'll be near you, hour by hour, on game day
- a Facebook/Instagram ad you can launch before kickoff— copy, audience, budget
- a day-of plan: when to staff up, what to stock, what to price up
- the single move with the highest projected revenue for Hotel Galería Plaza Monterrey

Worth taking a look? I can send over a quick Hotel Galería Plaza Monterrey snapshot today with the key numbers and the clearest opportunity we see.

If it's useful, 15 minutes on Zoom and I'll show you how to deploy it.

Cheers,
Anthony","Hi Hotel Galería Plaza Monterrey team,

There's a World Cup game 7.9 km from Hotel Galería Plaza Monterrey, in less than 50 days, and 2× Estadio BBVA (110K) worth of fans coming to Monterrey.

We're CrowdReady - a group of data scientists building actionable reports for Monterrey businesses. We pulled the numbers for Hotel Galería Plaza Monterrey specifically:

- who's coming (countries, ages, spending profile)
- when they'll be near you, hour by hour, on game day
- a Facebook/Instagram ad you can launch before kickoff— copy, audience, budget
- a day-of plan: when to staff up, what to stock, what to price up
- the single move with the highest projected revenue for Hotel Galería Plaza Monterrey

Worth taking a look? I can send over a quick Hotel Galería Plaza Monterrey snapshot today with the key numbers and the clearest opportunity we see.

If it's useful, 15 minutes on Zoom and I'll show you how to deploy it.

Cheers,
Jacob",
FALSE,FALSE,ibis Monterrey Valle,hotel,"Ave. Lazaro Cardenas 3000 Esq. Dr. Atl Col Valle Oriente, San Pedro Garza García, Zona Valle Oriente, 66269 Monterrey, N.L., Mexico",Monterrey,Mexico,+52 81 8133 5050,https://all.accor.com/lien_externe.svlt?goto=fiche_hotel&code_hotel=3549&merchantid=seo-maps-MX-3549&sourceid=aw-cen&utm_medium=seo%20maps&utm_source=google%20Maps&utm_campaign=seo%20maps,h3549-gm@accor.com,valid,scraped_website,92,3.8,1836,google_places_enriched,las_colinas_zone,8.8 km,"Hi ibis Monterrey Valle team,

There's a World Cup game 8.8 km from ibis Monterrey Valle, in less than 50 days, and 2× Estadio BBVA (110K) worth of fans coming to Monterrey.

We're CrowdReady - a group of data scientists building actionable reports for Monterrey businesses. We pulled the numbers for ibis Monterrey Valle specifically:

- who's coming (countries, ages, spending profile)
- when they'll be near you, hour by hour, on game day
- a Facebook/Instagram ad you can launch before kickoff— copy, audience, budget
- a day-of plan: when to staff up, what to stock, what to price up
- the single move with the highest projected revenue for ibis Monterrey Valle

Worth taking a look? I can send over a quick ibis Monterrey Valle snapshot today with the key numbers and the clearest opportunity we see.

If it's useful, 15 minutes on Zoom and I'll show you how to deploy it.

Cheers,
Lucas","Hi ibis Monterrey Valle team,

There's a World Cup game 8.8 km from ibis Monterrey Valle, in less than 50 days, and 2× Estadio BBVA (110K) worth of fans coming to Monterrey.

We're CrowdReady - a group of data scientists building actionable reports for Monterrey businesses. We pulled the numbers for ibis Monterrey Valle specifically:

- who's coming (countries, ages, spending profile)
- when they'll be near you, hour by hour, on game day
- a Facebook/Instagram ad you can launch before kickoff— copy, audience, budget
- a day-of plan: when to staff up, what to stock, what to price up
- the single move with the highest projected revenue for ibis Monterrey Valle

Worth taking a look? I can send over a quick ibis Monterrey Valle snapshot today with the key numbers and the clearest opportunity we see.

If it's useful, 15 minutes on Zoom and I'll show you how to deploy it.

Cheers,
Anthony","Hi ibis Monterrey Valle team,

There's a World Cup game 8.8 km from ibis Monterrey Valle, in less than 50 days, and 2× Estadio BBVA (110K) worth of fans coming to Monterrey.

We're CrowdReady - a group of data scientists building actionable reports for Monterrey businesses. We pulled the numbers for ibis Monterrey Valle specifically:

- who's coming (countries, ages, spending profile)
- when they'll be near you, hour by hour, on game day
- a Facebook/Instagram ad you can launch before kickoff— copy, audience, budget
- a day-of plan: when to staff up, what to stock, what to price up
- the single move with the highest projected revenue for ibis Monterrey Valle

Worth taking a look? I can send over a quick ibis Monterrey Valle snapshot today with the key numbers and the clearest opportunity we see.

If it's useful, 15 minutes on Zoom and I'll show you how to deploy it.

Cheers,
Jacob",
FALSE,FALSE,Bodegon de Rosas,sports_bar,"Río Colorado 415-L3, Del Valle, 66220 San Pedro Garza García, N.L., Mexico",Monterrey,Mexico,+52 81 1409 7752,https://instagram.com/bodegonderosas?igshid=MDM4ZDc5MmU=,soniaalam@instagram.com,accept_all,hunter_search,94,4.5,337,google_places_enriched,las_colinas_zone,12 km,"Hi Bodegon de Rosas team,

There's a World Cup game 12 km from Bodegon de Rosas, in less than 50 days, and 2× Estadio BBVA (110K) worth of fans coming to Monterrey.

We're CrowdReady - a group of data scientists building actionable reports for Monterrey businesses. We pulled the numbers for Bodegon de Rosas specifically:

- who's coming (countries, ages, spending profile)
- when they'll be near you, hour by hour, on game day
- a Facebook/Instagram ad you can launch before kickoff— copy, audience, budget
- a day-of plan: when to staff up, what to stock, what to price up
- the single move with the highest projected revenue for Bodegon de Rosas

Worth taking a look? I can send over a quick Bodegon de Rosas snapshot today with the key numbers and the clearest opportunity we see.

If it's useful, 15 minutes on Zoom and I'll show you how to deploy it.

Cheers,
Lucas","Hi Bodegon de Rosas team,

There's a World Cup game 12 km from Bodegon de Rosas, in less than 50 days, and 2× Estadio BBVA (110K) worth of fans coming to Monterrey.

We're CrowdReady - a group of data scientists building actionable reports for Monterrey businesses. We pulled the numbers for Bodegon de Rosas specifically:

- who's coming (countries, ages, spending profile)
- when they'll be near you, hour by hour, on game day
- a Facebook/Instagram ad you can launch before kickoff— copy, audience, budget
- a day-of plan: when to staff up, what to stock, what to price up
- the single move with the highest projected revenue for Bodegon de Rosas

Worth taking a look? I can send over a quick Bodegon de Rosas snapshot today with the key numbers and the clearest opportunity we see.

If it's useful, 15 minutes on Zoom and I'll show you how to deploy it.

Cheers,
Anthony","Hi Bodegon de Rosas team,

There's a World Cup game 12 km from Bodegon de Rosas, in less than 50 days, and 2× Estadio BBVA (110K) worth of fans coming to Monterrey.

We're CrowdReady - a group of data scientists building actionable reports for Monterrey businesses. We pulled the numbers for Bodegon de Rosas specifically:

- who's coming (countries, ages, spending profile)
- when they'll be near you, hour by hour, on game day
- a Facebook/Instagram ad you can launch before kickoff— copy, audience, budget
- a day-of plan: when to staff up, what to stock, what to price up
- the single move with the highest projected revenue for Bodegon de Rosas

Worth taking a look? I can send over a quick Bodegon de Rosas snapshot today with the key numbers and the clearest opportunity we see.

If it's useful, 15 minutes on Zoom and I'll show you how to deploy it.

Cheers,
Jacob",
FALSE,FALSE,Holsteins San Pedro,sports_bar,"Rio Missouri 555 San Pedro Garza, Del Valle, 66220 Monterrey, N.L., Mexico",Monterrey,Mexico,+52 81 2099 4737,http://holsteins.com.mx/,contacto@sggroup.com.mx,valid,scraped_website,100,4.6,1123,google_places_enriched,las_colinas_zone,11 km,"Hi Holsteins San Pedro team,

There's a World Cup game 11 km from Holsteins San Pedro, in less than 50 days, and 2× Estadio BBVA (110K) worth of fans coming to Monterrey.

We're CrowdReady - a group of data scientists building actionable reports for Monterrey businesses. We pulled the numbers for Holsteins San Pedro specifically:

- who's coming (countries, ages, spending profile)
- when they'll be near you, hour by hour, on game day
- a Facebook/Instagram ad you can launch before kickoff— copy, audience, budget
- a day-of plan: when to staff up, what to stock, what to price up
- the single move with the highest projected revenue for Holsteins San Pedro

Worth taking a look? I can send over a quick Holsteins San Pedro snapshot today with the key numbers and the clearest opportunity we see.

If it's useful, 15 minutes on Zoom and I'll show you how to deploy it.

Cheers,
Lucas","Hi Holsteins San Pedro team,

There's a World Cup game 11 km from Holsteins San Pedro, in less than 50 days, and 2× Estadio BBVA (110K) worth of fans coming to Monterrey.

We're CrowdReady - a group of data scientists building actionable reports for Monterrey businesses. We pulled the numbers for Holsteins San Pedro specifically:

- who's coming (countries, ages, spending profile)
- when they'll be near you, hour by hour, on game day
- a Facebook/Instagram ad you can launch before kickoff— copy, audience, budget
- a day-of plan: when to staff up, what to stock, what to price up
- the single move with the highest projected revenue for Holsteins San Pedro

Worth taking a look? I can send over a quick Holsteins San Pedro snapshot today with the key numbers and the clearest opportunity we see.

If it's useful, 15 minutes on Zoom and I'll show you how to deploy it.

Cheers,
Anthony","Hi Holsteins San Pedro team,

There's a World Cup game 11 km from Holsteins San Pedro, in less than 50 days, and 2× Estadio BBVA (110K) worth of fans coming to Monterrey.

We're CrowdReady - a group of data scientists building actionable reports for Monterrey businesses. We pulled the numbers for Holsteins San Pedro specifically:

- who's coming (countries, ages, spending profile)
- when they'll be near you, hour by hour, on game day
- a Facebook/Instagram ad you can launch before kickoff— copy, audience, budget
- a day-of plan: when to staff up, what to stock, what to price up
- the single move with the highest projected revenue for Holsteins San Pedro

Worth taking a look? I can send over a quick Holsteins San Pedro snapshot today with the key numbers and the clearest opportunity we see.

If it's useful, 15 minutes on Zoom and I'll show you how to deploy it.

Cheers,
Jacob",
FALSE,FALSE,Hotel Safi Centro,hotel_bar,"Av. Pino Suárez 444 Sur, Centro, 64000 Monterrey, N.L., Mexico",Monterrey,Mexico,+52 81 8100 7080,https://safihotel.com/,eventos@safihotel.com,valid,hunter_search,99,4.5,4957,google_places_enriched,downtown_zone,7.6 km,"Hi Hotel Safi Centro team,

There's a World Cup game 7.6 km from Hotel Safi Centro, in less than 50 days, and 2× Estadio BBVA (110K) worth of fans coming to Monterrey.

We're CrowdReady - a group of data scientists building actionable reports for Monterrey businesses. We pulled the numbers for Hotel Safi Centro specifically:

- who's coming (countries, ages, spending profile)
- when they'll be near you, hour by hour, on game day
- a Facebook/Instagram ad you can launch before kickoff— copy, audience, budget
- a day-of plan: when to staff up, what to stock, what to price up
- the single move with the highest projected revenue for Hotel Safi Centro

Worth taking a look? I can send over a quick Hotel Safi Centro snapshot today with the key numbers and the clearest opportunity we see.

If it's useful, 15 minutes on Zoom and I'll show you how to deploy it.

Cheers,
Lucas","Hi Hotel Safi Centro team,

There's a World Cup game 7.6 km from Hotel Safi Centro, in less than 50 days, and 2× Estadio BBVA (110K) worth of fans coming to Monterrey.

We're CrowdReady - a group of data scientists building actionable reports for Monterrey businesses. We pulled the numbers for Hotel Safi Centro specifically:

- who's coming (countries, ages, spending profile)
- when they'll be near you, hour by hour, on game day
- a Facebook/Instagram ad you can launch before kickoff— copy, audience, budget
- a day-of plan: when to staff up, what to stock, what to price up
- the single move with the highest projected revenue for Hotel Safi Centro

Worth taking a look? I can send over a quick Hotel Safi Centro snapshot today with the key numbers and the clearest opportunity we see.

If it's useful, 15 minutes on Zoom and I'll show you how to deploy it.

Cheers,
Anthony","Hi Hotel Safi Centro team,

There's a World Cup game 7.6 km from Hotel Safi Centro, in less than 50 days, and 2× Estadio BBVA (110K) worth of fans coming to Monterrey.

We're CrowdReady - a group of data scientists building actionable reports for Monterrey businesses. We pulled the numbers for Hotel Safi Centro specifically:

- who's coming (countries, ages, spending profile)
- when they'll be near you, hour by hour, on game day
- a Facebook/Instagram ad you can launch before kickoff— copy, audience, budget
- a day-of plan: when to staff up, what to stock, what to price up
- the single move with the highest projected revenue for Hotel Safi Centro

Worth taking a look? I can send over a quick Hotel Safi Centro snapshot today with the key numbers and the clearest opportunity we see.

If it's useful, 15 minutes on Zoom and I'll show you how to deploy it.

Cheers,
Jacob",
FALSE,FALSE,CHN Hotel Monterrey Centro,hotel_bar,"Pino Suárez 1001, Centro, 64000 Monterrey, N.L., Mexico",Monterrey,Mexico,+52 81 8150 2200,https://www.chnhoteles.com/chn-monterrey-centro/,reservas@chnhoteles.com,valid,scraped_website,100,4.2,6085,google_places_enriched,downtown_zone,7.6 km,"Hi CHN Hotel Monterrey Centro team,

There's a World Cup game 7.6 km from CHN Hotel Monterrey Centro, in less than 50 days, and 2× Estadio BBVA (110K) worth of fans coming to Monterrey.

We're CrowdReady - a group of data scientists building actionable reports for Monterrey businesses. We pulled the numbers for CHN Hotel Monterrey Centro specifically:

- who's coming (countries, ages, spending profile)
- when they'll be near you, hour by hour, on game day
- a Facebook/Instagram ad you can launch before kickoff— copy, audience, budget
- a day-of plan: when to staff up, what to stock, what to price up
- the single move with the highest projected revenue for CHN Hotel Monterrey Centro

Worth taking a look? I can send over a quick CHN Hotel Monterrey Centro snapshot today with the key numbers and the clearest opportunity we see.

If it's useful, 15 minutes on Zoom and I'll show you how to deploy it.

Cheers,
Lucas","Hi CHN Hotel Monterrey Centro team,

There's a World Cup game 7.6 km from CHN Hotel Monterrey Centro, in less than 50 days, and 2× Estadio BBVA (110K) worth of fans coming to Monterrey.

We're CrowdReady - a group of data scientists building actionable reports for Monterrey businesses. We pulled the numbers for CHN Hotel Monterrey Centro specifically:

- who's coming (countries, ages, spending profile)
- when they'll be near you, hour by hour, on game day
- a Facebook/Instagram ad you can launch before kickoff— copy, audience, budget
- a day-of plan: when to staff up, what to stock, what to price up
- the single move with the highest projected revenue for CHN Hotel Monterrey Centro

Worth taking a look? I can send over a quick CHN Hotel Monterrey Centro snapshot today with the key numbers and the clearest opportunity we see.

If it's useful, 15 minutes on Zoom and I'll show you how to deploy it.

Cheers,
Anthony","Hi CHN Hotel Monterrey Centro team,

There's a World Cup game 7.6 km from CHN Hotel Monterrey Centro, in less than 50 days, and 2× Estadio BBVA (110K) worth of fans coming to Monterrey.

We're CrowdReady - a group of data scientists building actionable reports for Monterrey businesses. We pulled the numbers for CHN Hotel Monterrey Centro specifically:

- who's coming (countries, ages, spending profile)
- when they'll be near you, hour by hour, on game day
- a Facebook/Instagram ad you can launch before kickoff— copy, audience, budget
- a day-of plan: when to staff up, what to stock, what to price up
- the single move with the highest projected revenue for CHN Hotel Monterrey Centro

Worth taking a look? I can send over a quick CHN Hotel Monterrey Centro snapshot today with the key numbers and the clearest opportunity we see.

If it's useful, 15 minutes on Zoom and I'll show you how to deploy it.

Cheers,
Jacob",
FALSE,FALSE,"Capital O Hotel Diro, Monterrey",hotel,"C. Washington 105-Oriente, Centro, 64000 Monterrey, N.L., Mexico",Monterrey,Mexico,+52 81 4770 1910,https://www.oyorooms.com/MX/104981/?utm_source=GMB_MX&utm_medium=Organic&utm_campaign=MX_MON030&latitude=25.6745617492883&longitude=-100.314494948834&locale=es,suzanne.holmes@oyorooms.com,accept_all,hunter_search,94,3.7,598,google_places_enriched,downtown_zone,7.0 km,"Hi Capital O Hotel Diro, Monterrey team,

There's a World Cup game 7.0 km from Capital O Hotel Diro, Monterrey, in less than 50 days, and 2× Estadio BBVA (110K) worth of fans coming to Monterrey.

We're CrowdReady - a group of data scientists building actionable reports for Monterrey businesses. We pulled the numbers for Capital O Hotel Diro, Monterrey specifically:

- who's coming (countries, ages, spending profile)
- when they'll be near you, hour by hour, on game day
- a Facebook/Instagram ad you can launch before kickoff— copy, audience, budget
- a day-of plan: when to staff up, what to stock, what to price up
- the single move with the highest projected revenue for Capital O Hotel Diro, Monterrey

Worth taking a look? I can send over a quick Capital O Hotel Diro, Monterrey snapshot today with the key numbers and the clearest opportunity we see.

If it's useful, 15 minutes on Zoom and I'll show you how to deploy it.

Cheers,
Lucas","Hi Capital O Hotel Diro, Monterrey team,

There's a World Cup game 7.0 km from Capital O Hotel Diro, Monterrey, in less than 50 days, and 2× Estadio BBVA (110K) worth of fans coming to Monterrey.

We're CrowdReady - a group of data scientists building actionable reports for Monterrey businesses. We pulled the numbers for Capital O Hotel Diro, Monterrey specifically:

- who's coming (countries, ages, spending profile)
- when they'll be near you, hour by hour, on game day
- a Facebook/Instagram ad you can launch before kickoff— copy, audience, budget
- a day-of plan: when to staff up, what to stock, what to price up
- the single move with the highest projected revenue for Capital O Hotel Diro, Monterrey

Worth taking a look? I can send over a quick Capital O Hotel Diro, Monterrey snapshot today with the key numbers and the clearest opportunity we see.

If it's useful, 15 minutes on Zoom and I'll show you how to deploy it.

Cheers,
Anthony","Hi Capital O Hotel Diro, Monterrey team,

There's a World Cup game 7.0 km from Capital O Hotel Diro, Monterrey, in less than 50 days, and 2× Estadio BBVA (110K) worth of fans coming to Monterrey.

We're CrowdReady - a group of data scientists building actionable reports for Monterrey businesses. We pulled the numbers for Capital O Hotel Diro, Monterrey specifically:

- who's coming (countries, ages, spending profile)
- when they'll be near you, hour by hour, on game day
- a Facebook/Instagram ad you can launch before kickoff— copy, audience, budget
- a day-of plan: when to staff up, what to stock, what to price up
- the single move with the highest projected revenue for Capital O Hotel Diro, Monterrey

Worth taking a look? I can send over a quick Capital O Hotel Diro, Monterrey snapshot today with the key numbers and the clearest opportunity we see.

If it's useful, 15 minutes on Zoom and I'll show you how to deploy it.

Cheers,
Jacob",
FALSE,FALSE,OYO Hotel Oasis,hotel,"Calle Emilio Carranza, esquina, C. Ruperto Martínez Ote. s/n, Centro, 64000 Monterrey, N.L., Mexico",Monterrey,Mexico,+52 55 4161 3372,https://www.oyorooms.com/332822/,suzanne.holmes@oyorooms.com,accept_all,hunter_search,94,3.4,296,google_places_enriched,downtown_zone,6.8 km,"Hi OYO Hotel Oasis team,

There's a World Cup game 6.8 km from OYO Hotel Oasis, in less than 50 days, and 2× Estadio BBVA (110K) worth of fans coming to Monterrey.

We're CrowdReady - a group of data scientists building actionable reports for Monterrey businesses. We pulled the numbers for OYO Hotel Oasis specifically:

- who's coming (countries, ages, spending profile)
- when they'll be near you, hour by hour, on game day
- a Facebook/Instagram ad you can launch before kickoff— copy, audience, budget
- a day-of plan: when to staff up, what to stock, what to price up
- the single move with the highest projected revenue for OYO Hotel Oasis

Worth taking a look? I can send over a quick OYO Hotel Oasis snapshot today with the key numbers and the clearest opportunity we see.

If it's useful, 15 minutes on Zoom and I'll show you how to deploy it.

Cheers,
Lucas","Hi OYO Hotel Oasis team,

There's a World Cup game 6.8 km from OYO Hotel Oasis, in less than 50 days, and 2× Estadio BBVA (110K) worth of fans coming to Monterrey.

We're CrowdReady - a group of data scientists building actionable reports for Monterrey businesses. We pulled the numbers for OYO Hotel Oasis specifically:

- who's coming (countries, ages, spending profile)
- when they'll be near you, hour by hour, on game day
- a Facebook/Instagram ad you can launch before kickoff— copy, audience, budget
- a day-of plan: when to staff up, what to stock, what to price up
- the single move with the highest projected revenue for OYO Hotel Oasis

Worth taking a look? I can send over a quick OYO Hotel Oasis snapshot today with the key numbers and the clearest opportunity we see.

If it's useful, 15 minutes on Zoom and I'll show you how to deploy it.

Cheers,
Anthony","Hi OYO Hotel Oasis team,

There's a World Cup game 6.8 km from OYO Hotel Oasis, in less than 50 days, and 2× Estadio BBVA (110K) worth of fans coming to Monterrey.

We're CrowdReady - a group of data scientists building actionable reports for Monterrey businesses. We pulled the numbers for OYO Hotel Oasis specifically:

- who's coming (countries, ages, spending profile)
- when they'll be near you, hour by hour, on game day
- a Facebook/Instagram ad you can launch before kickoff— copy, audience, budget
- a day-of plan: when to staff up, what to stock, what to price up
- the single move with the highest projected revenue for OYO Hotel Oasis

Worth taking a look? I can send over a quick OYO Hotel Oasis snapshot today with the key numbers and the clearest opportunity we see.

If it's useful, 15 minutes on Zoom and I'll show you how to deploy it.

Cheers,
Jacob",
FALSE,FALSE,Hotel Le-Gar,hotel,"Ignacio López Rayón 752, Centro, 64000 Monterrey, N.L., Mexico",Monterrey,Mexico,+52 81 8374 4860,http://www.hotelle-gar.com/,reservaciones@hotelle-gar.com,valid,hunter_search,99,4,1498,google_places_enriched,downtown_zone,7.7 km,"Hi Hotel Le-Gar team,

There's a World Cup game 7.7 km from Hotel Le-Gar, in less than 50 days, and 2× Estadio BBVA (110K) worth of fans coming to Monterrey.

We're CrowdReady - a group of data scientists building actionable reports for Monterrey businesses. We pulled the numbers for Hotel Le-Gar specifically:

- who's coming (countries, ages, spending profile)
- when they'll be near you, hour by hour, on game day
- a Facebook/Instagram ad you can launch before kickoff— copy, audience, budget
- a day-of plan: when to staff up, what to stock, what to price up
- the single move with the highest projected revenue for Hotel Le-Gar

Worth taking a look? I can send over a quick Hotel Le-Gar snapshot today with the key numbers and the clearest opportunity we see.

If it's useful, 15 minutes on Zoom and I'll show you how to deploy it.

Cheers,
Lucas","Hi Hotel Le-Gar team,

There's a World Cup game 7.7 km from Hotel Le-Gar, in less than 50 days, and 2× Estadio BBVA (110K) worth of fans coming to Monterrey.

We're CrowdReady - a group of data scientists building actionable reports for Monterrey businesses. We pulled the numbers for Hotel Le-Gar specifically:

- who's coming (countries, ages, spending profile)
- when they'll be near you, hour by hour, on game day
- a Facebook/Instagram ad you can launch before kickoff— copy, audience, budget
- a day-of plan: when to staff up, what to stock, what to price up
- the single move with the highest projected revenue for Hotel Le-Gar

Worth taking a look? I can send over a quick Hotel Le-Gar snapshot today with the key numbers and the clearest opportunity we see.

If it's useful, 15 minutes on Zoom and I'll show you how to deploy it.

Cheers,
Anthony","Hi Hotel Le-Gar team,

There's a World Cup game 7.7 km from Hotel Le-Gar, in less than 50 days, and 2× Estadio BBVA (110K) worth of fans coming to Monterrey.

We're CrowdReady - a group of data scientists building actionable reports for Monterrey businesses. We pulled the numbers for Hotel Le-Gar specifically:

- who's coming (countries, ages, spending profile)
- when they'll be near you, hour by hour, on game day
- a Facebook/Instagram ad you can launch before kickoff— copy, audience, budget
- a day-of plan: when to staff up, what to stock, what to price up
- the single move with the highest projected revenue for Hotel Le-Gar

Worth taking a look? I can send over a quick Hotel Le-Gar snapshot today with the key numbers and the clearest opportunity we see.

If it's useful, 15 minutes on Zoom and I'll show you how to deploy it.

Cheers,
Jacob",
FALSE,FALSE,Almacén 42,sports_bar,"José María Morelos 852, Barrio Antiguo, Centro, 64000 Monterrey, N.L., Mexico",Monterrey,Mexico,+52 81 2418 9460,http://www.almacen42.com/,mario@almacen42.com,valid,hunter_search,84,4.5,3317,google_places_enriched,downtown_zone,5.9 km,"Hi Almacén 42 team,

There's a World Cup game 5.9 km from Almacén 42, in less than 50 days, and 2× Estadio BBVA (110K) worth of fans coming to Monterrey.

We're CrowdReady - a group of data scientists building actionable reports for Monterrey businesses. We pulled the numbers for Almacén 42 specifically:

- who's coming (countries, ages, spending profile)
- when they'll be near you, hour by hour, on game day
- a Facebook/Instagram ad you can launch before kickoff— copy, audience, budget
- a day-of plan: when to staff up, what to stock, what to price up
- the single move with the highest projected revenue for Almacén 42

Worth taking a look? I can send over a quick Almacén 42 snapshot today with the key numbers and the clearest opportunity we see.

If it's useful, 15 minutes on Zoom and I'll show you how to deploy it.

Cheers,
Lucas","Hi Almacén 42 team,

There's a World Cup game 5.9 km from Almacén 42, in less than 50 days, and 2× Estadio BBVA (110K) worth of fans coming to Monterrey.

We're CrowdReady - a group of data scientists building actionable reports for Monterrey businesses. We pulled the numbers for Almacén 42 specifically:

- who's coming (countries, ages, spending profile)
- when they'll be near you, hour by hour, on game day
- a Facebook/Instagram ad you can launch before kickoff— copy, audience, budget
- a day-of plan: when to staff up, what to stock, what to price up
- the single move with the highest projected revenue for Almacén 42

Worth taking a look? I can send over a quick Almacén 42 snapshot today with the key numbers and the clearest opportunity we see.

If it's useful, 15 minutes on Zoom and I'll show you how to deploy it.

Cheers,
Anthony","Hi Almacén 42 team,

There's a World Cup game 5.9 km from Almacén 42, in less than 50 days, and 2× Estadio BBVA (110K) worth of fans coming to Monterrey.

We're CrowdReady - a group of data scientists building actionable reports for Monterrey businesses. We pulled the numbers for Almacén 42 specifically:

- who's coming (countries, ages, spending profile)
- when they'll be near you, hour by hour, on game day
- a Facebook/Instagram ad you can launch before kickoff— copy, audience, budget
- a day-of plan: when to staff up, what to stock, what to price up
- the single move with the highest projected revenue for Almacén 42

Worth taking a look? I can send over a quick Almacén 42 snapshot today with the key numbers and the clearest opportunity we see.

If it's useful, 15 minutes on Zoom and I'll show you how to deploy it.

Cheers,
Jacob",
FALSE,FALSE,Cafe Belmonte Bar,sports_bar,"Ignacio Allende 895, Centro, 64000 Monterrey, N.L., Mexico",Monterrey,Mexico,+52 81 3276 3624,https://belmontemonterrey.tumblr.com/,lucila.stancato@tumblr.com,valid,hunter_search,89,4.6,1595,google_places_enriched,downtown_zone,6.3 km,"Hi Cafe Belmonte Bar team,

There's a World Cup game 6.3 km from Cafe Belmonte Bar, in less than 50 days, and 2× Estadio BBVA (110K) worth of fans coming to Monterrey.

We're CrowdReady - a group of data scientists building actionable reports for Monterrey businesses. We pulled the numbers for Cafe Belmonte Bar specifically:

- who's coming (countries, ages, spending profile)
- when they'll be near you, hour by hour, on game day
- a Facebook/Instagram ad you can launch before kickoff— copy, audience, budget
- a day-of plan: when to staff up, what to stock, what to price up
- the single move with the highest projected revenue for Cafe Belmonte Bar

Worth taking a look? I can send over a quick Cafe Belmonte Bar snapshot today with the key numbers and the clearest opportunity we see.

If it's useful, 15 minutes on Zoom and I'll show you how to deploy it.

Cheers,
Lucas","Hi Cafe Belmonte Bar team,

There's a World Cup game 6.3 km from Cafe Belmonte Bar, in less than 50 days, and 2× Estadio BBVA (110K) worth of fans coming to Monterrey.

We're CrowdReady - a group of data scientists building actionable reports for Monterrey businesses. We pulled the numbers for Cafe Belmonte Bar specifically:

- who's coming (countries, ages, spending profile)
- when they'll be near you, hour by hour, on game day
- a Facebook/Instagram ad you can launch before kickoff— copy, audience, budget
- a day-of plan: when to staff up, what to stock, what to price up
- the single move with the highest projected revenue for Cafe Belmonte Bar

Worth taking a look? I can send over a quick Cafe Belmonte Bar snapshot today with the key numbers and the clearest opportunity we see.

If it's useful, 15 minutes on Zoom and I'll show you how to deploy it.

Cheers,
Anthony","Hi Cafe Belmonte Bar team,

There's a World Cup game 6.3 km from Cafe Belmonte Bar, in less than 50 days, and 2× Estadio BBVA (110K) worth of fans coming to Monterrey.

We're CrowdReady - a group of data scientists building actionable reports for Monterrey businesses. We pulled the numbers for Cafe Belmonte Bar specifically:

- who's coming (countries, ages, spending profile)
- when they'll be near you, hour by hour, on game day
- a Facebook/Instagram ad you can launch before kickoff— copy, audience, budget
- a day-of plan: when to staff up, what to stock, what to price up
- the single move with the highest projected revenue for Cafe Belmonte Bar

Worth taking a look? I can send over a quick Cafe Belmonte Bar snapshot today with the key numbers and the clearest opportunity we see.

If it's useful, 15 minutes on Zoom and I'll show you how to deploy it.

Cheers,
Jacob",
FALSE,FALSE,Feelgrow,sports_bar,"Dr. José Ma. Coss 1027, Barrio Antiguo, Centro, 64000 Monterrey, N.L., Mexico",Monterrey,Mexico,+52 81 8345 0103,http://www.feelgrow.com/,info@feelgrow.com,valid,hunter_search,76,4.4,1577,google_places_enriched,downtown_zone,6.5 km,"Hi Feelgrow team,

There's a World Cup game 6.5 km from Feelgrow, in less than 50 days, and 2× Estadio BBVA (110K) worth of fans coming to Monterrey.

We're CrowdReady - a group of data scientists building actionable reports for Monterrey businesses. We pulled the numbers for Feelgrow specifically:

- who's coming (countries, ages, spending profile)
- when they'll be near you, hour by hour, on game day
- a Facebook/Instagram ad you can launch before kickoff— copy, audience, budget
- a day-of plan: when to staff up, what to stock, what to price up
- the single move with the highest projected revenue for Feelgrow

Worth taking a look? I can send over a quick Feelgrow snapshot today with the key numbers and the clearest opportunity we see.

If it's useful, 15 minutes on Zoom and I'll show you how to deploy it.

Cheers,
Lucas","Hi Feelgrow team,

There's a World Cup game 6.5 km from Feelgrow, in less than 50 days, and 2× Estadio BBVA (110K) worth of fans coming to Monterrey.

We're CrowdReady - a group of data scientists building actionable reports for Monterrey businesses. We pulled the numbers for Feelgrow specifically:

- who's coming (countries, ages, spending profile)
- when they'll be near you, hour by hour, on game day
- a Facebook/Instagram ad you can launch before kickoff— copy, audience, budget
- a day-of plan: when to staff up, what to stock, what to price up
- the single move with the highest projected revenue for Feelgrow

Worth taking a look? I can send over a quick Feelgrow snapshot today with the key numbers and the clearest opportunity we see.

If it's useful, 15 minutes on Zoom and I'll show you how to deploy it.

Cheers,
Anthony","Hi Feelgrow team,

There's a World Cup game 6.5 km from Feelgrow, in less than 50 days, and 2× Estadio BBVA (110K) worth of fans coming to Monterrey.

We're CrowdReady - a group of data scientists building actionable reports for Monterrey businesses. We pulled the numbers for Feelgrow specifically:

- who's coming (countries, ages, spending profile)
- when they'll be near you, hour by hour, on game day
- a Facebook/Instagram ad you can launch before kickoff— copy, audience, budget
- a day-of plan: when to staff up, what to stock, what to price up
- the single move with the highest projected revenue for Feelgrow

Worth taking a look? I can send over a quick Feelgrow snapshot today with the key numbers and the clearest opportunity we see.

If it's useful, 15 minutes on Zoom and I'll show you how to deploy it.

Cheers,
Jacob",
FALSE,FALSE,ROCKA MAR TERRAZA Y JARDIN,sports_bar,"C. Aramberri 904-ote, Centro, 64000 Monterrey, N.L., Mexico",Monterrey,Mexico,+52 81 4160 5555,https://rockamar.com/,terraza@rockamar.com,valid,scraped_website,91,4.8,44,google_places_enriched,downtown_zone,6.3 km,"Hi ROCKA MAR TERRAZA Y JARDIN team,

There's a World Cup game 6.3 km from ROCKA MAR TERRAZA Y JARDIN, in less than 50 days, and 2× Estadio BBVA (110K) worth of fans coming to Monterrey.

We're CrowdReady - a group of data scientists building actionable reports for Monterrey businesses. We pulled the numbers for ROCKA MAR TERRAZA Y JARDIN specifically:

- who's coming (countries, ages, spending profile)
- when they'll be near you, hour by hour, on game day
- a Facebook/Instagram ad you can launch before kickoff— copy, audience, budget
- a day-of plan: when to staff up, what to stock, what to price up
- the single move with the highest projected revenue for ROCKA MAR TERRAZA Y JARDIN

Worth taking a look? I can send over a quick ROCKA MAR TERRAZA Y JARDIN snapshot today with the key numbers and the clearest opportunity we see.

If it's useful, 15 minutes on Zoom and I'll show you how to deploy it.

Cheers,
Lucas","Hi ROCKA MAR TERRAZA Y JARDIN team,

There's a World Cup game 6.3 km from ROCKA MAR TERRAZA Y JARDIN, in less than 50 days, and 2× Estadio BBVA (110K) worth of fans coming to Monterrey.

We're CrowdReady - a group of data scientists building actionable reports for Monterrey businesses. We pulled the numbers for ROCKA MAR TERRAZA Y JARDIN specifically:

- who's coming (countries, ages, spending profile)
- when they'll be near you, hour by hour, on game day
- a Facebook/Instagram ad you can launch before kickoff— copy, audience, budget
- a day-of plan: when to staff up, what to stock, what to price up
- the single move with the highest projected revenue for ROCKA MAR TERRAZA Y JARDIN

Worth taking a look? I can send over a quick ROCKA MAR TERRAZA Y JARDIN snapshot today with the key numbers and the clearest opportunity we see.

If it's useful, 15 minutes on Zoom and I'll show you how to deploy it.

Cheers,
Anthony","Hi ROCKA MAR TERRAZA Y JARDIN team,

There's a World Cup game 6.3 km from ROCKA MAR TERRAZA Y JARDIN, in less than 50 days, and 2× Estadio BBVA (110K) worth of fans coming to Monterrey.

We're CrowdReady - a group of data scientists building actionable reports for Monterrey businesses. We pulled the numbers for ROCKA MAR TERRAZA Y JARDIN specifically:

- who's coming (countries, ages, spending profile)
- when they'll be near you, hour by hour, on game day
- a Facebook/Instagram ad you can launch before kickoff— copy, audience, budget
- a day-of plan: when to staff up, what to stock, what to price up
- the single move with the highest projected revenue for ROCKA MAR TERRAZA Y JARDIN

Worth taking a look? I can send over a quick ROCKA MAR TERRAZA Y JARDIN snapshot today with the key numbers and the clearest opportunity we see.

If it's useful, 15 minutes on Zoom and I'll show you how to deploy it.

Cheers,
Jacob",
FALSE,FALSE,Sunset Rooftop Bar,sports_bar,"Adolfo Prieto 2405, Obrera, 64010 Monterrey, N.L., Mexico",Monterrey,Mexico,,https://www.instagram.com/sunset.rooftopmixology,soniaalam@instagram.com,accept_all,hunter_search,94,4.8,15,google_places_enriched,downtown_zone,4.8 km,"Hi Sunset Rooftop Bar team,

There's a World Cup game 4.8 km from Sunset Rooftop Bar, in less than 50 days, and 2× Estadio BBVA (110K) worth of fans coming to Monterrey.

We're CrowdReady - a group of data scientists building actionable reports for Monterrey businesses. We pulled the numbers for Sunset Rooftop Bar specifically:

- who's coming (countries, ages, spending profile)
- when they'll be near you, hour by hour, on game day
- a Facebook/Instagram ad you can launch before kickoff— copy, audience, budget
- a day-of plan: when to staff up, what to stock, what to price up
- the single move with the highest projected revenue for Sunset Rooftop Bar

Worth taking a look? I can send over a quick Sunset Rooftop Bar snapshot today with the key numbers and the clearest opportunity we see.

If it's useful, 15 minutes on Zoom and I'll show you how to deploy it.

Cheers,
Lucas","Hi Sunset Rooftop Bar team,

There's a World Cup game 4.8 km from Sunset Rooftop Bar, in less than 50 days, and 2× Estadio BBVA (110K) worth of fans coming to Monterrey.

We're CrowdReady - a group of data scientists building actionable reports for Monterrey businesses. We pulled the numbers for Sunset Rooftop Bar specifically:

- who's coming (countries, ages, spending profile)
- when they'll be near you, hour by hour, on game day
- a Facebook/Instagram ad you can launch before kickoff— copy, audience, budget
- a day-of plan: when to staff up, what to stock, what to price up
- the single move with the highest projected revenue for Sunset Rooftop Bar

Worth taking a look? I can send over a quick Sunset Rooftop Bar snapshot today with the key numbers and the clearest opportunity we see.

If it's useful, 15 minutes on Zoom and I'll show you how to deploy it.

Cheers,
Anthony","Hi Sunset Rooftop Bar team,

There's a World Cup game 4.8 km from Sunset Rooftop Bar, in less than 50 days, and 2× Estadio BBVA (110K) worth of fans coming to Monterrey.

We're CrowdReady - a group of data scientists building actionable reports for Monterrey businesses. We pulled the numbers for Sunset Rooftop Bar specifically:

- who's coming (countries, ages, spending profile)
- when they'll be near you, hour by hour, on game day
- a Facebook/Instagram ad you can launch before kickoff— copy, audience, budget
- a day-of plan: when to staff up, what to stock, what to price up
- the single move with the highest projected revenue for Sunset Rooftop Bar

Worth taking a look? I can send over a quick Sunset Rooftop Bar snapshot today with the key numbers and the clearest opportunity we see.

If it's useful, 15 minutes on Zoom and I'll show you how to deploy it.

Cheers,
Jacob",
FALSE,FALSE,Casa Padre Mier,sports_bar,"Padre Mier 970, Centro, 64000 Monterrey, N.L., Mexico",Monterrey,Mexico,+52 81 1968 0055,https://casapadremier.com/,eventos@casapadremier.com,valid,scraped_website,100,4.5,1057,google_places_enriched,downtown_zone,8.5 km,"Hi Casa Padre Mier team,

There's a World Cup game 8.5 km from Casa Padre Mier, in less than 50 days, and 2× Estadio BBVA (110K) worth of fans coming to Monterrey.

We're CrowdReady - a group of data scientists building actionable reports for Monterrey businesses. We pulled the numbers for Casa Padre Mier specifically:

- who's coming (countries, ages, spending profile)
- when they'll be near you, hour by hour, on game day
- a Facebook/Instagram ad you can launch before kickoff— copy, audience, budget
- a day-of plan: when to staff up, what to stock, what to price up
- the single move with the highest projected revenue for Casa Padre Mier

Worth taking a look? I can send over a quick Casa Padre Mier snapshot today with the key numbers and the clearest opportunity we see.

If it's useful, 15 minutes on Zoom and I'll show you how to deploy it.

Cheers,
Lucas","Hi Casa Padre Mier team,

There's a World Cup game 8.5 km from Casa Padre Mier, in less than 50 days, and 2× Estadio BBVA (110K) worth of fans coming to Monterrey.

We're CrowdReady - a group of data scientists building actionable reports for Monterrey businesses. We pulled the numbers for Casa Padre Mier specifically:

- who's coming (countries, ages, spending profile)
- when they'll be near you, hour by hour, on game day
- a Facebook/Instagram ad you can launch before kickoff— copy, audience, budget
- a day-of plan: when to staff up, what to stock, what to price up
- the single move with the highest projected revenue for Casa Padre Mier

Worth taking a look? I can send over a quick Casa Padre Mier snapshot today with the key numbers and the clearest opportunity we see.

If it's useful, 15 minutes on Zoom and I'll show you how to deploy it.

Cheers,
Anthony","Hi Casa Padre Mier team,

There's a World Cup game 8.5 km from Casa Padre Mier, in less than 50 days, and 2× Estadio BBVA (110K) worth of fans coming to Monterrey.

We're CrowdReady - a group of data scientists building actionable reports for Monterrey businesses. We pulled the numbers for Casa Padre Mier specifically:

- who's coming (countries, ages, spending profile)
- when they'll be near you, hour by hour, on game day
- a Facebook/Instagram ad you can launch before kickoff— copy, audience, budget
- a day-of plan: when to staff up, what to stock, what to price up
- the single move with the highest projected revenue for Casa Padre Mier

Worth taking a look? I can send over a quick Casa Padre Mier snapshot today with the key numbers and the clearest opportunity we see.

If it's useful, 15 minutes on Zoom and I'll show you how to deploy it.

Cheers,
Jacob",
FALSE,FALSE,MAVERICK MTY,sports_bar,"Rio Mississippi 103D, Col. del Valle, Del Valle, 66220 San Pedro Garza García, N.L., Mexico",Monterrey,Mexico,+52 81 1979 5146,https://maverickmty.com/,informacion@maverickmty.com,valid,hunter_search,78,4.6,900,google_places_enriched,uptown_zone,12 km,"Hi MAVERICK MTY team,

There's a World Cup game 12 km from MAVERICK MTY, in less than 50 days, and 2× Estadio BBVA (110K) worth of fans coming to Monterrey.

We're CrowdReady - a group of data scientists building actionable reports for Monterrey businesses. We pulled the numbers for MAVERICK MTY specifically:

- who's coming (countries, ages, spending profile)
- when they'll be near you, hour by hour, on game day
- a Facebook/Instagram ad you can launch before kickoff— copy, audience, budget
- a day-of plan: when to staff up, what to stock, what to price up
- the single move with the highest projected revenue for MAVERICK MTY

Worth taking a look? I can send over a quick MAVERICK MTY snapshot today with the key numbers and the clearest opportunity we see.

If it's useful, 15 minutes on Zoom and I'll show you how to deploy it.

Cheers,
Lucas","Hi MAVERICK MTY team,

There's a World Cup game 12 km from MAVERICK MTY, in less than 50 days, and 2× Estadio BBVA (110K) worth of fans coming to Monterrey.

We're CrowdReady - a group of data scientists building actionable reports for Monterrey businesses. We pulled the numbers for MAVERICK MTY specifically:

- who's coming (countries, ages, spending profile)
- when they'll be near you, hour by hour, on game day
- a Facebook/Instagram ad you can launch before kickoff— copy, audience, budget
- a day-of plan: when to staff up, what to stock, what to price up
- the single move with the highest projected revenue for MAVERICK MTY

Worth taking a look? I can send over a quick MAVERICK MTY snapshot today with the key numbers and the clearest opportunity we see.

If it's useful, 15 minutes on Zoom and I'll show you how to deploy it.

Cheers,
Anthony","Hi MAVERICK MTY team,

There's a World Cup game 12 km from MAVERICK MTY, in less than 50 days, and 2× Estadio BBVA (110K) worth of fans coming to Monterrey.

We're CrowdReady - a group of data scientists building actionable reports for Monterrey businesses. We pulled the numbers for MAVERICK MTY specifically:

- who's coming (countries, ages, spending profile)
- when they'll be near you, hour by hour, on game day
- a Facebook/Instagram ad you can launch before kickoff— copy, audience, budget
- a day-of plan: when to staff up, what to stock, what to price up
- the single move with the highest projected revenue for MAVERICK MTY

Worth taking a look? I can send over a quick MAVERICK MTY snapshot today with the key numbers and the clearest opportunity we see.

If it's useful, 15 minutes on Zoom and I'll show you how to deploy it.

Cheers,
Jacob",
FALSE,FALSE,PINTO BAR,sports_bar,"Av. del Roble 300, Residencial Santa Barbara, 66273 San Pedro Garza García, N.L., Mexico",Monterrey,Mexico,,http://www.pinto.bar/,info@pinto.bar,accept_all,scraped_website,81,4.5,573,google_places_enriched,uptown_zone,12 km,"Hi PINTO BAR team,

There's a World Cup game 12 km from PINTO BAR, in less than 50 days, and 2× Estadio BBVA (110K) worth of fans coming to Monterrey.

We're CrowdReady - a group of data scientists building actionable reports for Monterrey businesses. We pulled the numbers for PINTO BAR specifically:

- who's coming (countries, ages, spending profile)
- when they'll be near you, hour by hour, on game day
- a Facebook/Instagram ad you can launch before kickoff— copy, audience, budget
- a day-of plan: when to staff up, what to stock, what to price up
- the single move with the highest projected revenue for PINTO BAR

Worth taking a look? I can send over a quick PINTO BAR snapshot today with the key numbers and the clearest opportunity we see.

If it's useful, 15 minutes on Zoom and I'll show you how to deploy it.

Cheers,
Lucas","Hi PINTO BAR team,

There's a World Cup game 12 km from PINTO BAR, in less than 50 days, and 2× Estadio BBVA (110K) worth of fans coming to Monterrey.

We're CrowdReady - a group of data scientists building actionable reports for Monterrey businesses. We pulled the numbers for PINTO BAR specifically:

- who's coming (countries, ages, spending profile)
- when they'll be near you, hour by hour, on game day
- a Facebook/Instagram ad you can launch before kickoff— copy, audience, budget
- a day-of plan: when to staff up, what to stock, what to price up
- the single move with the highest projected revenue for PINTO BAR

Worth taking a look? I can send over a quick PINTO BAR snapshot today with the key numbers and the clearest opportunity we see.

If it's useful, 15 minutes on Zoom and I'll show you how to deploy it.

Cheers,
Anthony","Hi PINTO BAR team,

There's a World Cup game 12 km from PINTO BAR, in less than 50 days, and 2× Estadio BBVA (110K) worth of fans coming to Monterrey.

We're CrowdReady - a group of data scientists building actionable reports for Monterrey businesses. We pulled the numbers for PINTO BAR specifically:

- who's coming (countries, ages, spending profile)
- when they'll be near you, hour by hour, on game day
- a Facebook/Instagram ad you can launch before kickoff— copy, audience, budget
- a day-of plan: when to staff up, what to stock, what to price up
- the single move with the highest projected revenue for PINTO BAR

Worth taking a look? I can send over a quick PINTO BAR snapshot today with the key numbers and the clearest opportunity we see.

If it's useful, 15 minutes on Zoom and I'll show you how to deploy it.

Cheers,
Jacob",
FALSE,FALSE,The Little Wine Market,cocktail_bar,"Río tamazunchale 101-A Torre MR900, Del Valle, 66220 San Pedro Garza García, N.L., Mexico",Monterrey,Mexico,+52 81 8335 2900,http://thelittlewinemarket.com/,ventasweb@thelittlewinemarket.com,valid,scraped_website,100,4.7,101,google_places_enriched,uptown_zone,12 km,"Hi The Little Wine Market team,

There's a World Cup game 12 km from The Little Wine Market, in less than 50 days, and 2× Estadio BBVA (110K) worth of fans coming to Monterrey.

We're CrowdReady - a group of data scientists building actionable reports for Monterrey businesses. We pulled the numbers for The Little Wine Market specifically:

- who's coming (countries, ages, spending profile)
- when they'll be near you, hour by hour, on game day
- a Facebook/Instagram ad you can launch before kickoff— copy, audience, budget
- a day-of plan: when to staff up, what to stock, what to price up
- the single move with the highest projected revenue for The Little Wine Market

Worth taking a look? I can send over a quick The Little Wine Market snapshot today with the key numbers and the clearest opportunity we see.

If it's useful, 15 minutes on Zoom and I'll show you how to deploy it.

Cheers,
Lucas","Hi The Little Wine Market team,

There's a World Cup game 12 km from The Little Wine Market, in less than 50 days, and 2× Estadio BBVA (110K) worth of fans coming to Monterrey.

We're CrowdReady - a group of data scientists building actionable reports for Monterrey businesses. We pulled the numbers for The Little Wine Market specifically:

- who's coming (countries, ages, spending profile)
- when they'll be near you, hour by hour, on game day
- a Facebook/Instagram ad you can launch before kickoff— copy, audience, budget
- a day-of plan: when to staff up, what to stock, what to price up
- the single move with the highest projected revenue for The Little Wine Market

Worth taking a look? I can send over a quick The Little Wine Market snapshot today with the key numbers and the clearest opportunity we see.

If it's useful, 15 minutes on Zoom and I'll show you how to deploy it.

Cheers,
Anthony","Hi The Little Wine Market team,

There's a World Cup game 12 km from The Little Wine Market, in less than 50 days, and 2× Estadio BBVA (110K) worth of fans coming to Monterrey.

We're CrowdReady - a group of data scientists building actionable reports for Monterrey businesses. We pulled the numbers for The Little Wine Market specifically:

- who's coming (countries, ages, spending profile)
- when they'll be near you, hour by hour, on game day
- a Facebook/Instagram ad you can launch before kickoff— copy, audience, budget
- a day-of plan: when to staff up, what to stock, what to price up
- the single move with the highest projected revenue for The Little Wine Market

Worth taking a look? I can send over a quick The Little Wine Market snapshot today with the key numbers and the clearest opportunity we see.

If it's useful, 15 minutes on Zoom and I'll show you how to deploy it.

Cheers,
Jacob",
FALSE,FALSE,La Castellana,cocktail_bar,"Calz. del Valle 350, Del Valle, 66220 San Pedro Garza García, N.L., Mexico",Monterrey,Mexico,+52 81 2317 0029,https://linktr.ee/lacastellanamty,tim@linktr.ee,valid,hunter_search,94,4.7,537,google_places_enriched,uptown_zone,12 km,"Hi La Castellana team,

There's a World Cup game 12 km from La Castellana, in less than 50 days, and 2× Estadio BBVA (110K) worth of fans coming to Monterrey.

We're CrowdReady - a group of data scientists building actionable reports for Monterrey businesses. We pulled the numbers for La Castellana specifically:

- who's coming (countries, ages, spending profile)
- when they'll be near you, hour by hour, on game day
- a Facebook/Instagram ad you can launch before kickoff— copy, audience, budget
- a day-of plan: when to staff up, what to stock, what to price up
- the single move with the highest projected revenue for La Castellana

Worth taking a look? I can send over a quick La Castellana snapshot today with the key numbers and the clearest opportunity we see.

If it's useful, 15 minutes on Zoom and I'll show you how to deploy it.

Cheers,
Lucas","Hi La Castellana team,

There's a World Cup game 12 km from La Castellana, in less than 50 days, and 2× Estadio BBVA (110K) worth of fans coming to Monterrey.

We're CrowdReady - a group of data scientists building actionable reports for Monterrey businesses. We pulled the numbers for La Castellana specifically:

- who's coming (countries, ages, spending profile)
- when they'll be near you, hour by hour, on game day
- a Facebook/Instagram ad you can launch before kickoff— copy, audience, budget
- a day-of plan: when to staff up, what to stock, what to price up
- the single move with the highest projected revenue for La Castellana

Worth taking a look? I can send over a quick La Castellana snapshot today with the key numbers and the clearest opportunity we see.

If it's useful, 15 minutes on Zoom and I'll show you how to deploy it.

Cheers,
Anthony","Hi La Castellana team,

There's a World Cup game 12 km from La Castellana, in less than 50 days, and 2× Estadio BBVA (110K) worth of fans coming to Monterrey.

We're CrowdReady - a group of data scientists building actionable reports for Monterrey businesses. We pulled the numbers for La Castellana specifically:

- who's coming (countries, ages, spending profile)
- when they'll be near you, hour by hour, on game day
- a Facebook/Instagram ad you can launch before kickoff— copy, audience, budget
- a day-of plan: when to staff up, what to stock, what to price up
- the single move with the highest projected revenue for La Castellana

Worth taking a look? I can send over a quick La Castellana snapshot today with the key numbers and the clearest opportunity we see.

If it's useful, 15 minutes on Zoom and I'll show you how to deploy it.

Cheers,
Jacob",
FALSE,FALSE,Cosmo San Pedro,cocktail_bar,"Río Orinoco 106, Del Valle, 66250 San Pedro Garza García, N.L., Mexico",Monterrey,Mexico,+52 81 8335 9221,https://www.instagram.com/cosmo_sp,soniaalam@instagram.com,accept_all,hunter_search,94,2.5,177,google_places_enriched,uptown_zone,12 km,"Hi Cosmo San Pedro team,

There's a World Cup game 12 km from Cosmo San Pedro, in less than 50 days, and 2× Estadio BBVA (110K) worth of fans coming to Monterrey.

We're CrowdReady - a group of data scientists building actionable reports for Monterrey businesses. We pulled the numbers for Cosmo San Pedro specifically:

- who's coming (countries, ages, spending profile)
- when they'll be near you, hour by hour, on game day
- a Facebook/Instagram ad you can launch before kickoff— copy, audience, budget
- a day-of plan: when to staff up, what to stock, what to price up
- the single move with the highest projected revenue for Cosmo San Pedro

Worth taking a look? I can send over a quick Cosmo San Pedro snapshot today with the key numbers and the clearest opportunity we see.

If it's useful, 15 minutes on Zoom and I'll show you how to deploy it.

Cheers,
Lucas","Hi Cosmo San Pedro team,

There's a World Cup game 12 km from Cosmo San Pedro, in less than 50 days, and 2× Estadio BBVA (110K) worth of fans coming to Monterrey.

We're CrowdReady - a group of data scientists building actionable reports for Monterrey businesses. We pulled the numbers for Cosmo San Pedro specifically:

- who's coming (countries, ages, spending profile)
- when they'll be near you, hour by hour, on game day
- a Facebook/Instagram ad you can launch before kickoff— copy, audience, budget
- a day-of plan: when to staff up, what to stock, what to price up
- the single move with the highest projected revenue for Cosmo San Pedro

Worth taking a look? I can send over a quick Cosmo San Pedro snapshot today with the key numbers and the clearest opportunity we see.

If it's useful, 15 minutes on Zoom and I'll show you how to deploy it.

Cheers,
Anthony","Hi Cosmo San Pedro team,

There's a World Cup game 12 km from Cosmo San Pedro, in less than 50 days, and 2× Estadio BBVA (110K) worth of fans coming to Monterrey.

We're CrowdReady - a group of data scientists building actionable reports for Monterrey businesses. We pulled the numbers for Cosmo San Pedro specifically:

- who's coming (countries, ages, spending profile)
- when they'll be near you, hour by hour, on game day
- a Facebook/Instagram ad you can launch before kickoff— copy, audience, budget
- a day-of plan: when to staff up, what to stock, what to price up
- the single move with the highest projected revenue for Cosmo San Pedro

Worth taking a look? I can send over a quick Cosmo San Pedro snapshot today with the key numbers and the clearest opportunity we see.

If it's useful, 15 minutes on Zoom and I'll show you how to deploy it.

Cheers,
Jacob",
FALSE,FALSE,Callejero 198,sports_bar,"Rio Mississippi 198, Del Valle, 66220 San Pedro Garza García, N.L., Mexico",Monterrey,Mexico,+52 81 2968 9040,https://www.instagram.com/callejero198,soniaalam@instagram.com,accept_all,hunter_search,94,4.3,245,google_places_enriched,uptown_zone,12 km,"Hi Callejero 198 team,

There's a World Cup game 12 km from Callejero 198, in less than 50 days, and 2× Estadio BBVA (110K) worth of fans coming to Monterrey.

We're CrowdReady - a group of data scientists building actionable reports for Monterrey businesses. We pulled the numbers for Callejero 198 specifically:

- who's coming (countries, ages, spending profile)
- when they'll be near you, hour by hour, on game day
- a Facebook/Instagram ad you can launch before kickoff— copy, audience, budget
- a day-of plan: when to staff up, what to stock, what to price up
- the single move with the highest projected revenue for Callejero 198

Worth taking a look? I can send over a quick Callejero 198 snapshot today with the key numbers and the clearest opportunity we see.

If it's useful, 15 minutes on Zoom and I'll show you how to deploy it.

Cheers,
Lucas","Hi Callejero 198 team,

There's a World Cup game 12 km from Callejero 198, in less than 50 days, and 2× Estadio BBVA (110K) worth of fans coming to Monterrey.

We're CrowdReady - a group of data scientists building actionable reports for Monterrey businesses. We pulled the numbers for Callejero 198 specifically:

- who's coming (countries, ages, spending profile)
- when they'll be near you, hour by hour, on game day
- a Facebook/Instagram ad you can launch before kickoff— copy, audience, budget
- a day-of plan: when to staff up, what to stock, what to price up
- the single move with the highest projected revenue for Callejero 198

Worth taking a look? I can send over a quick Callejero 198 snapshot today with the key numbers and the clearest opportunity we see.

If it's useful, 15 minutes on Zoom and I'll show you how to deploy it.

Cheers,
Anthony","Hi Callejero 198 team,

There's a World Cup game 12 km from Callejero 198, in less than 50 days, and 2× Estadio BBVA (110K) worth of fans coming to Monterrey.

We're CrowdReady - a group of data scientists building actionable reports for Monterrey businesses. We pulled the numbers for Callejero 198 specifically:

- who's coming (countries, ages, spending profile)
- when they'll be near you, hour by hour, on game day
- a Facebook/Instagram ad you can launch before kickoff— copy, audience, budget
- a day-of plan: when to staff up, what to stock, what to price up
- the single move with the highest projected revenue for Callejero 198

Worth taking a look? I can send over a quick Callejero 198 snapshot today with the key numbers and the clearest opportunity we see.

If it's useful, 15 minutes on Zoom and I'll show you how to deploy it.

Cheers,
Jacob",
FALSE,FALSE,La Tusa Mx Barrio Antiguo,sports_bar,"Dr. José Ma. Coss 1233-Sur, Barrio Antiguo, Centro, 64000 Monterrey, N.L., Mexico",Monterrey,Mexico,+52 81 1680 9177,https://www.latusa.mx/,hola@latusa.mx,accept_all,scraped_website,72,4.7,863,google_places_enriched,deep_ellum_zone,6.6 km,"Hi La Tusa Mx Barrio Antiguo team,

There's a World Cup game 6.6 km from La Tusa Mx Barrio Antiguo, in less than 50 days, and 2× Estadio BBVA (110K) worth of fans coming to Monterrey.

We're CrowdReady - a group of data scientists building actionable reports for Monterrey businesses. We pulled the numbers for La Tusa Mx Barrio Antiguo specifically:

- who's coming (countries, ages, spending profile)
- when they'll be near you, hour by hour, on game day
- a Facebook/Instagram ad you can launch before kickoff— copy, audience, budget
- a day-of plan: when to staff up, what to stock, what to price up
- the single move with the highest projected revenue for La Tusa Mx Barrio Antiguo

Worth taking a look? I can send over a quick La Tusa Mx Barrio Antiguo snapshot today with the key numbers and the clearest opportunity we see.

If it's useful, 15 minutes on Zoom and I'll show you how to deploy it.

Cheers,
Lucas","Hi La Tusa Mx Barrio Antiguo team,

There's a World Cup game 6.6 km from La Tusa Mx Barrio Antiguo, in less than 50 days, and 2× Estadio BBVA (110K) worth of fans coming to Monterrey.

We're CrowdReady - a group of data scientists building actionable reports for Monterrey businesses. We pulled the numbers for La Tusa Mx Barrio Antiguo specifically:

- who's coming (countries, ages, spending profile)
- when they'll be near you, hour by hour, on game day
- a Facebook/Instagram ad you can launch before kickoff— copy, audience, budget
- a day-of plan: when to staff up, what to stock, what to price up
- the single move with the highest projected revenue for La Tusa Mx Barrio Antiguo

Worth taking a look? I can send over a quick La Tusa Mx Barrio Antiguo snapshot today with the key numbers and the clearest opportunity we see.

If it's useful, 15 minutes on Zoom and I'll show you how to deploy it.

Cheers,
Anthony","Hi La Tusa Mx Barrio Antiguo team,

There's a World Cup game 6.6 km from La Tusa Mx Barrio Antiguo, in less than 50 days, and 2× Estadio BBVA (110K) worth of fans coming to Monterrey.

We're CrowdReady - a group of data scientists building actionable reports for Monterrey businesses. We pulled the numbers for La Tusa Mx Barrio Antiguo specifically:

- who's coming (countries, ages, spending profile)
- when they'll be near you, hour by hour, on game day
- a Facebook/Instagram ad you can launch before kickoff— copy, audience, budget
- a day-of plan: when to staff up, what to stock, what to price up
- the single move with the highest projected revenue for La Tusa Mx Barrio Antiguo

Worth taking a look? I can send over a quick La Tusa Mx Barrio Antiguo snapshot today with the key numbers and the clearest opportunity we see.

If it's useful, 15 minutes on Zoom and I'll show you how to deploy it.

Cheers,
Jacob",
